[16-Nov-2025 06:00:28 UTC] PHP Fatal error:  Uncaught InvalidArgumentException: Unsupported driver [mongodb]. in C:\laragon\www\test\vendor\laravel\framework\src\Illuminate\Database\Connectors\ConnectionFactory.php:278
Stack trace:
#0 C:\laragon\www\test\vendor\laravel\framework\src\Illuminate\Database\Connectors\ConnectionFactory.php(75): Illuminate\Database\Connectors\ConnectionFactory->createConnection('mongodb', Object(Closure), 'starbooksWhizbe...', '', Array)
#1 C:\laragon\www\test\vendor\laravel\framework\src\Illuminate\Database\Connectors\ConnectionFactory.php(50): Illuminate\Database\Connectors\ConnectionFactory->createSingleConnection(Array)
#2 C:\laragon\www\test\vendor\laravel\framework\src\Illuminate\Database\DatabaseManager.php(203): Illuminate\Database\Connectors\ConnectionFactory->make(Array, 'mongodb')
#3 C:\laragon\www\test\vendor\laravel\framework\src\Illuminate\Database\DatabaseManager.php(102): Illuminate\Database\DatabaseManager->makeConnection('mongodb')
#4 C:\laragon\www\test\vendor\laravel\framework\src\Illuminate\Session\SessionManager.php(108): Illuminate\Database\DatabaseManager->connection('mongodb')
#5 C:\laragon\www\test\vendor\laravel\framework\src\Illuminate\Session\SessionManager.php(95): Illuminate\Session\SessionManager->getDatabaseConnection()
#6 C:\laragon\www\test\vendor\laravel\framework\src\Illuminate\Support\Manager.php(101): Illuminate\Session\SessionManager->createDatabaseDriver()
#7 C:\laragon\www\test\vendor\laravel\framework\src\Illuminate\Support\Manager.php(78): Illuminate\Support\Manager->createDriver('database')
#8 C:\laragon\www\test\vendor\laravel\framework\src\Illuminate\Session\SessionServiceProvider.php(52): Illuminate\Support\Manager->driver()
#9 C:\laragon\www\test\vendor\laravel\framework\src\Illuminate\Container\Container.php(1154): Illuminate\Session\SessionServiceProvider->Illuminate\Session\{closure}(Object(Illuminate\Foundation\Application), Array)
#10 C:\laragon\www\test\vendor\laravel\framework\src\Illuminate\Container\Container.php(972): Illuminate\Container\Container->build(Object(Closure))
#11 C:\laragon\www\test\vendor\laravel\framework\src\Illuminate\Foundation\Application.php(1078): Illuminate\Container\Container->resolve('session.store', Array, true)
#12 C:\laragon\www\test\vendor\laravel\framework\src\Illuminate\Container\Container.php(903): Illuminate\Foundation\Application->resolve('session.store', Array)
#13 C:\laragon\www\test\vendor\laravel\framework\src\Illuminate\Foundation\Application.php(1058): Illuminate\Container\Container->make('session.store', Array)
#14 C:\laragon\www\test\vendor\laravel\framework\src\Illuminate\Container\Container.php(1856): Illuminate\Foundation\Application->make('session.store')
#15 C:\laragon\www\test\vendor\laravel\framework\src\Illuminate\Routing\RoutingServiceProvider.php(121): Illuminate\Container\Container->offsetGet('session.store')
#16 C:\laragon\www\test\vendor\laravel\framework\src\Illuminate\Container\Container.php(1154): Illuminate\Routing\RoutingServiceProvider->Illuminate\Routing\{closure}(Object(Illuminate\Foundation\Application), Array)
#17 C:\laragon\www\test\vendor\laravel\framework\src\Illuminate\Container\Container.php(972): Illuminate\Container\Container->build(Object(Closure))
#18 C:\laragon\www\test\vendor\laravel\framework\src\Illuminate\Foundation\Application.php(1078): Illuminate\Container\Container->resolve('redirect', Array, true)
#19 C:\laragon\www\test\vendor\laravel\framework\src\Illuminate\Container\Container.php(903): Illuminate\Foundation\Application->resolve('redirect', Array)
#20 C:\laragon\www\test\vendor\laravel\framework\src\Illuminate\Foundation\Application.php(1058): Illuminate\Container\Container->make('redirect', Array)
#21 C:\laragon\www\test\vendor\laravel\framework\src\Illuminate\Container\Container.php(1856): Illuminate\Foundation\Application->make('redirect')
#22 C:\laragon\www\test\vendor\laravel\framework\src\Illuminate\Routing\RoutingServiceProvider.php(177): Illuminate\Container\Container->offsetGet('redirect')
#23 C:\laragon\www\test\vendor\laravel\framework\src\Illuminate\Container\Container.php(1154): Illuminate\Routing\RoutingServiceProvider->Illuminate\Routing\{closure}(Object(Illuminate\Foundation\Application), Array)
#24 C:\laragon\www\test\vendor\laravel\framework\src\Illuminate\Container\Container.php(972): Illuminate\Container\Container->build(Object(Closure))
#25 C:\laragon\www\test\vendor\laravel\framework\src\Illuminate\Foundation\Application.php(1078): Illuminate\Container\Container->resolve('Illuminate\\Cont...', Array, true)
#26 C:\laragon\www\test\vendor\laravel\framework\src\Illuminate\Container\Container.php(903): Illuminate\Foundation\Application->resolve('Illuminate\\Cont...', Array)
#27 C:\laragon\www\test\vendor\laravel\framework\src\Illuminate\Foundation\Application.php(1058): Illuminate\Container\Container->make('Illuminate\\Cont...', Array)
#28 C:\laragon\www\test\vendor\laravel\framework\src\Illuminate\Foundation\helpers.php(138): Illuminate\Foundation\Application->make('Illuminate\\Cont...', Array)
#29 C:\laragon\www\test\vendor\laravel\framework\src\Illuminate\Foundation\helpers.php(851): app('Illuminate\\Cont...')
#30 C:\laragon\www\test\vendor\laravel\framework\src\Illuminate\Foundation\Exceptions\Handler.php(987): response('<!DOCTYPE html>...', 500, Array)
#31 C:\laragon\www\test\vendor\laravel\framework\src\Illuminate\Foundation\Exceptions\Handler.php(839): Illuminate\Foundation\Exceptions\Handler->toIlluminateResponse(Object(Symfony\Component\HttpFoundation\Response), Object(InvalidArgumentException))
#32 C:\laragon\www\test\vendor\laravel\framework\src\Illuminate\Foundation\Exceptions\Handler.php(738): Illuminate\Foundation\Exceptions\Handler->prepareResponse(Object(Illuminate\Http\Request), Object(InvalidArgumentException))
#33 C:\laragon\www\test\vendor\laravel\framework\src\Illuminate\Foundation\Exceptions\Handler.php(626): Illuminate\Foundation\Exceptions\Handler->renderExceptionResponse(Object(Illuminate\Http\Request), Object(InvalidArgumentException))
#34 C:\laragon\www\test\vendor\laravel\framework\src\Illuminate\Foundation\Bootstrap\HandleExceptions.php(221): Illuminate\Foundation\Exceptions\Handler->render(Object(Illuminate\Http\Request), Object(InvalidArgumentException))
#35 C:\laragon\www\test\vendor\laravel\framework\src\Illuminate\Foundation\Bootstrap\HandleExceptions.php(198): Illuminate\Foundation\Bootstrap\HandleExceptions->renderHttpResponse(Object(InvalidArgumentException))
#36 C:\laragon\www\test\vendor\laravel\framework\src\Illuminate\Foundation\Bootstrap\HandleExceptions.php(258): Illuminate\Foundation\Bootstrap\HandleExceptions->handleException(Object(InvalidArgumentException))
#37 [internal function]: Illuminate\Foundation\Bootstrap\HandleExceptions->Illuminate\Foundation\Bootstrap\{closure}(Object(InvalidArgumentException))
#38 {main}
  thrown in C:\laragon\www\test\vendor\laravel\framework\src\Illuminate\Database\Connectors\ConnectionFactory.php on line 278
[16-Nov-2025 06:00:29 UTC] PHP Fatal error:  Uncaught InvalidArgumentException: Unsupported driver [mongodb]. in C:\laragon\www\test\vendor\laravel\framework\src\Illuminate\Database\Connectors\ConnectionFactory.php:278
Stack trace:
#0 C:\laragon\www\test\vendor\laravel\framework\src\Illuminate\Database\Connectors\ConnectionFactory.php(75): Illuminate\Database\Connectors\ConnectionFactory->createConnection('mongodb', Object(Closure), 'starbooksWhizbe...', '', Array)
#1 C:\laragon\www\test\vendor\laravel\framework\src\Illuminate\Database\Connectors\ConnectionFactory.php(50): Illuminate\Database\Connectors\ConnectionFactory->createSingleConnection(Array)
#2 C:\laragon\www\test\vendor\laravel\framework\src\Illuminate\Database\DatabaseManager.php(203): Illuminate\Database\Connectors\ConnectionFactory->make(Array, 'mongodb')
#3 C:\laragon\www\test\vendor\laravel\framework\src\Illuminate\Database\DatabaseManager.php(102): Illuminate\Database\DatabaseManager->makeConnection('mongodb')
#4 C:\laragon\www\test\vendor\laravel\framework\src\Illuminate\Session\SessionManager.php(108): Illuminate\Database\DatabaseManager->connection('mongodb')
#5 C:\laragon\www\test\vendor\laravel\framework\src\Illuminate\Session\SessionManager.php(95): Illuminate\Session\SessionManager->getDatabaseConnection()
#6 C:\laragon\www\test\vendor\laravel\framework\src\Illuminate\Support\Manager.php(101): Illuminate\Session\SessionManager->createDatabaseDriver()
#7 C:\laragon\www\test\vendor\laravel\framework\src\Illuminate\Support\Manager.php(78): Illuminate\Support\Manager->createDriver('database')
#8 C:\laragon\www\test\vendor\laravel\framework\src\Illuminate\Session\SessionServiceProvider.php(52): Illuminate\Support\Manager->driver()
#9 C:\laragon\www\test\vendor\laravel\framework\src\Illuminate\Container\Container.php(1154): Illuminate\Session\SessionServiceProvider->Illuminate\Session\{closure}(Object(Illuminate\Foundation\Application), Array)
#10 C:\laragon\www\test\vendor\laravel\framework\src\Illuminate\Container\Container.php(972): Illuminate\Container\Container->build(Object(Closure))
#11 C:\laragon\www\test\vendor\laravel\framework\src\Illuminate\Foundation\Application.php(1078): Illuminate\Container\Container->resolve('session.store', Array, true)
#12 C:\laragon\www\test\vendor\laravel\framework\src\Illuminate\Container\Container.php(903): Illuminate\Foundation\Application->resolve('session.store', Array)
#13 C:\laragon\www\test\vendor\laravel\framework\src\Illuminate\Foundation\Application.php(1058): Illuminate\Container\Container->make('session.store', Array)
#14 C:\laragon\www\test\vendor\laravel\framework\src\Illuminate\Container\Container.php(1856): Illuminate\Foundation\Application->make('session.store')
#15 C:\laragon\www\test\vendor\laravel\framework\src\Illuminate\Routing\RoutingServiceProvider.php(121): Illuminate\Container\Container->offsetGet('session.store')
#16 C:\laragon\www\test\vendor\laravel\framework\src\Illuminate\Container\Container.php(1154): Illuminate\Routing\RoutingServiceProvider->Illuminate\Routing\{closure}(Object(Illuminate\Foundation\Application), Array)
#17 C:\laragon\www\test\vendor\laravel\framework\src\Illuminate\Container\Container.php(972): Illuminate\Container\Container->build(Object(Closure))
#18 C:\laragon\www\test\vendor\laravel\framework\src\Illuminate\Foundation\Application.php(1078): Illuminate\Container\Container->resolve('redirect', Array, true)
#19 C:\laragon\www\test\vendor\laravel\framework\src\Illuminate\Container\Container.php(903): Illuminate\Foundation\Application->resolve('redirect', Array)
#20 C:\laragon\www\test\vendor\laravel\framework\src\Illuminate\Foundation\Application.php(1058): Illuminate\Container\Container->make('redirect', Array)
#21 C:\laragon\www\test\vendor\laravel\framework\src\Illuminate\Container\Container.php(1856): Illuminate\Foundation\Application->make('redirect')
#22 C:\laragon\www\test\vendor\laravel\framework\src\Illuminate\Routing\RoutingServiceProvider.php(177): Illuminate\Container\Container->offsetGet('redirect')
#23 C:\laragon\www\test\vendor\laravel\framework\src\Illuminate\Container\Container.php(1154): Illuminate\Routing\RoutingServiceProvider->Illuminate\Routing\{closure}(Object(Illuminate\Foundation\Application), Array)
#24 C:\laragon\www\test\vendor\laravel\framework\src\Illuminate\Container\Container.php(972): Illuminate\Container\Container->build(Object(Closure))
#25 C:\laragon\www\test\vendor\laravel\framework\src\Illuminate\Foundation\Application.php(1078): Illuminate\Container\Container->resolve('Illuminate\\Cont...', Array, true)
#26 C:\laragon\www\test\vendor\laravel\framework\src\Illuminate\Container\Container.php(903): Illuminate\Foundation\Application->resolve('Illuminate\\Cont...', Array)
#27 C:\laragon\www\test\vendor\laravel\framework\src\Illuminate\Foundation\Application.php(1058): Illuminate\Container\Container->make('Illuminate\\Cont...', Array)
#28 C:\laragon\www\test\vendor\laravel\framework\src\Illuminate\Foundation\helpers.php(138): Illuminate\Foundation\Application->make('Illuminate\\Cont...', Array)
#29 C:\laragon\www\test\vendor\laravel\framework\src\Illuminate\Foundation\helpers.php(851): app('Illuminate\\Cont...')
#30 C:\laragon\www\test\vendor\laravel\framework\src\Illuminate\Foundation\Exceptions\Handler.php(987): response('<!DOCTYPE html>...', 500, Array)
#31 C:\laragon\www\test\vendor\laravel\framework\src\Illuminate\Foundation\Exceptions\Handler.php(839): Illuminate\Foundation\Exceptions\Handler->toIlluminateResponse(Object(Symfony\Component\HttpFoundation\Response), Object(Symfony\Component\ErrorHandler\Error\FatalError))
#32 C:\laragon\www\test\vendor\laravel\framework\src\Illuminate\Foundation\Exceptions\Handler.php(738): Illuminate\Foundation\Exceptions\Handler->prepareResponse(Object(Illuminate\Http\Request), Object(Symfony\Component\ErrorHandler\Error\FatalError))
#33 C:\laragon\www\test\vendor\laravel\framework\src\Illuminate\Foundation\Exceptions\Handler.php(626): Illuminate\Foundation\Exceptions\Handler->renderExceptionResponse(Object(Illuminate\Http\Request), Object(Symfony\Component\ErrorHandler\Error\FatalError))
#34 C:\laragon\www\test\vendor\laravel\framework\src\Illuminate\Foundation\Bootstrap\HandleExceptions.php(221): Illuminate\Foundation\Exceptions\Handler->render(Object(Illuminate\Http\Request), Object(Symfony\Component\ErrorHandler\Error\FatalError))
#35 C:\laragon\www\test\vendor\laravel\framework\src\Illuminate\Foundation\Bootstrap\HandleExceptions.php(198): Illuminate\Foundation\Bootstrap\HandleExceptions->renderHttpResponse(Object(Symfony\Component\ErrorHandler\Error\FatalError))
#36 C:\laragon\www\test\vendor\laravel\framework\src\Illuminate\Foundation\Bootstrap\HandleExceptions.php(234): Illuminate\Foundation\Bootstrap\HandleExceptions->handleException(Object(Symfony\Component\ErrorHandler\Error\FatalError))
#37 C:\laragon\www\test\vendor\laravel\framework\src\Illuminate\Foundation\Bootstrap\HandleExceptions.php(258): Illuminate\Foundation\Bootstrap\HandleExceptions->handleShutdown()
#38 [internal function]: Illuminate\Foundation\Bootstrap\HandleExceptions->Illuminate\Foundation\Bootstrap\{closure}()
#39 {main}
  thrown in C:\laragon\www\test\vendor\laravel\framework\src\Illuminate\Database\Connectors\ConnectionFactory.php on line 278
[16-Nov-2025 06:00:46 UTC] PHP Fatal error:  Uncaught InvalidArgumentException: Unsupported driver [mongodb]. in C:\laragon\www\test\vendor\laravel\framework\src\Illuminate\Database\Connectors\ConnectionFactory.php:278
Stack trace:
#0 C:\laragon\www\test\vendor\laravel\framework\src\Illuminate\Database\Connectors\ConnectionFactory.php(75): Illuminate\Database\Connectors\ConnectionFactory->createConnection('mongodb', Object(Closure), 'starbooksWhizbe...', '', Array)
#1 C:\laragon\www\test\vendor\laravel\framework\src\Illuminate\Database\Connectors\ConnectionFactory.php(50): Illuminate\Database\Connectors\ConnectionFactory->createSingleConnection(Array)
#2 C:\laragon\www\test\vendor\laravel\framework\src\Illuminate\Database\DatabaseManager.php(203): Illuminate\Database\Connectors\ConnectionFactory->make(Array, 'mongodb')
#3 C:\laragon\www\test\vendor\laravel\framework\src\Illuminate\Database\DatabaseManager.php(102): Illuminate\Database\DatabaseManager->makeConnection('mongodb')
#4 C:\laragon\www\test\vendor\laravel\framework\src\Illuminate\Session\SessionManager.php(108): Illuminate\Database\DatabaseManager->connection('mongodb')
#5 C:\laragon\www\test\vendor\laravel\framework\src\Illuminate\Session\SessionManager.php(95): Illuminate\Session\SessionManager->getDatabaseConnection()
#6 C:\laragon\www\test\vendor\laravel\framework\src\Illuminate\Support\Manager.php(101): Illuminate\Session\SessionManager->createDatabaseDriver()
#7 C:\laragon\www\test\vendor\laravel\framework\src\Illuminate\Support\Manager.php(78): Illuminate\Support\Manager->createDriver('database')
#8 C:\laragon\www\test\vendor\laravel\framework\src\Illuminate\Session\SessionServiceProvider.php(52): Illuminate\Support\Manager->driver()
#9 C:\laragon\www\test\vendor\laravel\framework\src\Illuminate\Container\Container.php(1154): Illuminate\Session\SessionServiceProvider->Illuminate\Session\{closure}(Object(Illuminate\Foundation\Application), Array)
#10 C:\laragon\www\test\vendor\laravel\framework\src\Illuminate\Container\Container.php(972): Illuminate\Container\Container->build(Object(Closure))
#11 C:\laragon\www\test\vendor\laravel\framework\src\Illuminate\Foundation\Application.php(1078): Illuminate\Container\Container->resolve('session.store', Array, true)
#12 C:\laragon\www\test\vendor\laravel\framework\src\Illuminate\Container\Container.php(903): Illuminate\Foundation\Application->resolve('session.store', Array)
#13 C:\laragon\www\test\vendor\laravel\framework\src\Illuminate\Foundation\Application.php(1058): Illuminate\Container\Container->make('session.store', Array)
#14 C:\laragon\www\test\vendor\laravel\framework\src\Illuminate\Container\Container.php(1856): Illuminate\Foundation\Application->make('session.store')
#15 C:\laragon\www\test\vendor\laravel\framework\src\Illuminate\Routing\RoutingServiceProvider.php(121): Illuminate\Container\Container->offsetGet('session.store')
#16 C:\laragon\www\test\vendor\laravel\framework\src\Illuminate\Container\Container.php(1154): Illuminate\Routing\RoutingServiceProvider->Illuminate\Routing\{closure}(Object(Illuminate\Foundation\Application), Array)
#17 C:\laragon\www\test\vendor\laravel\framework\src\Illuminate\Container\Container.php(972): Illuminate\Container\Container->build(Object(Closure))
#18 C:\laragon\www\test\vendor\laravel\framework\src\Illuminate\Foundation\Application.php(1078): Illuminate\Container\Container->resolve('redirect', Array, true)
#19 C:\laragon\www\test\vendor\laravel\framework\src\Illuminate\Container\Container.php(903): Illuminate\Foundation\Application->resolve('redirect', Array)
#20 C:\laragon\www\test\vendor\laravel\framework\src\Illuminate\Foundation\Application.php(1058): Illuminate\Container\Container->make('redirect', Array)
#21 C:\laragon\www\test\vendor\laravel\framework\src\Illuminate\Container\Container.php(1856): Illuminate\Foundation\Application->make('redirect')
#22 C:\laragon\www\test\vendor\laravel\framework\src\Illuminate\Routing\RoutingServiceProvider.php(177): Illuminate\Container\Container->offsetGet('redirect')
#23 C:\laragon\www\test\vendor\laravel\framework\src\Illuminate\Container\Container.php(1154): Illuminate\Routing\RoutingServiceProvider->Illuminate\Routing\{closure}(Object(Illuminate\Foundation\Application), Array)
#24 C:\laragon\www\test\vendor\laravel\framework\src\Illuminate\Container\Container.php(972): Illuminate\Container\Container->build(Object(Closure))
#25 C:\laragon\www\test\vendor\laravel\framework\src\Illuminate\Foundation\Application.php(1078): Illuminate\Container\Container->resolve('Illuminate\\Cont...', Array, true)
#26 C:\laragon\www\test\vendor\laravel\framework\src\Illuminate\Container\Container.php(903): Illuminate\Foundation\Application->resolve('Illuminate\\Cont...', Array)
#27 C:\laragon\www\test\vendor\laravel\framework\src\Illuminate\Foundation\Application.php(1058): Illuminate\Container\Container->make('Illuminate\\Cont...', Array)
#28 C:\laragon\www\test\vendor\laravel\framework\src\Illuminate\Foundation\helpers.php(138): Illuminate\Foundation\Application->make('Illuminate\\Cont...', Array)
#29 C:\laragon\www\test\vendor\laravel\framework\src\Illuminate\Foundation\helpers.php(851): app('Illuminate\\Cont...')
#30 C:\laragon\www\test\vendor\laravel\framework\src\Illuminate\Foundation\Exceptions\Handler.php(987): response('<!DOCTYPE html>...', 500, Array)
#31 C:\laragon\www\test\vendor\laravel\framework\src\Illuminate\Foundation\Exceptions\Handler.php(839): Illuminate\Foundation\Exceptions\Handler->toIlluminateResponse(Object(Symfony\Component\HttpFoundation\Response), Object(InvalidArgumentException))
#32 C:\laragon\www\test\vendor\laravel\framework\src\Illuminate\Foundation\Exceptions\Handler.php(738): Illuminate\Foundation\Exceptions\Handler->prepareResponse(Object(Illuminate\Http\Request), Object(InvalidArgumentException))
#33 C:\laragon\www\test\vendor\laravel\framework\src\Illuminate\Foundation\Exceptions\Handler.php(626): Illuminate\Foundation\Exceptions\Handler->renderExceptionResponse(Object(Illuminate\Http\Request), Object(InvalidArgumentException))
#34 C:\laragon\www\test\vendor\laravel\framework\src\Illuminate\Foundation\Bootstrap\HandleExceptions.php(221): Illuminate\Foundation\Exceptions\Handler->render(Object(Illuminate\Http\Request), Object(InvalidArgumentException))
#35 C:\laragon\www\test\vendor\laravel\framework\src\Illuminate\Foundation\Bootstrap\HandleExceptions.php(198): Illuminate\Foundation\Bootstrap\HandleExceptions->renderHttpResponse(Object(InvalidArgumentException))
#36 C:\laragon\www\test\vendor\laravel\framework\src\Illuminate\Foundation\Bootstrap\HandleExceptions.php(258): Illuminate\Foundation\Bootstrap\HandleExceptions->handleException(Object(InvalidArgumentException))
#37 [internal function]: Illuminate\Foundation\Bootstrap\HandleExceptions->Illuminate\Foundation\Bootstrap\{closure}(Object(InvalidArgumentException))
#38 {main}
  thrown in C:\laragon\www\test\vendor\laravel\framework\src\Illuminate\Database\Connectors\ConnectionFactory.php on line 278
[16-Nov-2025 06:00:47 UTC] PHP Fatal error:  Uncaught InvalidArgumentException: Unsupported driver [mongodb]. in C:\laragon\www\test\vendor\laravel\framework\src\Illuminate\Database\Connectors\ConnectionFactory.php:278
Stack trace:
#0 C:\laragon\www\test\vendor\laravel\framework\src\Illuminate\Database\Connectors\ConnectionFactory.php(75): Illuminate\Database\Connectors\ConnectionFactory->createConnection('mongodb', Object(Closure), 'starbooksWhizbe...', '', Array)
#1 C:\laragon\www\test\vendor\laravel\framework\src\Illuminate\Database\Connectors\ConnectionFactory.php(50): Illuminate\Database\Connectors\ConnectionFactory->createSingleConnection(Array)
#2 C:\laragon\www\test\vendor\laravel\framework\src\Illuminate\Database\DatabaseManager.php(203): Illuminate\Database\Connectors\ConnectionFactory->make(Array, 'mongodb')
#3 C:\laragon\www\test\vendor\laravel\framework\src\Illuminate\Database\DatabaseManager.php(102): Illuminate\Database\DatabaseManager->makeConnection('mongodb')
#4 C:\laragon\www\test\vendor\laravel\framework\src\Illuminate\Session\SessionManager.php(108): Illuminate\Database\DatabaseManager->connection('mongodb')
#5 C:\laragon\www\test\vendor\laravel\framework\src\Illuminate\Session\SessionManager.php(95): Illuminate\Session\SessionManager->getDatabaseConnection()
#6 C:\laragon\www\test\vendor\laravel\framework\src\Illuminate\Support\Manager.php(101): Illuminate\Session\SessionManager->createDatabaseDriver()
#7 C:\laragon\www\test\vendor\laravel\framework\src\Illuminate\Support\Manager.php(78): Illuminate\Support\Manager->createDriver('database')
#8 C:\laragon\www\test\vendor\laravel\framework\src\Illuminate\Session\SessionServiceProvider.php(52): Illuminate\Support\Manager->driver()
#9 C:\laragon\www\test\vendor\laravel\framework\src\Illuminate\Container\Container.php(1154): Illuminate\Session\SessionServiceProvider->Illuminate\Session\{closure}(Object(Illuminate\Foundation\Application), Array)
#10 C:\laragon\www\test\vendor\laravel\framework\src\Illuminate\Container\Container.php(972): Illuminate\Container\Container->build(Object(Closure))
#11 C:\laragon\www\test\vendor\laravel\framework\src\Illuminate\Foundation\Application.php(1078): Illuminate\Container\Container->resolve('session.store', Array, true)
#12 C:\laragon\www\test\vendor\laravel\framework\src\Illuminate\Container\Container.php(903): Illuminate\Foundation\Application->resolve('session.store', Array)
#13 C:\laragon\www\test\vendor\laravel\framework\src\Illuminate\Foundation\Application.php(1058): Illuminate\Container\Container->make('session.store', Array)
#14 C:\laragon\www\test\vendor\laravel\framework\src\Illuminate\Container\Container.php(1856): Illuminate\Foundation\Application->make('session.store')
#15 C:\laragon\www\test\vendor\laravel\framework\src\Illuminate\Routing\RoutingServiceProvider.php(121): Illuminate\Container\Container->offsetGet('session.store')
#16 C:\laragon\www\test\vendor\laravel\framework\src\Illuminate\Container\Container.php(1154): Illuminate\Routing\RoutingServiceProvider->Illuminate\Routing\{closure}(Object(Illuminate\Foundation\Application), Array)
#17 C:\laragon\www\test\vendor\laravel\framework\src\Illuminate\Container\Container.php(972): Illuminate\Container\Container->build(Object(Closure))
#18 C:\laragon\www\test\vendor\laravel\framework\src\Illuminate\Foundation\Application.php(1078): Illuminate\Container\Container->resolve('redirect', Array, true)
#19 C:\laragon\www\test\vendor\laravel\framework\src\Illuminate\Container\Container.php(903): Illuminate\Foundation\Application->resolve('redirect', Array)
#20 C:\laragon\www\test\vendor\laravel\framework\src\Illuminate\Foundation\Application.php(1058): Illuminate\Container\Container->make('redirect', Array)
#21 C:\laragon\www\test\vendor\laravel\framework\src\Illuminate\Container\Container.php(1856): Illuminate\Foundation\Application->make('redirect')
#22 C:\laragon\www\test\vendor\laravel\framework\src\Illuminate\Routing\RoutingServiceProvider.php(177): Illuminate\Container\Container->offsetGet('redirect')
#23 C:\laragon\www\test\vendor\laravel\framework\src\Illuminate\Container\Container.php(1154): Illuminate\Routing\RoutingServiceProvider->Illuminate\Routing\{closure}(Object(Illuminate\Foundation\Application), Array)
#24 C:\laragon\www\test\vendor\laravel\framework\src\Illuminate\Container\Container.php(972): Illuminate\Container\Container->build(Object(Closure))
#25 C:\laragon\www\test\vendor\laravel\framework\src\Illuminate\Foundation\Application.php(1078): Illuminate\Container\Container->resolve('Illuminate\\Cont...', Array, true)
#26 C:\laragon\www\test\vendor\laravel\framework\src\Illuminate\Container\Container.php(903): Illuminate\Foundation\Application->resolve('Illuminate\\Cont...', Array)
#27 C:\laragon\www\test\vendor\laravel\framework\src\Illuminate\Foundation\Application.php(1058): Illuminate\Container\Container->make('Illuminate\\Cont...', Array)
#28 C:\laragon\www\test\vendor\laravel\framework\src\Illuminate\Foundation\helpers.php(138): Illuminate\Foundation\Application->make('Illuminate\\Cont...', Array)
#29 C:\laragon\www\test\vendor\laravel\framework\src\Illuminate\Foundation\helpers.php(851): app('Illuminate\\Cont...')
#30 C:\laragon\www\test\vendor\laravel\framework\src\Illuminate\Foundation\Exceptions\Handler.php(987): response('<!DOCTYPE html>...', 500, Array)
#31 C:\laragon\www\test\vendor\laravel\framework\src\Illuminate\Foundation\Exceptions\Handler.php(839): Illuminate\Foundation\Exceptions\Handler->toIlluminateResponse(Object(Symfony\Component\HttpFoundation\Response), Object(Symfony\Component\ErrorHandler\Error\FatalError))
#32 C:\laragon\www\test\vendor\laravel\framework\src\Illuminate\Foundation\Exceptions\Handler.php(738): Illuminate\Foundation\Exceptions\Handler->prepareResponse(Object(Illuminate\Http\Request), Object(Symfony\Component\ErrorHandler\Error\FatalError))
#33 C:\laragon\www\test\vendor\laravel\framework\src\Illuminate\Foundation\Exceptions\Handler.php(626): Illuminate\Foundation\Exceptions\Handler->renderExceptionResponse(Object(Illuminate\Http\Request), Object(Symfony\Component\ErrorHandler\Error\FatalError))
#34 C:\laragon\www\test\vendor\laravel\framework\src\Illuminate\Foundation\Bootstrap\HandleExceptions.php(221): Illuminate\Foundation\Exceptions\Handler->render(Object(Illuminate\Http\Request), Object(Symfony\Component\ErrorHandler\Error\FatalError))
#35 C:\laragon\www\test\vendor\laravel\framework\src\Illuminate\Foundation\Bootstrap\HandleExceptions.php(198): Illuminate\Foundation\Bootstrap\HandleExceptions->renderHttpResponse(Object(Symfony\Component\ErrorHandler\Error\FatalError))
#36 C:\laragon\www\test\vendor\laravel\framework\src\Illuminate\Foundation\Bootstrap\HandleExceptions.php(234): Illuminate\Foundation\Bootstrap\HandleExceptions->handleException(Object(Symfony\Component\ErrorHandler\Error\FatalError))
#37 C:\laragon\www\test\vendor\laravel\framework\src\Illuminate\Foundation\Bootstrap\HandleExceptions.php(258): Illuminate\Foundation\Bootstrap\HandleExceptions->handleShutdown()
#38 [internal function]: Illuminate\Foundation\Bootstrap\HandleExceptions->Illuminate\Foundation\Bootstrap\{closure}()
#39 {main}
  thrown in C:\laragon\www\test\vendor\laravel\framework\src\Illuminate\Database\Connectors\ConnectionFactory.php on line 278
[16-Nov-2025 06:05:43 UTC] PHP Fatal error:  Uncaught InvalidArgumentException: Unsupported driver [mongodb]. in C:\laragon\www\test\vendor\laravel\framework\src\Illuminate\Database\Connectors\ConnectionFactory.php:278
Stack trace:
#0 C:\laragon\www\test\vendor\laravel\framework\src\Illuminate\Database\Connectors\ConnectionFactory.php(75): Illuminate\Database\Connectors\ConnectionFactory->createConnection('mongodb', Object(Closure), 'starbooksWhizbe...', '', Array)
#1 C:\laragon\www\test\vendor\laravel\framework\src\Illuminate\Database\Connectors\ConnectionFactory.php(50): Illuminate\Database\Connectors\ConnectionFactory->createSingleConnection(Array)
#2 C:\laragon\www\test\vendor\laravel\framework\src\Illuminate\Database\DatabaseManager.php(203): Illuminate\Database\Connectors\ConnectionFactory->make(Array, 'mongodb')
#3 C:\laragon\www\test\vendor\laravel\framework\src\Illuminate\Database\DatabaseManager.php(102): Illuminate\Database\DatabaseManager->makeConnection('mongodb')
#4 C:\laragon\www\test\vendor\laravel\framework\src\Illuminate\Session\SessionManager.php(108): Illuminate\Database\DatabaseManager->connection('mongodb')
#5 C:\laragon\www\test\vendor\laravel\framework\src\Illuminate\Session\SessionManager.php(95): Illuminate\Session\SessionManager->getDatabaseConnection()
#6 C:\laragon\www\test\vendor\laravel\framework\src\Illuminate\Support\Manager.php(101): Illuminate\Session\SessionManager->createDatabaseDriver()
#7 C:\laragon\www\test\vendor\laravel\framework\src\Illuminate\Support\Manager.php(78): Illuminate\Support\Manager->createDriver('database')
#8 C:\laragon\www\test\vendor\laravel\framework\src\Illuminate\Session\SessionServiceProvider.php(52): Illuminate\Support\Manager->driver()
#9 C:\laragon\www\test\vendor\laravel\framework\src\Illuminate\Container\Container.php(1154): Illuminate\Session\SessionServiceProvider->Illuminate\Session\{closure}(Object(Illuminate\Foundation\Application), Array)
#10 C:\laragon\www\test\vendor\laravel\framework\src\Illuminate\Container\Container.php(972): Illuminate\Container\Container->build(Object(Closure))
#11 C:\laragon\www\test\vendor\laravel\framework\src\Illuminate\Foundation\Application.php(1078): Illuminate\Container\Container->resolve('session.store', Array, true)
#12 C:\laragon\www\test\vendor\laravel\framework\src\Illuminate\Container\Container.php(903): Illuminate\Foundation\Application->resolve('session.store', Array)
#13 C:\laragon\www\test\vendor\laravel\framework\src\Illuminate\Foundation\Application.php(1058): Illuminate\Container\Container->make('session.store', Array)
#14 C:\laragon\www\test\vendor\laravel\framework\src\Illuminate\Container\Container.php(1856): Illuminate\Foundation\Application->make('session.store')
#15 C:\laragon\www\test\vendor\laravel\framework\src\Illuminate\Routing\RoutingServiceProvider.php(121): Illuminate\Container\Container->offsetGet('session.store')
#16 C:\laragon\www\test\vendor\laravel\framework\src\Illuminate\Container\Container.php(1154): Illuminate\Routing\RoutingServiceProvider->Illuminate\Routing\{closure}(Object(Illuminate\Foundation\Application), Array)
#17 C:\laragon\www\test\vendor\laravel\framework\src\Illuminate\Container\Container.php(972): Illuminate\Container\Container->build(Object(Closure))
#18 C:\laragon\www\test\vendor\laravel\framework\src\Illuminate\Foundation\Application.php(1078): Illuminate\Container\Container->resolve('redirect', Array, true)
#19 C:\laragon\www\test\vendor\laravel\framework\src\Illuminate\Container\Container.php(903): Illuminate\Foundation\Application->resolve('redirect', Array)
#20 C:\laragon\www\test\vendor\laravel\framework\src\Illuminate\Foundation\Application.php(1058): Illuminate\Container\Container->make('redirect', Array)
#21 C:\laragon\www\test\vendor\laravel\framework\src\Illuminate\Container\Container.php(1856): Illuminate\Foundation\Application->make('redirect')
#22 C:\laragon\www\test\vendor\laravel\framework\src\Illuminate\Routing\RoutingServiceProvider.php(177): Illuminate\Container\Container->offsetGet('redirect')
#23 C:\laragon\www\test\vendor\laravel\framework\src\Illuminate\Container\Container.php(1154): Illuminate\Routing\RoutingServiceProvider->Illuminate\Routing\{closure}(Object(Illuminate\Foundation\Application), Array)
#24 C:\laragon\www\test\vendor\laravel\framework\src\Illuminate\Container\Container.php(972): Illuminate\Container\Container->build(Object(Closure))
#25 C:\laragon\www\test\vendor\laravel\framework\src\Illuminate\Foundation\Application.php(1078): Illuminate\Container\Container->resolve('Illuminate\\Cont...', Array, true)
#26 C:\laragon\www\test\vendor\laravel\framework\src\Illuminate\Container\Container.php(903): Illuminate\Foundation\Application->resolve('Illuminate\\Cont...', Array)
#27 C:\laragon\www\test\vendor\laravel\framework\src\Illuminate\Foundation\Application.php(1058): Illuminate\Container\Container->make('Illuminate\\Cont...', Array)
#28 C:\laragon\www\test\vendor\laravel\framework\src\Illuminate\Foundation\helpers.php(138): Illuminate\Foundation\Application->make('Illuminate\\Cont...', Array)
#29 C:\laragon\www\test\vendor\laravel\framework\src\Illuminate\Foundation\helpers.php(851): app('Illuminate\\Cont...')
#30 C:\laragon\www\test\vendor\laravel\framework\src\Illuminate\Foundation\Exceptions\Handler.php(987): response('<!DOCTYPE html>...', 500, Array)
#31 C:\laragon\www\test\vendor\laravel\framework\src\Illuminate\Foundation\Exceptions\Handler.php(839): Illuminate\Foundation\Exceptions\Handler->toIlluminateResponse(Object(Symfony\Component\HttpFoundation\Response), Object(InvalidArgumentException))
#32 C:\laragon\www\test\vendor\laravel\framework\src\Illuminate\Foundation\Exceptions\Handler.php(738): Illuminate\Foundation\Exceptions\Handler->prepareResponse(Object(Illuminate\Http\Request), Object(InvalidArgumentException))
#33 C:\laragon\www\test\vendor\laravel\framework\src\Illuminate\Foundation\Exceptions\Handler.php(626): Illuminate\Foundation\Exceptions\Handler->renderExceptionResponse(Object(Illuminate\Http\Request), Object(InvalidArgumentException))
#34 C:\laragon\www\test\vendor\laravel\framework\src\Illuminate\Foundation\Bootstrap\HandleExceptions.php(221): Illuminate\Foundation\Exceptions\Handler->render(Object(Illuminate\Http\Request), Object(InvalidArgumentException))
#35 C:\laragon\www\test\vendor\laravel\framework\src\Illuminate\Foundation\Bootstrap\HandleExceptions.php(198): Illuminate\Foundation\Bootstrap\HandleExceptions->renderHttpResponse(Object(InvalidArgumentException))
#36 C:\laragon\www\test\vendor\laravel\framework\src\Illuminate\Foundation\Bootstrap\HandleExceptions.php(258): Illuminate\Foundation\Bootstrap\HandleExceptions->handleException(Object(InvalidArgumentException))
#37 [internal function]: Illuminate\Foundation\Bootstrap\HandleExceptions->Illuminate\Foundation\Bootstrap\{closure}(Object(InvalidArgumentException))
#38 {main}
  thrown in C:\laragon\www\test\vendor\laravel\framework\src\Illuminate\Database\Connectors\ConnectionFactory.php on line 278
[16-Nov-2025 06:05:43 UTC] PHP Fatal error:  Uncaught InvalidArgumentException: Unsupported driver [mongodb]. in C:\laragon\www\test\vendor\laravel\framework\src\Illuminate\Database\Connectors\ConnectionFactory.php:278
Stack trace:
#0 C:\laragon\www\test\vendor\laravel\framework\src\Illuminate\Database\Connectors\ConnectionFactory.php(75): Illuminate\Database\Connectors\ConnectionFactory->createConnection('mongodb', Object(Closure), 'starbooksWhizbe...', '', Array)
#1 C:\laragon\www\test\vendor\laravel\framework\src\Illuminate\Database\Connectors\ConnectionFactory.php(50): Illuminate\Database\Connectors\ConnectionFactory->createSingleConnection(Array)
#2 C:\laragon\www\test\vendor\laravel\framework\src\Illuminate\Database\DatabaseManager.php(203): Illuminate\Database\Connectors\ConnectionFactory->make(Array, 'mongodb')
#3 C:\laragon\www\test\vendor\laravel\framework\src\Illuminate\Database\DatabaseManager.php(102): Illuminate\Database\DatabaseManager->makeConnection('mongodb')
#4 C:\laragon\www\test\vendor\laravel\framework\src\Illuminate\Session\SessionManager.php(108): Illuminate\Database\DatabaseManager->connection('mongodb')
#5 C:\laragon\www\test\vendor\laravel\framework\src\Illuminate\Session\SessionManager.php(95): Illuminate\Session\SessionManager->getDatabaseConnection()
#6 C:\laragon\www\test\vendor\laravel\framework\src\Illuminate\Support\Manager.php(101): Illuminate\Session\SessionManager->createDatabaseDriver()
#7 C:\laragon\www\test\vendor\laravel\framework\src\Illuminate\Support\Manager.php(78): Illuminate\Support\Manager->createDriver('database')
#8 C:\laragon\www\test\vendor\laravel\framework\src\Illuminate\Session\SessionServiceProvider.php(52): Illuminate\Support\Manager->driver()
#9 C:\laragon\www\test\vendor\laravel\framework\src\Illuminate\Container\Container.php(1154): Illuminate\Session\SessionServiceProvider->Illuminate\Session\{closure}(Object(Illuminate\Foundation\Application), Array)
#10 C:\laragon\www\test\vendor\laravel\framework\src\Illuminate\Container\Container.php(972): Illuminate\Container\Container->build(Object(Closure))
#11 C:\laragon\www\test\vendor\laravel\framework\src\Illuminate\Foundation\Application.php(1078): Illuminate\Container\Container->resolve('session.store', Array, true)
#12 C:\laragon\www\test\vendor\laravel\framework\src\Illuminate\Container\Container.php(903): Illuminate\Foundation\Application->resolve('session.store', Array)
#13 C:\laragon\www\test\vendor\laravel\framework\src\Illuminate\Foundation\Application.php(1058): Illuminate\Container\Container->make('session.store', Array)
#14 C:\laragon\www\test\vendor\laravel\framework\src\Illuminate\Container\Container.php(1856): Illuminate\Foundation\Application->make('session.store')
#15 C:\laragon\www\test\vendor\laravel\framework\src\Illuminate\Routing\RoutingServiceProvider.php(121): Illuminate\Container\Container->offsetGet('session.store')
#16 C:\laragon\www\test\vendor\laravel\framework\src\Illuminate\Container\Container.php(1154): Illuminate\Routing\RoutingServiceProvider->Illuminate\Routing\{closure}(Object(Illuminate\Foundation\Application), Array)
#17 C:\laragon\www\test\vendor\laravel\framework\src\Illuminate\Container\Container.php(972): Illuminate\Container\Container->build(Object(Closure))
#18 C:\laragon\www\test\vendor\laravel\framework\src\Illuminate\Foundation\Application.php(1078): Illuminate\Container\Container->resolve('redirect', Array, true)
#19 C:\laragon\www\test\vendor\laravel\framework\src\Illuminate\Container\Container.php(903): Illuminate\Foundation\Application->resolve('redirect', Array)
#20 C:\laragon\www\test\vendor\laravel\framework\src\Illuminate\Foundation\Application.php(1058): Illuminate\Container\Container->make('redirect', Array)
#21 C:\laragon\www\test\vendor\laravel\framework\src\Illuminate\Container\Container.php(1856): Illuminate\Foundation\Application->make('redirect')
#22 C:\laragon\www\test\vendor\laravel\framework\src\Illuminate\Routing\RoutingServiceProvider.php(177): Illuminate\Container\Container->offsetGet('redirect')
#23 C:\laragon\www\test\vendor\laravel\framework\src\Illuminate\Container\Container.php(1154): Illuminate\Routing\RoutingServiceProvider->Illuminate\Routing\{closure}(Object(Illuminate\Foundation\Application), Array)
#24 C:\laragon\www\test\vendor\laravel\framework\src\Illuminate\Container\Container.php(972): Illuminate\Container\Container->build(Object(Closure))
#25 C:\laragon\www\test\vendor\laravel\framework\src\Illuminate\Foundation\Application.php(1078): Illuminate\Container\Container->resolve('Illuminate\\Cont...', Array, true)
#26 C:\laragon\www\test\vendor\laravel\framework\src\Illuminate\Container\Container.php(903): Illuminate\Foundation\Application->resolve('Illuminate\\Cont...', Array)
#27 C:\laragon\www\test\vendor\laravel\framework\src\Illuminate\Foundation\Application.php(1058): Illuminate\Container\Container->make('Illuminate\\Cont...', Array)
#28 C:\laragon\www\test\vendor\laravel\framework\src\Illuminate\Foundation\helpers.php(138): Illuminate\Foundation\Application->make('Illuminate\\Cont...', Array)
#29 C:\laragon\www\test\vendor\laravel\framework\src\Illuminate\Foundation\helpers.php(851): app('Illuminate\\Cont...')
#30 C:\laragon\www\test\vendor\laravel\framework\src\Illuminate\Foundation\Exceptions\Handler.php(987): response('<!DOCTYPE html>...', 500, Array)
#31 C:\laragon\www\test\vendor\laravel\framework\src\Illuminate\Foundation\Exceptions\Handler.php(839): Illuminate\Foundation\Exceptions\Handler->toIlluminateResponse(Object(Symfony\Component\HttpFoundation\Response), Object(Symfony\Component\ErrorHandler\Error\FatalError))
#32 C:\laragon\www\test\vendor\laravel\framework\src\Illuminate\Foundation\Exceptions\Handler.php(738): Illuminate\Foundation\Exceptions\Handler->prepareResponse(Object(Illuminate\Http\Request), Object(Symfony\Component\ErrorHandler\Error\FatalError))
#33 C:\laragon\www\test\vendor\laravel\framework\src\Illuminate\Foundation\Exceptions\Handler.php(626): Illuminate\Foundation\Exceptions\Handler->renderExceptionResponse(Object(Illuminate\Http\Request), Object(Symfony\Component\ErrorHandler\Error\FatalError))
#34 C:\laragon\www\test\vendor\laravel\framework\src\Illuminate\Foundation\Bootstrap\HandleExceptions.php(221): Illuminate\Foundation\Exceptions\Handler->render(Object(Illuminate\Http\Request), Object(Symfony\Component\ErrorHandler\Error\FatalError))
#35 C:\laragon\www\test\vendor\laravel\framework\src\Illuminate\Foundation\Bootstrap\HandleExceptions.php(198): Illuminate\Foundation\Bootstrap\HandleExceptions->renderHttpResponse(Object(Symfony\Component\ErrorHandler\Error\FatalError))
#36 C:\laragon\www\test\vendor\laravel\framework\src\Illuminate\Foundation\Bootstrap\HandleExceptions.php(234): Illuminate\Foundation\Bootstrap\HandleExceptions->handleException(Object(Symfony\Component\ErrorHandler\Error\FatalError))
#37 C:\laragon\www\test\vendor\laravel\framework\src\Illuminate\Foundation\Bootstrap\HandleExceptions.php(258): Illuminate\Foundation\Bootstrap\HandleExceptions->handleShutdown()
#38 [internal function]: Illuminate\Foundation\Bootstrap\HandleExceptions->Illuminate\Foundation\Bootstrap\{closure}()
#39 {main}
  thrown in C:\laragon\www\test\vendor\laravel\framework\src\Illuminate\Database\Connectors\ConnectionFactory.php on line 278
[16-Nov-2025 06:07:16 UTC] PHP Fatal error:  Uncaught InvalidArgumentException: Unsupported driver [mongodb]. in C:\laragon\www\test\vendor\laravel\framework\src\Illuminate\Database\Connectors\ConnectionFactory.php:278
Stack trace:
#0 C:\laragon\www\test\vendor\laravel\framework\src\Illuminate\Database\Connectors\ConnectionFactory.php(75): Illuminate\Database\Connectors\ConnectionFactory->createConnection('mongodb', Object(Closure), 'starbooksWhizbe...', '', Array)
#1 C:\laragon\www\test\vendor\laravel\framework\src\Illuminate\Database\Connectors\ConnectionFactory.php(50): Illuminate\Database\Connectors\ConnectionFactory->createSingleConnection(Array)
#2 C:\laragon\www\test\vendor\laravel\framework\src\Illuminate\Database\DatabaseManager.php(203): Illuminate\Database\Connectors\ConnectionFactory->make(Array, 'mongodb')
#3 C:\laragon\www\test\vendor\laravel\framework\src\Illuminate\Database\DatabaseManager.php(102): Illuminate\Database\DatabaseManager->makeConnection('mongodb')
#4 C:\laragon\www\test\vendor\laravel\framework\src\Illuminate\Session\SessionManager.php(108): Illuminate\Database\DatabaseManager->connection('mongodb')
#5 C:\laragon\www\test\vendor\laravel\framework\src\Illuminate\Session\SessionManager.php(95): Illuminate\Session\SessionManager->getDatabaseConnection()
#6 C:\laragon\www\test\vendor\laravel\framework\src\Illuminate\Support\Manager.php(101): Illuminate\Session\SessionManager->createDatabaseDriver()
#7 C:\laragon\www\test\vendor\laravel\framework\src\Illuminate\Support\Manager.php(78): Illuminate\Support\Manager->createDriver('database')
#8 C:\laragon\www\test\vendor\laravel\framework\src\Illuminate\Session\SessionServiceProvider.php(52): Illuminate\Support\Manager->driver()
#9 C:\laragon\www\test\vendor\laravel\framework\src\Illuminate\Container\Container.php(1154): Illuminate\Session\SessionServiceProvider->Illuminate\Session\{closure}(Object(Illuminate\Foundation\Application), Array)
#10 C:\laragon\www\test\vendor\laravel\framework\src\Illuminate\Container\Container.php(972): Illuminate\Container\Container->build(Object(Closure))
#11 C:\laragon\www\test\vendor\laravel\framework\src\Illuminate\Foundation\Application.php(1078): Illuminate\Container\Container->resolve('session.store', Array, true)
#12 C:\laragon\www\test\vendor\laravel\framework\src\Illuminate\Container\Container.php(903): Illuminate\Foundation\Application->resolve('session.store', Array)
#13 C:\laragon\www\test\vendor\laravel\framework\src\Illuminate\Foundation\Application.php(1058): Illuminate\Container\Container->make('session.store', Array)
#14 C:\laragon\www\test\vendor\laravel\framework\src\Illuminate\Container\Container.php(1856): Illuminate\Foundation\Application->make('session.store')
#15 C:\laragon\www\test\vendor\laravel\framework\src\Illuminate\Routing\RoutingServiceProvider.php(121): Illuminate\Container\Container->offsetGet('session.store')
#16 C:\laragon\www\test\vendor\laravel\framework\src\Illuminate\Container\Container.php(1154): Illuminate\Routing\RoutingServiceProvider->Illuminate\Routing\{closure}(Object(Illuminate\Foundation\Application), Array)
#17 C:\laragon\www\test\vendor\laravel\framework\src\Illuminate\Container\Container.php(972): Illuminate\Container\Container->build(Object(Closure))
#18 C:\laragon\www\test\vendor\laravel\framework\src\Illuminate\Foundation\Application.php(1078): Illuminate\Container\Container->resolve('redirect', Array, true)
#19 C:\laragon\www\test\vendor\laravel\framework\src\Illuminate\Container\Container.php(903): Illuminate\Foundation\Application->resolve('redirect', Array)
#20 C:\laragon\www\test\vendor\laravel\framework\src\Illuminate\Foundation\Application.php(1058): Illuminate\Container\Container->make('redirect', Array)
#21 C:\laragon\www\test\vendor\laravel\framework\src\Illuminate\Container\Container.php(1856): Illuminate\Foundation\Application->make('redirect')
#22 C:\laragon\www\test\vendor\laravel\framework\src\Illuminate\Routing\RoutingServiceProvider.php(177): Illuminate\Container\Container->offsetGet('redirect')
#23 C:\laragon\www\test\vendor\laravel\framework\src\Illuminate\Container\Container.php(1154): Illuminate\Routing\RoutingServiceProvider->Illuminate\Routing\{closure}(Object(Illuminate\Foundation\Application), Array)
#24 C:\laragon\www\test\vendor\laravel\framework\src\Illuminate\Container\Container.php(972): Illuminate\Container\Container->build(Object(Closure))
#25 C:\laragon\www\test\vendor\laravel\framework\src\Illuminate\Foundation\Application.php(1078): Illuminate\Container\Container->resolve('Illuminate\\Cont...', Array, true)
#26 C:\laragon\www\test\vendor\laravel\framework\src\Illuminate\Container\Container.php(903): Illuminate\Foundation\Application->resolve('Illuminate\\Cont...', Array)
#27 C:\laragon\www\test\vendor\laravel\framework\src\Illuminate\Foundation\Application.php(1058): Illuminate\Container\Container->make('Illuminate\\Cont...', Array)
#28 C:\laragon\www\test\vendor\laravel\framework\src\Illuminate\Foundation\helpers.php(138): Illuminate\Foundation\Application->make('Illuminate\\Cont...', Array)
#29 C:\laragon\www\test\vendor\laravel\framework\src\Illuminate\Foundation\helpers.php(851): app('Illuminate\\Cont...')
#30 C:\laragon\www\test\vendor\laravel\framework\src\Illuminate\Foundation\Exceptions\Handler.php(987): response('<!DOCTYPE html>...', 500, Array)
#31 C:\laragon\www\test\vendor\laravel\framework\src\Illuminate\Foundation\Exceptions\Handler.php(839): Illuminate\Foundation\Exceptions\Handler->toIlluminateResponse(Object(Symfony\Component\HttpFoundation\Response), Object(InvalidArgumentException))
#32 C:\laragon\www\test\vendor\laravel\framework\src\Illuminate\Foundation\Exceptions\Handler.php(738): Illuminate\Foundation\Exceptions\Handler->prepareResponse(Object(Illuminate\Http\Request), Object(InvalidArgumentException))
#33 C:\laragon\www\test\vendor\laravel\framework\src\Illuminate\Foundation\Exceptions\Handler.php(626): Illuminate\Foundation\Exceptions\Handler->renderExceptionResponse(Object(Illuminate\Http\Request), Object(InvalidArgumentException))
#34 C:\laragon\www\test\vendor\laravel\framework\src\Illuminate\Foundation\Bootstrap\HandleExceptions.php(221): Illuminate\Foundation\Exceptions\Handler->render(Object(Illuminate\Http\Request), Object(InvalidArgumentException))
#35 C:\laragon\www\test\vendor\laravel\framework\src\Illuminate\Foundation\Bootstrap\HandleExceptions.php(198): Illuminate\Foundation\Bootstrap\HandleExceptions->renderHttpResponse(Object(InvalidArgumentException))
#36 C:\laragon\www\test\vendor\laravel\framework\src\Illuminate\Foundation\Bootstrap\HandleExceptions.php(258): Illuminate\Foundation\Bootstrap\HandleExceptions->handleException(Object(InvalidArgumentException))
#37 [internal function]: Illuminate\Foundation\Bootstrap\HandleExceptions->Illuminate\Foundation\Bootstrap\{closure}(Object(InvalidArgumentException))
#38 {main}
  thrown in C:\laragon\www\test\vendor\laravel\framework\src\Illuminate\Database\Connectors\ConnectionFactory.php on line 278
[16-Nov-2025 06:07:16 UTC] PHP Fatal error:  Uncaught InvalidArgumentException: Unsupported driver [mongodb]. in C:\laragon\www\test\vendor\laravel\framework\src\Illuminate\Database\Connectors\ConnectionFactory.php:278
Stack trace:
#0 C:\laragon\www\test\vendor\laravel\framework\src\Illuminate\Database\Connectors\ConnectionFactory.php(75): Illuminate\Database\Connectors\ConnectionFactory->createConnection('mongodb', Object(Closure), 'starbooksWhizbe...', '', Array)
#1 C:\laragon\www\test\vendor\laravel\framework\src\Illuminate\Database\Connectors\ConnectionFactory.php(50): Illuminate\Database\Connectors\ConnectionFactory->createSingleConnection(Array)
#2 C:\laragon\www\test\vendor\laravel\framework\src\Illuminate\Database\DatabaseManager.php(203): Illuminate\Database\Connectors\ConnectionFactory->make(Array, 'mongodb')
#3 C:\laragon\www\test\vendor\laravel\framework\src\Illuminate\Database\DatabaseManager.php(102): Illuminate\Database\DatabaseManager->makeConnection('mongodb')
#4 C:\laragon\www\test\vendor\laravel\framework\src\Illuminate\Session\SessionManager.php(108): Illuminate\Database\DatabaseManager->connection('mongodb')
#5 C:\laragon\www\test\vendor\laravel\framework\src\Illuminate\Session\SessionManager.php(95): Illuminate\Session\SessionManager->getDatabaseConnection()
#6 C:\laragon\www\test\vendor\laravel\framework\src\Illuminate\Support\Manager.php(101): Illuminate\Session\SessionManager->createDatabaseDriver()
#7 C:\laragon\www\test\vendor\laravel\framework\src\Illuminate\Support\Manager.php(78): Illuminate\Support\Manager->createDriver('database')
#8 C:\laragon\www\test\vendor\laravel\framework\src\Illuminate\Session\SessionServiceProvider.php(52): Illuminate\Support\Manager->driver()
#9 C:\laragon\www\test\vendor\laravel\framework\src\Illuminate\Container\Container.php(1154): Illuminate\Session\SessionServiceProvider->Illuminate\Session\{closure}(Object(Illuminate\Foundation\Application), Array)
#10 C:\laragon\www\test\vendor\laravel\framework\src\Illuminate\Container\Container.php(972): Illuminate\Container\Container->build(Object(Closure))
#11 C:\laragon\www\test\vendor\laravel\framework\src\Illuminate\Foundation\Application.php(1078): Illuminate\Container\Container->resolve('session.store', Array, true)
#12 C:\laragon\www\test\vendor\laravel\framework\src\Illuminate\Container\Container.php(903): Illuminate\Foundation\Application->resolve('session.store', Array)
#13 C:\laragon\www\test\vendor\laravel\framework\src\Illuminate\Foundation\Application.php(1058): Illuminate\Container\Container->make('session.store', Array)
#14 C:\laragon\www\test\vendor\laravel\framework\src\Illuminate\Container\Container.php(1856): Illuminate\Foundation\Application->make('session.store')
#15 C:\laragon\www\test\vendor\laravel\framework\src\Illuminate\Routing\RoutingServiceProvider.php(121): Illuminate\Container\Container->offsetGet('session.store')
#16 C:\laragon\www\test\vendor\laravel\framework\src\Illuminate\Container\Container.php(1154): Illuminate\Routing\RoutingServiceProvider->Illuminate\Routing\{closure}(Object(Illuminate\Foundation\Application), Array)
#17 C:\laragon\www\test\vendor\laravel\framework\src\Illuminate\Container\Container.php(972): Illuminate\Container\Container->build(Object(Closure))
#18 C:\laragon\www\test\vendor\laravel\framework\src\Illuminate\Foundation\Application.php(1078): Illuminate\Container\Container->resolve('redirect', Array, true)
#19 C:\laragon\www\test\vendor\laravel\framework\src\Illuminate\Container\Container.php(903): Illuminate\Foundation\Application->resolve('redirect', Array)
#20 C:\laragon\www\test\vendor\laravel\framework\src\Illuminate\Foundation\Application.php(1058): Illuminate\Container\Container->make('redirect', Array)
#21 C:\laragon\www\test\vendor\laravel\framework\src\Illuminate\Container\Container.php(1856): Illuminate\Foundation\Application->make('redirect')
#22 C:\laragon\www\test\vendor\laravel\framework\src\Illuminate\Routing\RoutingServiceProvider.php(177): Illuminate\Container\Container->offsetGet('redirect')
#23 C:\laragon\www\test\vendor\laravel\framework\src\Illuminate\Container\Container.php(1154): Illuminate\Routing\RoutingServiceProvider->Illuminate\Routing\{closure}(Object(Illuminate\Foundation\Application), Array)
#24 C:\laragon\www\test\vendor\laravel\framework\src\Illuminate\Container\Container.php(972): Illuminate\Container\Container->build(Object(Closure))
#25 C:\laragon\www\test\vendor\laravel\framework\src\Illuminate\Foundation\Application.php(1078): Illuminate\Container\Container->resolve('Illuminate\\Cont...', Array, true)
#26 C:\laragon\www\test\vendor\laravel\framework\src\Illuminate\Container\Container.php(903): Illuminate\Foundation\Application->resolve('Illuminate\\Cont...', Array)
#27 C:\laragon\www\test\vendor\laravel\framework\src\Illuminate\Foundation\Application.php(1058): Illuminate\Container\Container->make('Illuminate\\Cont...', Array)
#28 C:\laragon\www\test\vendor\laravel\framework\src\Illuminate\Foundation\helpers.php(138): Illuminate\Foundation\Application->make('Illuminate\\Cont...', Array)
#29 C:\laragon\www\test\vendor\laravel\framework\src\Illuminate\Foundation\helpers.php(851): app('Illuminate\\Cont...')
#30 C:\laragon\www\test\vendor\laravel\framework\src\Illuminate\Foundation\Exceptions\Handler.php(987): response('<!DOCTYPE html>...', 500, Array)
#31 C:\laragon\www\test\vendor\laravel\framework\src\Illuminate\Foundation\Exceptions\Handler.php(839): Illuminate\Foundation\Exceptions\Handler->toIlluminateResponse(Object(Symfony\Component\HttpFoundation\Response), Object(Symfony\Component\ErrorHandler\Error\FatalError))
#32 C:\laragon\www\test\vendor\laravel\framework\src\Illuminate\Foundation\Exceptions\Handler.php(738): Illuminate\Foundation\Exceptions\Handler->prepareResponse(Object(Illuminate\Http\Request), Object(Symfony\Component\ErrorHandler\Error\FatalError))
#33 C:\laragon\www\test\vendor\laravel\framework\src\Illuminate\Foundation\Exceptions\Handler.php(626): Illuminate\Foundation\Exceptions\Handler->renderExceptionResponse(Object(Illuminate\Http\Request), Object(Symfony\Component\ErrorHandler\Error\FatalError))
#34 C:\laragon\www\test\vendor\laravel\framework\src\Illuminate\Foundation\Bootstrap\HandleExceptions.php(221): Illuminate\Foundation\Exceptions\Handler->render(Object(Illuminate\Http\Request), Object(Symfony\Component\ErrorHandler\Error\FatalError))
#35 C:\laragon\www\test\vendor\laravel\framework\src\Illuminate\Foundation\Bootstrap\HandleExceptions.php(198): Illuminate\Foundation\Bootstrap\HandleExceptions->renderHttpResponse(Object(Symfony\Component\ErrorHandler\Error\FatalError))
#36 C:\laragon\www\test\vendor\laravel\framework\src\Illuminate\Foundation\Bootstrap\HandleExceptions.php(234): Illuminate\Foundation\Bootstrap\HandleExceptions->handleException(Object(Symfony\Component\ErrorHandler\Error\FatalError))
#37 C:\laragon\www\test\vendor\laravel\framework\src\Illuminate\Foundation\Bootstrap\HandleExceptions.php(258): Illuminate\Foundation\Bootstrap\HandleExceptions->handleShutdown()
#38 [internal function]: Illuminate\Foundation\Bootstrap\HandleExceptions->Illuminate\Foundation\Bootstrap\{closure}()
#39 {main}
  thrown in C:\laragon\www\test\vendor\laravel\framework\src\Illuminate\Database\Connectors\ConnectionFactory.php on line 278
[16-Nov-2025 06:08:45 UTC] PHP Fatal error:  Uncaught InvalidArgumentException: Unsupported driver [mongodb]. in C:\laragon\www\test\vendor\laravel\framework\src\Illuminate\Database\Connectors\ConnectionFactory.php:278
Stack trace:
#0 C:\laragon\www\test\vendor\laravel\framework\src\Illuminate\Database\Connectors\ConnectionFactory.php(75): Illuminate\Database\Connectors\ConnectionFactory->createConnection('mongodb', Object(Closure), 'starbooksWhizbe...', '', Array)
#1 C:\laragon\www\test\vendor\laravel\framework\src\Illuminate\Database\Connectors\ConnectionFactory.php(50): Illuminate\Database\Connectors\ConnectionFactory->createSingleConnection(Array)
#2 C:\laragon\www\test\vendor\laravel\framework\src\Illuminate\Database\DatabaseManager.php(203): Illuminate\Database\Connectors\ConnectionFactory->make(Array, 'mongodb')
#3 C:\laragon\www\test\vendor\laravel\framework\src\Illuminate\Database\DatabaseManager.php(102): Illuminate\Database\DatabaseManager->makeConnection('mongodb')
#4 C:\laragon\www\test\vendor\laravel\framework\src\Illuminate\Session\SessionManager.php(108): Illuminate\Database\DatabaseManager->connection('mongodb')
#5 C:\laragon\www\test\vendor\laravel\framework\src\Illuminate\Session\SessionManager.php(95): Illuminate\Session\SessionManager->getDatabaseConnection()
#6 C:\laragon\www\test\vendor\laravel\framework\src\Illuminate\Support\Manager.php(101): Illuminate\Session\SessionManager->createDatabaseDriver()
#7 C:\laragon\www\test\vendor\laravel\framework\src\Illuminate\Support\Manager.php(78): Illuminate\Support\Manager->createDriver('database')
#8 C:\laragon\www\test\vendor\laravel\framework\src\Illuminate\Session\SessionServiceProvider.php(52): Illuminate\Support\Manager->driver()
#9 C:\laragon\www\test\vendor\laravel\framework\src\Illuminate\Container\Container.php(1154): Illuminate\Session\SessionServiceProvider->Illuminate\Session\{closure}(Object(Illuminate\Foundation\Application), Array)
#10 C:\laragon\www\test\vendor\laravel\framework\src\Illuminate\Container\Container.php(972): Illuminate\Container\Container->build(Object(Closure))
#11 C:\laragon\www\test\vendor\laravel\framework\src\Illuminate\Foundation\Application.php(1078): Illuminate\Container\Container->resolve('session.store', Array, true)
#12 C:\laragon\www\test\vendor\laravel\framework\src\Illuminate\Container\Container.php(903): Illuminate\Foundation\Application->resolve('session.store', Array)
#13 C:\laragon\www\test\vendor\laravel\framework\src\Illuminate\Foundation\Application.php(1058): Illuminate\Container\Container->make('session.store', Array)
#14 C:\laragon\www\test\vendor\laravel\framework\src\Illuminate\Container\Container.php(1856): Illuminate\Foundation\Application->make('session.store')
#15 C:\laragon\www\test\vendor\laravel\framework\src\Illuminate\Routing\RoutingServiceProvider.php(121): Illuminate\Container\Container->offsetGet('session.store')
#16 C:\laragon\www\test\vendor\laravel\framework\src\Illuminate\Container\Container.php(1154): Illuminate\Routing\RoutingServiceProvider->Illuminate\Routing\{closure}(Object(Illuminate\Foundation\Application), Array)
#17 C:\laragon\www\test\vendor\laravel\framework\src\Illuminate\Container\Container.php(972): Illuminate\Container\Container->build(Object(Closure))
#18 C:\laragon\www\test\vendor\laravel\framework\src\Illuminate\Foundation\Application.php(1078): Illuminate\Container\Container->resolve('redirect', Array, true)
#19 C:\laragon\www\test\vendor\laravel\framework\src\Illuminate\Container\Container.php(903): Illuminate\Foundation\Application->resolve('redirect', Array)
#20 C:\laragon\www\test\vendor\laravel\framework\src\Illuminate\Foundation\Application.php(1058): Illuminate\Container\Container->make('redirect', Array)
#21 C:\laragon\www\test\vendor\laravel\framework\src\Illuminate\Container\Container.php(1856): Illuminate\Foundation\Application->make('redirect')
#22 C:\laragon\www\test\vendor\laravel\framework\src\Illuminate\Routing\RoutingServiceProvider.php(177): Illuminate\Container\Container->offsetGet('redirect')
#23 C:\laragon\www\test\vendor\laravel\framework\src\Illuminate\Container\Container.php(1154): Illuminate\Routing\RoutingServiceProvider->Illuminate\Routing\{closure}(Object(Illuminate\Foundation\Application), Array)
#24 C:\laragon\www\test\vendor\laravel\framework\src\Illuminate\Container\Container.php(972): Illuminate\Container\Container->build(Object(Closure))
#25 C:\laragon\www\test\vendor\laravel\framework\src\Illuminate\Foundation\Application.php(1078): Illuminate\Container\Container->resolve('Illuminate\\Cont...', Array, true)
#26 C:\laragon\www\test\vendor\laravel\framework\src\Illuminate\Container\Container.php(903): Illuminate\Foundation\Application->resolve('Illuminate\\Cont...', Array)
#27 C:\laragon\www\test\vendor\laravel\framework\src\Illuminate\Foundation\Application.php(1058): Illuminate\Container\Container->make('Illuminate\\Cont...', Array)
#28 C:\laragon\www\test\vendor\laravel\framework\src\Illuminate\Foundation\helpers.php(138): Illuminate\Foundation\Application->make('Illuminate\\Cont...', Array)
#29 C:\laragon\www\test\vendor\laravel\framework\src\Illuminate\Foundation\helpers.php(851): app('Illuminate\\Cont...')
#30 C:\laragon\www\test\vendor\laravel\framework\src\Illuminate\Foundation\Exceptions\Handler.php(987): response('<!DOCTYPE html>...', 500, Array)
#31 C:\laragon\www\test\vendor\laravel\framework\src\Illuminate\Foundation\Exceptions\Handler.php(839): Illuminate\Foundation\Exceptions\Handler->toIlluminateResponse(Object(Symfony\Component\HttpFoundation\Response), Object(InvalidArgumentException))
#32 C:\laragon\www\test\vendor\laravel\framework\src\Illuminate\Foundation\Exceptions\Handler.php(738): Illuminate\Foundation\Exceptions\Handler->prepareResponse(Object(Illuminate\Http\Request), Object(InvalidArgumentException))
#33 C:\laragon\www\test\vendor\laravel\framework\src\Illuminate\Foundation\Exceptions\Handler.php(626): Illuminate\Foundation\Exceptions\Handler->renderExceptionResponse(Object(Illuminate\Http\Request), Object(InvalidArgumentException))
#34 C:\laragon\www\test\vendor\laravel\framework\src\Illuminate\Foundation\Bootstrap\HandleExceptions.php(221): Illuminate\Foundation\Exceptions\Handler->render(Object(Illuminate\Http\Request), Object(InvalidArgumentException))
#35 C:\laragon\www\test\vendor\laravel\framework\src\Illuminate\Foundation\Bootstrap\HandleExceptions.php(198): Illuminate\Foundation\Bootstrap\HandleExceptions->renderHttpResponse(Object(InvalidArgumentException))
#36 C:\laragon\www\test\vendor\laravel\framework\src\Illuminate\Foundation\Bootstrap\HandleExceptions.php(258): Illuminate\Foundation\Bootstrap\HandleExceptions->handleException(Object(InvalidArgumentException))
#37 [internal function]: Illuminate\Foundation\Bootstrap\HandleExceptions->Illuminate\Foundation\Bootstrap\{closure}(Object(InvalidArgumentException))
#38 {main}
  thrown in C:\laragon\www\test\vendor\laravel\framework\src\Illuminate\Database\Connectors\ConnectionFactory.php on line 278
[16-Nov-2025 06:08:45 UTC] PHP Fatal error:  Uncaught InvalidArgumentException: Unsupported driver [mongodb]. in C:\laragon\www\test\vendor\laravel\framework\src\Illuminate\Database\Connectors\ConnectionFactory.php:278
Stack trace:
#0 C:\laragon\www\test\vendor\laravel\framework\src\Illuminate\Database\Connectors\ConnectionFactory.php(75): Illuminate\Database\Connectors\ConnectionFactory->createConnection('mongodb', Object(Closure), 'starbooksWhizbe...', '', Array)
#1 C:\laragon\www\test\vendor\laravel\framework\src\Illuminate\Database\Connectors\ConnectionFactory.php(50): Illuminate\Database\Connectors\ConnectionFactory->createSingleConnection(Array)
#2 C:\laragon\www\test\vendor\laravel\framework\src\Illuminate\Database\DatabaseManager.php(203): Illuminate\Database\Connectors\ConnectionFactory->make(Array, 'mongodb')
#3 C:\laragon\www\test\vendor\laravel\framework\src\Illuminate\Database\DatabaseManager.php(102): Illuminate\Database\DatabaseManager->makeConnection('mongodb')
#4 C:\laragon\www\test\vendor\laravel\framework\src\Illuminate\Session\SessionManager.php(108): Illuminate\Database\DatabaseManager->connection('mongodb')
#5 C:\laragon\www\test\vendor\laravel\framework\src\Illuminate\Session\SessionManager.php(95): Illuminate\Session\SessionManager->getDatabaseConnection()
#6 C:\laragon\www\test\vendor\laravel\framework\src\Illuminate\Support\Manager.php(101): Illuminate\Session\SessionManager->createDatabaseDriver()
#7 C:\laragon\www\test\vendor\laravel\framework\src\Illuminate\Support\Manager.php(78): Illuminate\Support\Manager->createDriver('database')
#8 C:\laragon\www\test\vendor\laravel\framework\src\Illuminate\Session\SessionServiceProvider.php(52): Illuminate\Support\Manager->driver()
#9 C:\laragon\www\test\vendor\laravel\framework\src\Illuminate\Container\Container.php(1154): Illuminate\Session\SessionServiceProvider->Illuminate\Session\{closure}(Object(Illuminate\Foundation\Application), Array)
#10 C:\laragon\www\test\vendor\laravel\framework\src\Illuminate\Container\Container.php(972): Illuminate\Container\Container->build(Object(Closure))
#11 C:\laragon\www\test\vendor\laravel\framework\src\Illuminate\Foundation\Application.php(1078): Illuminate\Container\Container->resolve('session.store', Array, true)
#12 C:\laragon\www\test\vendor\laravel\framework\src\Illuminate\Container\Container.php(903): Illuminate\Foundation\Application->resolve('session.store', Array)
#13 C:\laragon\www\test\vendor\laravel\framework\src\Illuminate\Foundation\Application.php(1058): Illuminate\Container\Container->make('session.store', Array)
#14 C:\laragon\www\test\vendor\laravel\framework\src\Illuminate\Container\Container.php(1856): Illuminate\Foundation\Application->make('session.store')
#15 C:\laragon\www\test\vendor\laravel\framework\src\Illuminate\Routing\RoutingServiceProvider.php(121): Illuminate\Container\Container->offsetGet('session.store')
#16 C:\laragon\www\test\vendor\laravel\framework\src\Illuminate\Container\Container.php(1154): Illuminate\Routing\RoutingServiceProvider->Illuminate\Routing\{closure}(Object(Illuminate\Foundation\Application), Array)
#17 C:\laragon\www\test\vendor\laravel\framework\src\Illuminate\Container\Container.php(972): Illuminate\Container\Container->build(Object(Closure))
#18 C:\laragon\www\test\vendor\laravel\framework\src\Illuminate\Foundation\Application.php(1078): Illuminate\Container\Container->resolve('redirect', Array, true)
#19 C:\laragon\www\test\vendor\laravel\framework\src\Illuminate\Container\Container.php(903): Illuminate\Foundation\Application->resolve('redirect', Array)
#20 C:\laragon\www\test\vendor\laravel\framework\src\Illuminate\Foundation\Application.php(1058): Illuminate\Container\Container->make('redirect', Array)
#21 C:\laragon\www\test\vendor\laravel\framework\src\Illuminate\Container\Container.php(1856): Illuminate\Foundation\Application->make('redirect')
#22 C:\laragon\www\test\vendor\laravel\framework\src\Illuminate\Routing\RoutingServiceProvider.php(177): Illuminate\Container\Container->offsetGet('redirect')
#23 C:\laragon\www\test\vendor\laravel\framework\src\Illuminate\Container\Container.php(1154): Illuminate\Routing\RoutingServiceProvider->Illuminate\Routing\{closure}(Object(Illuminate\Foundation\Application), Array)
#24 C:\laragon\www\test\vendor\laravel\framework\src\Illuminate\Container\Container.php(972): Illuminate\Container\Container->build(Object(Closure))
#25 C:\laragon\www\test\vendor\laravel\framework\src\Illuminate\Foundation\Application.php(1078): Illuminate\Container\Container->resolve('Illuminate\\Cont...', Array, true)
#26 C:\laragon\www\test\vendor\laravel\framework\src\Illuminate\Container\Container.php(903): Illuminate\Foundation\Application->resolve('Illuminate\\Cont...', Array)
#27 C:\laragon\www\test\vendor\laravel\framework\src\Illuminate\Foundation\Application.php(1058): Illuminate\Container\Container->make('Illuminate\\Cont...', Array)
#28 C:\laragon\www\test\vendor\laravel\framework\src\Illuminate\Foundation\helpers.php(138): Illuminate\Foundation\Application->make('Illuminate\\Cont...', Array)
#29 C:\laragon\www\test\vendor\laravel\framework\src\Illuminate\Foundation\helpers.php(851): app('Illuminate\\Cont...')
#30 C:\laragon\www\test\vendor\laravel\framework\src\Illuminate\Foundation\Exceptions\Handler.php(987): response('<!DOCTYPE html>...', 500, Array)
#31 C:\laragon\www\test\vendor\laravel\framework\src\Illuminate\Foundation\Exceptions\Handler.php(839): Illuminate\Foundation\Exceptions\Handler->toIlluminateResponse(Object(Symfony\Component\HttpFoundation\Response), Object(Symfony\Component\ErrorHandler\Error\FatalError))
#32 C:\laragon\www\test\vendor\laravel\framework\src\Illuminate\Foundation\Exceptions\Handler.php(738): Illuminate\Foundation\Exceptions\Handler->prepareResponse(Object(Illuminate\Http\Request), Object(Symfony\Component\ErrorHandler\Error\FatalError))
#33 C:\laragon\www\test\vendor\laravel\framework\src\Illuminate\Foundation\Exceptions\Handler.php(626): Illuminate\Foundation\Exceptions\Handler->renderExceptionResponse(Object(Illuminate\Http\Request), Object(Symfony\Component\ErrorHandler\Error\FatalError))
#34 C:\laragon\www\test\vendor\laravel\framework\src\Illuminate\Foundation\Bootstrap\HandleExceptions.php(221): Illuminate\Foundation\Exceptions\Handler->render(Object(Illuminate\Http\Request), Object(Symfony\Component\ErrorHandler\Error\FatalError))
#35 C:\laragon\www\test\vendor\laravel\framework\src\Illuminate\Foundation\Bootstrap\HandleExceptions.php(198): Illuminate\Foundation\Bootstrap\HandleExceptions->renderHttpResponse(Object(Symfony\Component\ErrorHandler\Error\FatalError))
#36 C:\laragon\www\test\vendor\laravel\framework\src\Illuminate\Foundation\Bootstrap\HandleExceptions.php(234): Illuminate\Foundation\Bootstrap\HandleExceptions->handleException(Object(Symfony\Component\ErrorHandler\Error\FatalError))
#37 C:\laragon\www\test\vendor\laravel\framework\src\Illuminate\Foundation\Bootstrap\HandleExceptions.php(258): Illuminate\Foundation\Bootstrap\HandleExceptions->handleShutdown()
#38 [internal function]: Illuminate\Foundation\Bootstrap\HandleExceptions->Illuminate\Foundation\Bootstrap\{closure}()
#39 {main}
  thrown in C:\laragon\www\test\vendor\laravel\framework\src\Illuminate\Database\Connectors\ConnectionFactory.php on line 278
[16-Nov-2025 06:09:24 UTC] PHP Fatal error:  Uncaught InvalidArgumentException: Unsupported driver [mongodb]. in C:\laragon\www\test\vendor\laravel\framework\src\Illuminate\Database\Connectors\ConnectionFactory.php:278
Stack trace:
#0 C:\laragon\www\test\vendor\laravel\framework\src\Illuminate\Database\Connectors\ConnectionFactory.php(75): Illuminate\Database\Connectors\ConnectionFactory->createConnection('mongodb', Object(Closure), 'starbooksWhizbe...', '', Array)
#1 C:\laragon\www\test\vendor\laravel\framework\src\Illuminate\Database\Connectors\ConnectionFactory.php(50): Illuminate\Database\Connectors\ConnectionFactory->createSingleConnection(Array)
#2 C:\laragon\www\test\vendor\laravel\framework\src\Illuminate\Database\DatabaseManager.php(203): Illuminate\Database\Connectors\ConnectionFactory->make(Array, 'mongodb')
#3 C:\laragon\www\test\vendor\laravel\framework\src\Illuminate\Database\DatabaseManager.php(102): Illuminate\Database\DatabaseManager->makeConnection('mongodb')
#4 C:\laragon\www\test\vendor\laravel\framework\src\Illuminate\Session\SessionManager.php(108): Illuminate\Database\DatabaseManager->connection('mongodb')
#5 C:\laragon\www\test\vendor\laravel\framework\src\Illuminate\Session\SessionManager.php(95): Illuminate\Session\SessionManager->getDatabaseConnection()
#6 C:\laragon\www\test\vendor\laravel\framework\src\Illuminate\Support\Manager.php(101): Illuminate\Session\SessionManager->createDatabaseDriver()
#7 C:\laragon\www\test\vendor\laravel\framework\src\Illuminate\Support\Manager.php(78): Illuminate\Support\Manager->createDriver('database')
#8 C:\laragon\www\test\vendor\laravel\framework\src\Illuminate\Session\SessionServiceProvider.php(52): Illuminate\Support\Manager->driver()
#9 C:\laragon\www\test\vendor\laravel\framework\src\Illuminate\Container\Container.php(1154): Illuminate\Session\SessionServiceProvider->Illuminate\Session\{closure}(Object(Illuminate\Foundation\Application), Array)
#10 C:\laragon\www\test\vendor\laravel\framework\src\Illuminate\Container\Container.php(972): Illuminate\Container\Container->build(Object(Closure))
#11 C:\laragon\www\test\vendor\laravel\framework\src\Illuminate\Foundation\Application.php(1078): Illuminate\Container\Container->resolve('session.store', Array, true)
#12 C:\laragon\www\test\vendor\laravel\framework\src\Illuminate\Container\Container.php(903): Illuminate\Foundation\Application->resolve('session.store', Array)
#13 C:\laragon\www\test\vendor\laravel\framework\src\Illuminate\Foundation\Application.php(1058): Illuminate\Container\Container->make('session.store', Array)
#14 C:\laragon\www\test\vendor\laravel\framework\src\Illuminate\Container\Container.php(1856): Illuminate\Foundation\Application->make('session.store')
#15 C:\laragon\www\test\vendor\laravel\framework\src\Illuminate\Routing\RoutingServiceProvider.php(121): Illuminate\Container\Container->offsetGet('session.store')
#16 C:\laragon\www\test\vendor\laravel\framework\src\Illuminate\Container\Container.php(1154): Illuminate\Routing\RoutingServiceProvider->Illuminate\Routing\{closure}(Object(Illuminate\Foundation\Application), Array)
#17 C:\laragon\www\test\vendor\laravel\framework\src\Illuminate\Container\Container.php(972): Illuminate\Container\Container->build(Object(Closure))
#18 C:\laragon\www\test\vendor\laravel\framework\src\Illuminate\Foundation\Application.php(1078): Illuminate\Container\Container->resolve('redirect', Array, true)
#19 C:\laragon\www\test\vendor\laravel\framework\src\Illuminate\Container\Container.php(903): Illuminate\Foundation\Application->resolve('redirect', Array)
#20 C:\laragon\www\test\vendor\laravel\framework\src\Illuminate\Foundation\Application.php(1058): Illuminate\Container\Container->make('redirect', Array)
#21 C:\laragon\www\test\vendor\laravel\framework\src\Illuminate\Container\Container.php(1856): Illuminate\Foundation\Application->make('redirect')
#22 C:\laragon\www\test\vendor\laravel\framework\src\Illuminate\Routing\RoutingServiceProvider.php(177): Illuminate\Container\Container->offsetGet('redirect')
#23 C:\laragon\www\test\vendor\laravel\framework\src\Illuminate\Container\Container.php(1154): Illuminate\Routing\RoutingServiceProvider->Illuminate\Routing\{closure}(Object(Illuminate\Foundation\Application), Array)
#24 C:\laragon\www\test\vendor\laravel\framework\src\Illuminate\Container\Container.php(972): Illuminate\Container\Container->build(Object(Closure))
#25 C:\laragon\www\test\vendor\laravel\framework\src\Illuminate\Foundation\Application.php(1078): Illuminate\Container\Container->resolve('Illuminate\\Cont...', Array, true)
#26 C:\laragon\www\test\vendor\laravel\framework\src\Illuminate\Container\Container.php(903): Illuminate\Foundation\Application->resolve('Illuminate\\Cont...', Array)
#27 C:\laragon\www\test\vendor\laravel\framework\src\Illuminate\Foundation\Application.php(1058): Illuminate\Container\Container->make('Illuminate\\Cont...', Array)
#28 C:\laragon\www\test\vendor\laravel\framework\src\Illuminate\Foundation\helpers.php(138): Illuminate\Foundation\Application->make('Illuminate\\Cont...', Array)
#29 C:\laragon\www\test\vendor\laravel\framework\src\Illuminate\Foundation\helpers.php(851): app('Illuminate\\Cont...')
#30 C:\laragon\www\test\vendor\laravel\framework\src\Illuminate\Foundation\Exceptions\Handler.php(987): response('<!DOCTYPE html>...', 500, Array)
#31 C:\laragon\www\test\vendor\laravel\framework\src\Illuminate\Foundation\Exceptions\Handler.php(839): Illuminate\Foundation\Exceptions\Handler->toIlluminateResponse(Object(Symfony\Component\HttpFoundation\Response), Object(InvalidArgumentException))
#32 C:\laragon\www\test\vendor\laravel\framework\src\Illuminate\Foundation\Exceptions\Handler.php(738): Illuminate\Foundation\Exceptions\Handler->prepareResponse(Object(Illuminate\Http\Request), Object(InvalidArgumentException))
#33 C:\laragon\www\test\vendor\laravel\framework\src\Illuminate\Foundation\Exceptions\Handler.php(626): Illuminate\Foundation\Exceptions\Handler->renderExceptionResponse(Object(Illuminate\Http\Request), Object(InvalidArgumentException))
#34 C:\laragon\www\test\vendor\laravel\framework\src\Illuminate\Foundation\Bootstrap\HandleExceptions.php(221): Illuminate\Foundation\Exceptions\Handler->render(Object(Illuminate\Http\Request), Object(InvalidArgumentException))
#35 C:\laragon\www\test\vendor\laravel\framework\src\Illuminate\Foundation\Bootstrap\HandleExceptions.php(198): Illuminate\Foundation\Bootstrap\HandleExceptions->renderHttpResponse(Object(InvalidArgumentException))
#36 C:\laragon\www\test\vendor\laravel\framework\src\Illuminate\Foundation\Bootstrap\HandleExceptions.php(258): Illuminate\Foundation\Bootstrap\HandleExceptions->handleException(Object(InvalidArgumentException))
#37 [internal function]: Illuminate\Foundation\Bootstrap\HandleExceptions->Illuminate\Foundation\Bootstrap\{closure}(Object(InvalidArgumentException))
#38 {main}
  thrown in C:\laragon\www\test\vendor\laravel\framework\src\Illuminate\Database\Connectors\ConnectionFactory.php on line 278
[16-Nov-2025 06:09:25 UTC] PHP Fatal error:  Uncaught InvalidArgumentException: Unsupported driver [mongodb]. in C:\laragon\www\test\vendor\laravel\framework\src\Illuminate\Database\Connectors\ConnectionFactory.php:278
Stack trace:
#0 C:\laragon\www\test\vendor\laravel\framework\src\Illuminate\Database\Connectors\ConnectionFactory.php(75): Illuminate\Database\Connectors\ConnectionFactory->createConnection('mongodb', Object(Closure), 'starbooksWhizbe...', '', Array)
#1 C:\laragon\www\test\vendor\laravel\framework\src\Illuminate\Database\Connectors\ConnectionFactory.php(50): Illuminate\Database\Connectors\ConnectionFactory->createSingleConnection(Array)
#2 C:\laragon\www\test\vendor\laravel\framework\src\Illuminate\Database\DatabaseManager.php(203): Illuminate\Database\Connectors\ConnectionFactory->make(Array, 'mongodb')
#3 C:\laragon\www\test\vendor\laravel\framework\src\Illuminate\Database\DatabaseManager.php(102): Illuminate\Database\DatabaseManager->makeConnection('mongodb')
#4 C:\laragon\www\test\vendor\laravel\framework\src\Illuminate\Session\SessionManager.php(108): Illuminate\Database\DatabaseManager->connection('mongodb')
#5 C:\laragon\www\test\vendor\laravel\framework\src\Illuminate\Session\SessionManager.php(95): Illuminate\Session\SessionManager->getDatabaseConnection()
#6 C:\laragon\www\test\vendor\laravel\framework\src\Illuminate\Support\Manager.php(101): Illuminate\Session\SessionManager->createDatabaseDriver()
#7 C:\laragon\www\test\vendor\laravel\framework\src\Illuminate\Support\Manager.php(78): Illuminate\Support\Manager->createDriver('database')
#8 C:\laragon\www\test\vendor\laravel\framework\src\Illuminate\Session\SessionServiceProvider.php(52): Illuminate\Support\Manager->driver()
#9 C:\laragon\www\test\vendor\laravel\framework\src\Illuminate\Container\Container.php(1154): Illuminate\Session\SessionServiceProvider->Illuminate\Session\{closure}(Object(Illuminate\Foundation\Application), Array)
#10 C:\laragon\www\test\vendor\laravel\framework\src\Illuminate\Container\Container.php(972): Illuminate\Container\Container->build(Object(Closure))
#11 C:\laragon\www\test\vendor\laravel\framework\src\Illuminate\Foundation\Application.php(1078): Illuminate\Container\Container->resolve('session.store', Array, true)
#12 C:\laragon\www\test\vendor\laravel\framework\src\Illuminate\Container\Container.php(903): Illuminate\Foundation\Application->resolve('session.store', Array)
#13 C:\laragon\www\test\vendor\laravel\framework\src\Illuminate\Foundation\Application.php(1058): Illuminate\Container\Container->make('session.store', Array)
#14 C:\laragon\www\test\vendor\laravel\framework\src\Illuminate\Container\Container.php(1856): Illuminate\Foundation\Application->make('session.store')
#15 C:\laragon\www\test\vendor\laravel\framework\src\Illuminate\Routing\RoutingServiceProvider.php(121): Illuminate\Container\Container->offsetGet('session.store')
#16 C:\laragon\www\test\vendor\laravel\framework\src\Illuminate\Container\Container.php(1154): Illuminate\Routing\RoutingServiceProvider->Illuminate\Routing\{closure}(Object(Illuminate\Foundation\Application), Array)
#17 C:\laragon\www\test\vendor\laravel\framework\src\Illuminate\Container\Container.php(972): Illuminate\Container\Container->build(Object(Closure))
#18 C:\laragon\www\test\vendor\laravel\framework\src\Illuminate\Foundation\Application.php(1078): Illuminate\Container\Container->resolve('redirect', Array, true)
#19 C:\laragon\www\test\vendor\laravel\framework\src\Illuminate\Container\Container.php(903): Illuminate\Foundation\Application->resolve('redirect', Array)
#20 C:\laragon\www\test\vendor\laravel\framework\src\Illuminate\Foundation\Application.php(1058): Illuminate\Container\Container->make('redirect', Array)
#21 C:\laragon\www\test\vendor\laravel\framework\src\Illuminate\Container\Container.php(1856): Illuminate\Foundation\Application->make('redirect')
#22 C:\laragon\www\test\vendor\laravel\framework\src\Illuminate\Routing\RoutingServiceProvider.php(177): Illuminate\Container\Container->offsetGet('redirect')
#23 C:\laragon\www\test\vendor\laravel\framework\src\Illuminate\Container\Container.php(1154): Illuminate\Routing\RoutingServiceProvider->Illuminate\Routing\{closure}(Object(Illuminate\Foundation\Application), Array)
#24 C:\laragon\www\test\vendor\laravel\framework\src\Illuminate\Container\Container.php(972): Illuminate\Container\Container->build(Object(Closure))
#25 C:\laragon\www\test\vendor\laravel\framework\src\Illuminate\Foundation\Application.php(1078): Illuminate\Container\Container->resolve('Illuminate\\Cont...', Array, true)
#26 C:\laragon\www\test\vendor\laravel\framework\src\Illuminate\Container\Container.php(903): Illuminate\Foundation\Application->resolve('Illuminate\\Cont...', Array)
#27 C:\laragon\www\test\vendor\laravel\framework\src\Illuminate\Foundation\Application.php(1058): Illuminate\Container\Container->make('Illuminate\\Cont...', Array)
#28 C:\laragon\www\test\vendor\laravel\framework\src\Illuminate\Foundation\helpers.php(138): Illuminate\Foundation\Application->make('Illuminate\\Cont...', Array)
#29 C:\laragon\www\test\vendor\laravel\framework\src\Illuminate\Foundation\helpers.php(851): app('Illuminate\\Cont...')
#30 C:\laragon\www\test\vendor\laravel\framework\src\Illuminate\Foundation\Exceptions\Handler.php(987): response('<!DOCTYPE html>...', 500, Array)
#31 C:\laragon\www\test\vendor\laravel\framework\src\Illuminate\Foundation\Exceptions\Handler.php(839): Illuminate\Foundation\Exceptions\Handler->toIlluminateResponse(Object(Symfony\Component\HttpFoundation\Response), Object(Symfony\Component\ErrorHandler\Error\FatalError))
#32 C:\laragon\www\test\vendor\laravel\framework\src\Illuminate\Foundation\Exceptions\Handler.php(738): Illuminate\Foundation\Exceptions\Handler->prepareResponse(Object(Illuminate\Http\Request), Object(Symfony\Component\ErrorHandler\Error\FatalError))
#33 C:\laragon\www\test\vendor\laravel\framework\src\Illuminate\Foundation\Exceptions\Handler.php(626): Illuminate\Foundation\Exceptions\Handler->renderExceptionResponse(Object(Illuminate\Http\Request), Object(Symfony\Component\ErrorHandler\Error\FatalError))
#34 C:\laragon\www\test\vendor\laravel\framework\src\Illuminate\Foundation\Bootstrap\HandleExceptions.php(221): Illuminate\Foundation\Exceptions\Handler->render(Object(Illuminate\Http\Request), Object(Symfony\Component\ErrorHandler\Error\FatalError))
#35 C:\laragon\www\test\vendor\laravel\framework\src\Illuminate\Foundation\Bootstrap\HandleExceptions.php(198): Illuminate\Foundation\Bootstrap\HandleExceptions->renderHttpResponse(Object(Symfony\Component\ErrorHandler\Error\FatalError))
#36 C:\laragon\www\test\vendor\laravel\framework\src\Illuminate\Foundation\Bootstrap\HandleExceptions.php(234): Illuminate\Foundation\Bootstrap\HandleExceptions->handleException(Object(Symfony\Component\ErrorHandler\Error\FatalError))
#37 C:\laragon\www\test\vendor\laravel\framework\src\Illuminate\Foundation\Bootstrap\HandleExceptions.php(258): Illuminate\Foundation\Bootstrap\HandleExceptions->handleShutdown()
#38 [internal function]: Illuminate\Foundation\Bootstrap\HandleExceptions->Illuminate\Foundation\Bootstrap\{closure}()
#39 {main}
  thrown in C:\laragon\www\test\vendor\laravel\framework\src\Illuminate\Database\Connectors\ConnectionFactory.php on line 278
[16-Nov-2025 14:59:02 UTC] PHP Warning:  PHP Startup: Unable to load dynamic library 'php_mongodb' (tried: C:/laragon/bin/php/php-8.3.26-Win32-vs16-x64/ext\php_mongodb (The specified module could not be found), C:/laragon/bin/php/php-8.3.26-Win32-vs16-x64/ext\php_php_mongodb.dll (The specified module could not be found)) in Unknown on line 0
[16-Nov-2025 14:59:03 UTC] PHP Warning:  PHP Startup: Unable to load dynamic library 'php_mongodb' (tried: C:/laragon/bin/php/php-8.3.26-Win32-vs16-x64/ext\php_mongodb (The specified module could not be found), C:/laragon/bin/php/php-8.3.26-Win32-vs16-x64/ext\php_php_mongodb.dll (The specified module could not be found)) in Unknown on line 0
[17-Nov-2025 02:46:17 UTC] PHP Warning:  PHP Startup: Unable to load dynamic library 'php_mongodb' (tried: C:/laragon/bin/php/php-8.3.26-Win32-vs16-x64/ext\php_mongodb (The specified module could not be found), C:/laragon/bin/php/php-8.3.26-Win32-vs16-x64/ext\php_php_mongodb.dll (The specified module could not be found)) in Unknown on line 0
[17-Nov-2025 02:46:20 UTC] PHP Warning:  PHP Startup: Unable to load dynamic library 'php_mongodb' (tried: C:/laragon/bin/php/php-8.3.26-Win32-vs16-x64/ext\php_mongodb (The specified module could not be found), C:/laragon/bin/php/php-8.3.26-Win32-vs16-x64/ext\php_php_mongodb.dll (The specified module could not be found)) in Unknown on line 0
[17-Nov-2025 03:30:02 UTC] PHP Warning:  PHP Startup: Unable to load dynamic library 'php_mongodb' (tried: C:/laragon/bin/php/php-8.3.26-Win32-vs16-x64/ext\php_mongodb (The specified module could not be found), C:/laragon/bin/php/php-8.3.26-Win32-vs16-x64/ext\php_php_mongodb.dll (The specified module could not be found)) in Unknown on line 0
[17-Nov-2025 03:30:28 UTC] PHP Warning:  PHP Startup: Unable to load dynamic library 'php_mongodb' (tried: C:/laragon/bin/php/php-8.3.26-Win32-vs16-x64/ext\php_mongodb (The specified module could not be found), C:/laragon/bin/php/php-8.3.26-Win32-vs16-x64/ext\php_php_mongodb.dll (The specified module could not be found)) in Unknown on line 0
[17-Nov-2025 03:30:55 UTC] PHP Warning:  PHP Startup: Unable to load dynamic library 'php_mongodb' (tried: C:/laragon/bin/php/php-8.3.26-Win32-vs16-x64/ext\php_mongodb (The specified module could not be found), C:/laragon/bin/php/php-8.3.26-Win32-vs16-x64/ext\php_php_mongodb.dll (The specified module could not be found)) in Unknown on line 0
[17-Nov-2025 03:32:53 UTC] PHP Warning:  PHP Startup: Unable to load dynamic library 'php_mongodb' (tried: C:/laragon/bin/php/php-8.3.26-Win32-vs16-x64/ext\php_mongodb (The specified module could not be found), C:/laragon/bin/php/php-8.3.26-Win32-vs16-x64/ext\php_php_mongodb.dll (The specified module could not be found)) in Unknown on line 0
[17-Nov-2025 03:32:55 UTC] PHP Warning:  PHP Startup: Unable to load dynamic library 'php_mongodb' (tried: C:/laragon/bin/php/php-8.3.26-Win32-vs16-x64/ext\php_mongodb (The specified module could not be found), C:/laragon/bin/php/php-8.3.26-Win32-vs16-x64/ext\php_php_mongodb.dll (The specified module could not be found)) in Unknown on line 0
[17-Nov-2025 03:33:06 UTC] PHP Fatal error:  Uncaught InvalidArgumentException: Driver [mongodb] not supported. in C:\laragon\www\api\vendor\laravel\framework\src\Illuminate\Support\Manager.php:104
Stack trace:
#0 C:\laragon\www\api\vendor\laravel\framework\src\Illuminate\Support\Manager.php(78): Illuminate\Support\Manager->createDriver('mongodb')
#1 C:\laragon\www\api\vendor\laravel\framework\src\Illuminate\Session\SessionServiceProvider.php(52): Illuminate\Support\Manager->driver()
#2 C:\laragon\www\api\vendor\laravel\framework\src\Illuminate\Container\Container.php(1154): Illuminate\Session\SessionServiceProvider->Illuminate\Session\{closure}(Object(Illuminate\Foundation\Application), Array)
#3 C:\laragon\www\api\vendor\laravel\framework\src\Illuminate\Container\Container.php(972): Illuminate\Container\Container->build(Object(Closure))
#4 C:\laragon\www\api\vendor\laravel\framework\src\Illuminate\Foundation\Application.php(1078): Illuminate\Container\Container->resolve('session.store', Array, true)
#5 C:\laragon\www\api\vendor\laravel\framework\src\Illuminate\Container\Container.php(903): Illuminate\Foundation\Application->resolve('session.store', Array)
#6 C:\laragon\www\api\vendor\laravel\framework\src\Illuminate\Foundation\Application.php(1058): Illuminate\Container\Container->make('session.store', Array)
#7 C:\laragon\www\api\vendor\laravel\framework\src\Illuminate\Container\Container.php(1856): Illuminate\Foundation\Application->make('session.store')
#8 C:\laragon\www\api\vendor\laravel\framework\src\Illuminate\Routing\RoutingServiceProvider.php(121): Illuminate\Container\Container->offsetGet('session.store')
#9 C:\laragon\www\api\vendor\laravel\framework\src\Illuminate\Container\Container.php(1154): Illuminate\Routing\RoutingServiceProvider->Illuminate\Routing\{closure}(Object(Illuminate\Foundation\Application), Array)
#10 C:\laragon\www\api\vendor\laravel\framework\src\Illuminate\Container\Container.php(972): Illuminate\Container\Container->build(Object(Closure))
#11 C:\laragon\www\api\vendor\laravel\framework\src\Illuminate\Foundation\Application.php(1078): Illuminate\Container\Container->resolve('redirect', Array, true)
#12 C:\laragon\www\api\vendor\laravel\framework\src\Illuminate\Container\Container.php(903): Illuminate\Foundation\Application->resolve('redirect', Array)
#13 C:\laragon\www\api\vendor\laravel\framework\src\Illuminate\Foundation\Application.php(1058): Illuminate\Container\Container->make('redirect', Array)
#14 C:\laragon\www\api\vendor\laravel\framework\src\Illuminate\Container\Container.php(1856): Illuminate\Foundation\Application->make('redirect')
#15 C:\laragon\www\api\vendor\laravel\framework\src\Illuminate\Routing\RoutingServiceProvider.php(177): Illuminate\Container\Container->offsetGet('redirect')
#16 C:\laragon\www\api\vendor\laravel\framework\src\Illuminate\Container\Container.php(1154): Illuminate\Routing\RoutingServiceProvider->Illuminate\Routing\{closure}(Object(Illuminate\Foundation\Application), Array)
#17 C:\laragon\www\api\vendor\laravel\framework\src\Illuminate\Container\Container.php(972): Illuminate\Container\Container->build(Object(Closure))
#18 C:\laragon\www\api\vendor\laravel\framework\src\Illuminate\Foundation\Application.php(1078): Illuminate\Container\Container->resolve('Illuminate\\Cont...', Array, true)
#19 C:\laragon\www\api\vendor\laravel\framework\src\Illuminate\Container\Container.php(903): Illuminate\Foundation\Application->resolve('Illuminate\\Cont...', Array)
#20 C:\laragon\www\api\vendor\laravel\framework\src\Illuminate\Foundation\Application.php(1058): Illuminate\Container\Container->make('Illuminate\\Cont...', Array)
#21 C:\laragon\www\api\vendor\laravel\framework\src\Illuminate\Foundation\helpers.php(138): Illuminate\Foundation\Application->make('Illuminate\\Cont...', Array)
#22 C:\laragon\www\api\vendor\laravel\framework\src\Illuminate\Foundation\helpers.php(851): app('Illuminate\\Cont...')
#23 C:\laragon\www\api\vendor\laravel\framework\src\Illuminate\Foundation\Exceptions\Handler.php(1004): response()
#24 C:\laragon\www\api\vendor\laravel\framework\src\Illuminate\Foundation\Exceptions\Handler.php(737): Illuminate\Foundation\Exceptions\Handler->prepareJsonResponse(Object(Illuminate\Http\Request), Object(InvalidArgumentException))
#25 C:\laragon\www\api\vendor\laravel\framework\src\Illuminate\Foundation\Exceptions\Handler.php(626): Illuminate\Foundation\Exceptions\Handler->renderExceptionResponse(Object(Illuminate\Http\Request), Object(InvalidArgumentException))
#26 C:\laragon\www\api\vendor\laravel\framework\src\Illuminate\Foundation\Bootstrap\HandleExceptions.php(221): Illuminate\Foundation\Exceptions\Handler->render(Object(Illuminate\Http\Request), Object(InvalidArgumentException))
#27 C:\laragon\www\api\vendor\laravel\framework\src\Illuminate\Foundation\Bootstrap\HandleExceptions.php(198): Illuminate\Foundation\Bootstrap\HandleExceptions->renderHttpResponse(Object(InvalidArgumentException))
#28 C:\laragon\www\api\vendor\laravel\framework\src\Illuminate\Foundation\Bootstrap\HandleExceptions.php(258): Illuminate\Foundation\Bootstrap\HandleExceptions->handleException(Object(InvalidArgumentException))
#29 [internal function]: Illuminate\Foundation\Bootstrap\HandleExceptions->Illuminate\Foundation\Bootstrap\{closure}(Object(InvalidArgumentException))
#30 {main}
  thrown in C:\laragon\www\api\vendor\laravel\framework\src\Illuminate\Support\Manager.php on line 104
[17-Nov-2025 03:33:06 UTC] PHP Fatal error:  Uncaught InvalidArgumentException: Driver [mongodb] not supported. in C:\laragon\www\api\vendor\laravel\framework\src\Illuminate\Support\Manager.php:104
Stack trace:
#0 C:\laragon\www\api\vendor\laravel\framework\src\Illuminate\Support\Manager.php(78): Illuminate\Support\Manager->createDriver('mongodb')
#1 C:\laragon\www\api\vendor\laravel\framework\src\Illuminate\Session\SessionServiceProvider.php(52): Illuminate\Support\Manager->driver()
#2 C:\laragon\www\api\vendor\laravel\framework\src\Illuminate\Container\Container.php(1154): Illuminate\Session\SessionServiceProvider->Illuminate\Session\{closure}(Object(Illuminate\Foundation\Application), Array)
#3 C:\laragon\www\api\vendor\laravel\framework\src\Illuminate\Container\Container.php(972): Illuminate\Container\Container->build(Object(Closure))
#4 C:\laragon\www\api\vendor\laravel\framework\src\Illuminate\Foundation\Application.php(1078): Illuminate\Container\Container->resolve('session.store', Array, true)
#5 C:\laragon\www\api\vendor\laravel\framework\src\Illuminate\Container\Container.php(903): Illuminate\Foundation\Application->resolve('session.store', Array)
#6 C:\laragon\www\api\vendor\laravel\framework\src\Illuminate\Foundation\Application.php(1058): Illuminate\Container\Container->make('session.store', Array)
#7 C:\laragon\www\api\vendor\laravel\framework\src\Illuminate\Container\Container.php(1856): Illuminate\Foundation\Application->make('session.store')
#8 C:\laragon\www\api\vendor\laravel\framework\src\Illuminate\Routing\RoutingServiceProvider.php(121): Illuminate\Container\Container->offsetGet('session.store')
#9 C:\laragon\www\api\vendor\laravel\framework\src\Illuminate\Container\Container.php(1154): Illuminate\Routing\RoutingServiceProvider->Illuminate\Routing\{closure}(Object(Illuminate\Foundation\Application), Array)
#10 C:\laragon\www\api\vendor\laravel\framework\src\Illuminate\Container\Container.php(972): Illuminate\Container\Container->build(Object(Closure))
#11 C:\laragon\www\api\vendor\laravel\framework\src\Illuminate\Foundation\Application.php(1078): Illuminate\Container\Container->resolve('redirect', Array, true)
#12 C:\laragon\www\api\vendor\laravel\framework\src\Illuminate\Container\Container.php(903): Illuminate\Foundation\Application->resolve('redirect', Array)
#13 C:\laragon\www\api\vendor\laravel\framework\src\Illuminate\Foundation\Application.php(1058): Illuminate\Container\Container->make('redirect', Array)
#14 C:\laragon\www\api\vendor\laravel\framework\src\Illuminate\Container\Container.php(1856): Illuminate\Foundation\Application->make('redirect')
#15 C:\laragon\www\api\vendor\laravel\framework\src\Illuminate\Routing\RoutingServiceProvider.php(177): Illuminate\Container\Container->offsetGet('redirect')
#16 C:\laragon\www\api\vendor\laravel\framework\src\Illuminate\Container\Container.php(1154): Illuminate\Routing\RoutingServiceProvider->Illuminate\Routing\{closure}(Object(Illuminate\Foundation\Application), Array)
#17 C:\laragon\www\api\vendor\laravel\framework\src\Illuminate\Container\Container.php(972): Illuminate\Container\Container->build(Object(Closure))
#18 C:\laragon\www\api\vendor\laravel\framework\src\Illuminate\Foundation\Application.php(1078): Illuminate\Container\Container->resolve('Illuminate\\Cont...', Array, true)
#19 C:\laragon\www\api\vendor\laravel\framework\src\Illuminate\Container\Container.php(903): Illuminate\Foundation\Application->resolve('Illuminate\\Cont...', Array)
#20 C:\laragon\www\api\vendor\laravel\framework\src\Illuminate\Foundation\Application.php(1058): Illuminate\Container\Container->make('Illuminate\\Cont...', Array)
#21 C:\laragon\www\api\vendor\laravel\framework\src\Illuminate\Foundation\helpers.php(138): Illuminate\Foundation\Application->make('Illuminate\\Cont...', Array)
#22 C:\laragon\www\api\vendor\laravel\framework\src\Illuminate\Foundation\helpers.php(851): app('Illuminate\\Cont...')
#23 C:\laragon\www\api\vendor\laravel\framework\src\Illuminate\Foundation\Exceptions\Handler.php(1004): response()
#24 C:\laragon\www\api\vendor\laravel\framework\src\Illuminate\Foundation\Exceptions\Handler.php(737): Illuminate\Foundation\Exceptions\Handler->prepareJsonResponse(Object(Illuminate\Http\Request), Object(Symfony\Component\ErrorHandler\Error\FatalError))
#25 C:\laragon\www\api\vendor\laravel\framework\src\Illuminate\Foundation\Exceptions\Handler.php(626): Illuminate\Foundation\Exceptions\Handler->renderExceptionResponse(Object(Illuminate\Http\Request), Object(Symfony\Component\ErrorHandler\Error\FatalError))
#26 C:\laragon\www\api\vendor\laravel\framework\src\Illuminate\Foundation\Bootstrap\HandleExceptions.php(221): Illuminate\Foundation\Exceptions\Handler->render(Object(Illuminate\Http\Request), Object(Symfony\Component\ErrorHandler\Error\FatalError))
#27 C:\laragon\www\api\vendor\laravel\framework\src\Illuminate\Foundation\Bootstrap\HandleExceptions.php(198): Illuminate\Foundation\Bootstrap\HandleExceptions->renderHttpResponse(Object(Symfony\Component\ErrorHandler\Error\FatalError))
#28 C:\laragon\www\api\vendor\laravel\framework\src\Illuminate\Foundation\Bootstrap\HandleExceptions.php(234): Illuminate\Foundation\Bootstrap\HandleExceptions->handleException(Object(Symfony\Component\ErrorHandler\Error\FatalError))
#29 C:\laragon\www\api\vendor\laravel\framework\src\Illuminate\Foundation\Bootstrap\HandleExceptions.php(258): Illuminate\Foundation\Bootstrap\HandleExceptions->handleShutdown()
#30 [internal function]: Illuminate\Foundation\Bootstrap\HandleExceptions->Illuminate\Foundation\Bootstrap\{closure}()
#31 {main}
  thrown in C:\laragon\www\api\vendor\laravel\framework\src\Illuminate\Support\Manager.php on line 104
[17-Nov-2025 03:35:24 UTC] PHP Fatal error:  Uncaught InvalidArgumentException: Driver [mongodb] not supported. in C:\laragon\www\api\vendor\laravel\framework\src\Illuminate\Support\Manager.php:104
Stack trace:
#0 C:\laragon\www\api\vendor\laravel\framework\src\Illuminate\Support\Manager.php(78): Illuminate\Support\Manager->createDriver('mongodb')
#1 C:\laragon\www\api\vendor\laravel\framework\src\Illuminate\Session\SessionServiceProvider.php(52): Illuminate\Support\Manager->driver()
#2 C:\laragon\www\api\vendor\laravel\framework\src\Illuminate\Container\Container.php(1154): Illuminate\Session\SessionServiceProvider->Illuminate\Session\{closure}(Object(Illuminate\Foundation\Application), Array)
#3 C:\laragon\www\api\vendor\laravel\framework\src\Illuminate\Container\Container.php(972): Illuminate\Container\Container->build(Object(Closure))
#4 C:\laragon\www\api\vendor\laravel\framework\src\Illuminate\Foundation\Application.php(1078): Illuminate\Container\Container->resolve('session.store', Array, true)
#5 C:\laragon\www\api\vendor\laravel\framework\src\Illuminate\Container\Container.php(903): Illuminate\Foundation\Application->resolve('session.store', Array)
#6 C:\laragon\www\api\vendor\laravel\framework\src\Illuminate\Foundation\Application.php(1058): Illuminate\Container\Container->make('session.store', Array)
#7 C:\laragon\www\api\vendor\laravel\framework\src\Illuminate\Container\Container.php(1856): Illuminate\Foundation\Application->make('session.store')
#8 C:\laragon\www\api\vendor\laravel\framework\src\Illuminate\Routing\RoutingServiceProvider.php(121): Illuminate\Container\Container->offsetGet('session.store')
#9 C:\laragon\www\api\vendor\laravel\framework\src\Illuminate\Container\Container.php(1154): Illuminate\Routing\RoutingServiceProvider->Illuminate\Routing\{closure}(Object(Illuminate\Foundation\Application), Array)
#10 C:\laragon\www\api\vendor\laravel\framework\src\Illuminate\Container\Container.php(972): Illuminate\Container\Container->build(Object(Closure))
#11 C:\laragon\www\api\vendor\laravel\framework\src\Illuminate\Foundation\Application.php(1078): Illuminate\Container\Container->resolve('redirect', Array, true)
#12 C:\laragon\www\api\vendor\laravel\framework\src\Illuminate\Container\Container.php(903): Illuminate\Foundation\Application->resolve('redirect', Array)
#13 C:\laragon\www\api\vendor\laravel\framework\src\Illuminate\Foundation\Application.php(1058): Illuminate\Container\Container->make('redirect', Array)
#14 C:\laragon\www\api\vendor\laravel\framework\src\Illuminate\Container\Container.php(1856): Illuminate\Foundation\Application->make('redirect')
#15 C:\laragon\www\api\vendor\laravel\framework\src\Illuminate\Routing\RoutingServiceProvider.php(177): Illuminate\Container\Container->offsetGet('redirect')
#16 C:\laragon\www\api\vendor\laravel\framework\src\Illuminate\Container\Container.php(1154): Illuminate\Routing\RoutingServiceProvider->Illuminate\Routing\{closure}(Object(Illuminate\Foundation\Application), Array)
#17 C:\laragon\www\api\vendor\laravel\framework\src\Illuminate\Container\Container.php(972): Illuminate\Container\Container->build(Object(Closure))
#18 C:\laragon\www\api\vendor\laravel\framework\src\Illuminate\Foundation\Application.php(1078): Illuminate\Container\Container->resolve('Illuminate\\Cont...', Array, true)
#19 C:\laragon\www\api\vendor\laravel\framework\src\Illuminate\Container\Container.php(903): Illuminate\Foundation\Application->resolve('Illuminate\\Cont...', Array)
#20 C:\laragon\www\api\vendor\laravel\framework\src\Illuminate\Foundation\Application.php(1058): Illuminate\Container\Container->make('Illuminate\\Cont...', Array)
#21 C:\laragon\www\api\vendor\laravel\framework\src\Illuminate\Foundation\helpers.php(138): Illuminate\Foundation\Application->make('Illuminate\\Cont...', Array)
#22 C:\laragon\www\api\vendor\laravel\framework\src\Illuminate\Foundation\helpers.php(851): app('Illuminate\\Cont...')
#23 C:\laragon\www\api\vendor\laravel\framework\src\Illuminate\Foundation\Exceptions\Handler.php(1004): response()
#24 C:\laragon\www\api\vendor\laravel\framework\src\Illuminate\Foundation\Exceptions\Handler.php(737): Illuminate\Foundation\Exceptions\Handler->prepareJsonResponse(Object(Illuminate\Http\Request), Object(InvalidArgumentException))
#25 C:\laragon\www\api\vendor\laravel\framework\src\Illuminate\Foundation\Exceptions\Handler.php(626): Illuminate\Foundation\Exceptions\Handler->renderExceptionResponse(Object(Illuminate\Http\Request), Object(InvalidArgumentException))
#26 C:\laragon\www\api\vendor\laravel\framework\src\Illuminate\Foundation\Bootstrap\HandleExceptions.php(221): Illuminate\Foundation\Exceptions\Handler->render(Object(Illuminate\Http\Request), Object(InvalidArgumentException))
#27 C:\laragon\www\api\vendor\laravel\framework\src\Illuminate\Foundation\Bootstrap\HandleExceptions.php(198): Illuminate\Foundation\Bootstrap\HandleExceptions->renderHttpResponse(Object(InvalidArgumentException))
#28 C:\laragon\www\api\vendor\laravel\framework\src\Illuminate\Foundation\Bootstrap\HandleExceptions.php(258): Illuminate\Foundation\Bootstrap\HandleExceptions->handleException(Object(InvalidArgumentException))
#29 [internal function]: Illuminate\Foundation\Bootstrap\HandleExceptions->Illuminate\Foundation\Bootstrap\{closure}(Object(InvalidArgumentException))
#30 {main}
  thrown in C:\laragon\www\api\vendor\laravel\framework\src\Illuminate\Support\Manager.php on line 104
[17-Nov-2025 03:35:24 UTC] PHP Fatal error:  Uncaught InvalidArgumentException: Driver [mongodb] not supported. in C:\laragon\www\api\vendor\laravel\framework\src\Illuminate\Support\Manager.php:104
Stack trace:
#0 C:\laragon\www\api\vendor\laravel\framework\src\Illuminate\Support\Manager.php(78): Illuminate\Support\Manager->createDriver('mongodb')
#1 C:\laragon\www\api\vendor\laravel\framework\src\Illuminate\Session\SessionServiceProvider.php(52): Illuminate\Support\Manager->driver()
#2 C:\laragon\www\api\vendor\laravel\framework\src\Illuminate\Container\Container.php(1154): Illuminate\Session\SessionServiceProvider->Illuminate\Session\{closure}(Object(Illuminate\Foundation\Application), Array)
#3 C:\laragon\www\api\vendor\laravel\framework\src\Illuminate\Container\Container.php(972): Illuminate\Container\Container->build(Object(Closure))
#4 C:\laragon\www\api\vendor\laravel\framework\src\Illuminate\Foundation\Application.php(1078): Illuminate\Container\Container->resolve('session.store', Array, true)
#5 C:\laragon\www\api\vendor\laravel\framework\src\Illuminate\Container\Container.php(903): Illuminate\Foundation\Application->resolve('session.store', Array)
#6 C:\laragon\www\api\vendor\laravel\framework\src\Illuminate\Foundation\Application.php(1058): Illuminate\Container\Container->make('session.store', Array)
#7 C:\laragon\www\api\vendor\laravel\framework\src\Illuminate\Container\Container.php(1856): Illuminate\Foundation\Application->make('session.store')
#8 C:\laragon\www\api\vendor\laravel\framework\src\Illuminate\Routing\RoutingServiceProvider.php(121): Illuminate\Container\Container->offsetGet('session.store')
#9 C:\laragon\www\api\vendor\laravel\framework\src\Illuminate\Container\Container.php(1154): Illuminate\Routing\RoutingServiceProvider->Illuminate\Routing\{closure}(Object(Illuminate\Foundation\Application), Array)
#10 C:\laragon\www\api\vendor\laravel\framework\src\Illuminate\Container\Container.php(972): Illuminate\Container\Container->build(Object(Closure))
#11 C:\laragon\www\api\vendor\laravel\framework\src\Illuminate\Foundation\Application.php(1078): Illuminate\Container\Container->resolve('redirect', Array, true)
#12 C:\laragon\www\api\vendor\laravel\framework\src\Illuminate\Container\Container.php(903): Illuminate\Foundation\Application->resolve('redirect', Array)
#13 C:\laragon\www\api\vendor\laravel\framework\src\Illuminate\Foundation\Application.php(1058): Illuminate\Container\Container->make('redirect', Array)
#14 C:\laragon\www\api\vendor\laravel\framework\src\Illuminate\Container\Container.php(1856): Illuminate\Foundation\Application->make('redirect')
#15 C:\laragon\www\api\vendor\laravel\framework\src\Illuminate\Routing\RoutingServiceProvider.php(177): Illuminate\Container\Container->offsetGet('redirect')
#16 C:\laragon\www\api\vendor\laravel\framework\src\Illuminate\Container\Container.php(1154): Illuminate\Routing\RoutingServiceProvider->Illuminate\Routing\{closure}(Object(Illuminate\Foundation\Application), Array)
#17 C:\laragon\www\api\vendor\laravel\framework\src\Illuminate\Container\Container.php(972): Illuminate\Container\Container->build(Object(Closure))
#18 C:\laragon\www\api\vendor\laravel\framework\src\Illuminate\Foundation\Application.php(1078): Illuminate\Container\Container->resolve('Illuminate\\Cont...', Array, true)
#19 C:\laragon\www\api\vendor\laravel\framework\src\Illuminate\Container\Container.php(903): Illuminate\Foundation\Application->resolve('Illuminate\\Cont...', Array)
#20 C:\laragon\www\api\vendor\laravel\framework\src\Illuminate\Foundation\Application.php(1058): Illuminate\Container\Container->make('Illuminate\\Cont...', Array)
#21 C:\laragon\www\api\vendor\laravel\framework\src\Illuminate\Foundation\helpers.php(138): Illuminate\Foundation\Application->make('Illuminate\\Cont...', Array)
#22 C:\laragon\www\api\vendor\laravel\framework\src\Illuminate\Foundation\helpers.php(851): app('Illuminate\\Cont...')
#23 C:\laragon\www\api\vendor\laravel\framework\src\Illuminate\Foundation\Exceptions\Handler.php(1004): response()
#24 C:\laragon\www\api\vendor\laravel\framework\src\Illuminate\Foundation\Exceptions\Handler.php(737): Illuminate\Foundation\Exceptions\Handler->prepareJsonResponse(Object(Illuminate\Http\Request), Object(Symfony\Component\ErrorHandler\Error\FatalError))
#25 C:\laragon\www\api\vendor\laravel\framework\src\Illuminate\Foundation\Exceptions\Handler.php(626): Illuminate\Foundation\Exceptions\Handler->renderExceptionResponse(Object(Illuminate\Http\Request), Object(Symfony\Component\ErrorHandler\Error\FatalError))
#26 C:\laragon\www\api\vendor\laravel\framework\src\Illuminate\Foundation\Bootstrap\HandleExceptions.php(221): Illuminate\Foundation\Exceptions\Handler->render(Object(Illuminate\Http\Request), Object(Symfony\Component\ErrorHandler\Error\FatalError))
#27 C:\laragon\www\api\vendor\laravel\framework\src\Illuminate\Foundation\Bootstrap\HandleExceptions.php(198): Illuminate\Foundation\Bootstrap\HandleExceptions->renderHttpResponse(Object(Symfony\Component\ErrorHandler\Error\FatalError))
#28 C:\laragon\www\api\vendor\laravel\framework\src\Illuminate\Foundation\Bootstrap\HandleExceptions.php(234): Illuminate\Foundation\Bootstrap\HandleExceptions->handleException(Object(Symfony\Component\ErrorHandler\Error\FatalError))
#29 C:\laragon\www\api\vendor\laravel\framework\src\Illuminate\Foundation\Bootstrap\HandleExceptions.php(258): Illuminate\Foundation\Bootstrap\HandleExceptions->handleShutdown()
#30 [internal function]: Illuminate\Foundation\Bootstrap\HandleExceptions->Illuminate\Foundation\Bootstrap\{closure}()
#31 {main}
  thrown in C:\laragon\www\api\vendor\laravel\framework\src\Illuminate\Support\Manager.php on line 104
[17-Nov-2025 04:02:11 UTC] PHP Fatal error:  Uncaught InvalidArgumentException: Driver [mongodb] not supported. in C:\laragon\www\api\vendor\laravel\framework\src\Illuminate\Support\Manager.php:104
Stack trace:
#0 C:\laragon\www\api\vendor\laravel\framework\src\Illuminate\Support\Manager.php(78): Illuminate\Support\Manager->createDriver('mongodb')
#1 C:\laragon\www\api\vendor\laravel\framework\src\Illuminate\Session\SessionServiceProvider.php(52): Illuminate\Support\Manager->driver()
#2 C:\laragon\www\api\vendor\laravel\framework\src\Illuminate\Container\Container.php(1154): Illuminate\Session\SessionServiceProvider->Illuminate\Session\{closure}(Object(Illuminate\Foundation\Application), Array)
#3 C:\laragon\www\api\vendor\laravel\framework\src\Illuminate\Container\Container.php(972): Illuminate\Container\Container->build(Object(Closure))
#4 C:\laragon\www\api\vendor\laravel\framework\src\Illuminate\Foundation\Application.php(1078): Illuminate\Container\Container->resolve('session.store', Array, true)
#5 C:\laragon\www\api\vendor\laravel\framework\src\Illuminate\Container\Container.php(903): Illuminate\Foundation\Application->resolve('session.store', Array)
#6 C:\laragon\www\api\vendor\laravel\framework\src\Illuminate\Foundation\Application.php(1058): Illuminate\Container\Container->make('session.store', Array)
#7 C:\laragon\www\api\vendor\laravel\framework\src\Illuminate\Container\Container.php(1856): Illuminate\Foundation\Application->make('session.store')
#8 C:\laragon\www\api\vendor\laravel\framework\src\Illuminate\Routing\RoutingServiceProvider.php(121): Illuminate\Container\Container->offsetGet('session.store')
#9 C:\laragon\www\api\vendor\laravel\framework\src\Illuminate\Container\Container.php(1154): Illuminate\Routing\RoutingServiceProvider->Illuminate\Routing\{closure}(Object(Illuminate\Foundation\Application), Array)
#10 C:\laragon\www\api\vendor\laravel\framework\src\Illuminate\Container\Container.php(972): Illuminate\Container\Container->build(Object(Closure))
#11 C:\laragon\www\api\vendor\laravel\framework\src\Illuminate\Foundation\Application.php(1078): Illuminate\Container\Container->resolve('redirect', Array, true)
#12 C:\laragon\www\api\vendor\laravel\framework\src\Illuminate\Container\Container.php(903): Illuminate\Foundation\Application->resolve('redirect', Array)
#13 C:\laragon\www\api\vendor\laravel\framework\src\Illuminate\Foundation\Application.php(1058): Illuminate\Container\Container->make('redirect', Array)
#14 C:\laragon\www\api\vendor\laravel\framework\src\Illuminate\Container\Container.php(1856): Illuminate\Foundation\Application->make('redirect')
#15 C:\laragon\www\api\vendor\laravel\framework\src\Illuminate\Routing\RoutingServiceProvider.php(177): Illuminate\Container\Container->offsetGet('redirect')
#16 C:\laragon\www\api\vendor\laravel\framework\src\Illuminate\Container\Container.php(1154): Illuminate\Routing\RoutingServiceProvider->Illuminate\Routing\{closure}(Object(Illuminate\Foundation\Application), Array)
#17 C:\laragon\www\api\vendor\laravel\framework\src\Illuminate\Container\Container.php(972): Illuminate\Container\Container->build(Object(Closure))
#18 C:\laragon\www\api\vendor\laravel\framework\src\Illuminate\Foundation\Application.php(1078): Illuminate\Container\Container->resolve('Illuminate\\Cont...', Array, true)
#19 C:\laragon\www\api\vendor\laravel\framework\src\Illuminate\Container\Container.php(903): Illuminate\Foundation\Application->resolve('Illuminate\\Cont...', Array)
#20 C:\laragon\www\api\vendor\laravel\framework\src\Illuminate\Foundation\Application.php(1058): Illuminate\Container\Container->make('Illuminate\\Cont...', Array)
#21 C:\laragon\www\api\vendor\laravel\framework\src\Illuminate\Foundation\helpers.php(138): Illuminate\Foundation\Application->make('Illuminate\\Cont...', Array)
#22 C:\laragon\www\api\vendor\laravel\framework\src\Illuminate\Foundation\helpers.php(851): app('Illuminate\\Cont...')
#23 C:\laragon\www\api\vendor\laravel\framework\src\Illuminate\Foundation\Exceptions\Handler.php(1004): response()
#24 C:\laragon\www\api\vendor\laravel\framework\src\Illuminate\Foundation\Exceptions\Handler.php(737): Illuminate\Foundation\Exceptions\Handler->prepareJsonResponse(Object(Illuminate\Http\Request), Object(InvalidArgumentException))
#25 C:\laragon\www\api\vendor\laravel\framework\src\Illuminate\Foundation\Exceptions\Handler.php(626): Illuminate\Foundation\Exceptions\Handler->renderExceptionResponse(Object(Illuminate\Http\Request), Object(InvalidArgumentException))
#26 C:\laragon\www\api\vendor\laravel\framework\src\Illuminate\Foundation\Bootstrap\HandleExceptions.php(221): Illuminate\Foundation\Exceptions\Handler->render(Object(Illuminate\Http\Request), Object(InvalidArgumentException))
#27 C:\laragon\www\api\vendor\laravel\framework\src\Illuminate\Foundation\Bootstrap\HandleExceptions.php(198): Illuminate\Foundation\Bootstrap\HandleExceptions->renderHttpResponse(Object(InvalidArgumentException))
#28 C:\laragon\www\api\vendor\laravel\framework\src\Illuminate\Foundation\Bootstrap\HandleExceptions.php(258): Illuminate\Foundation\Bootstrap\HandleExceptions->handleException(Object(InvalidArgumentException))
#29 [internal function]: Illuminate\Foundation\Bootstrap\HandleExceptions->Illuminate\Foundation\Bootstrap\{closure}(Object(InvalidArgumentException))
#30 {main}
  thrown in C:\laragon\www\api\vendor\laravel\framework\src\Illuminate\Support\Manager.php on line 104
[17-Nov-2025 04:02:11 UTC] PHP Fatal error:  Uncaught InvalidArgumentException: Driver [mongodb] not supported. in C:\laragon\www\api\vendor\laravel\framework\src\Illuminate\Support\Manager.php:104
Stack trace:
#0 C:\laragon\www\api\vendor\laravel\framework\src\Illuminate\Support\Manager.php(78): Illuminate\Support\Manager->createDriver('mongodb')
#1 C:\laragon\www\api\vendor\laravel\framework\src\Illuminate\Session\SessionServiceProvider.php(52): Illuminate\Support\Manager->driver()
#2 C:\laragon\www\api\vendor\laravel\framework\src\Illuminate\Container\Container.php(1154): Illuminate\Session\SessionServiceProvider->Illuminate\Session\{closure}(Object(Illuminate\Foundation\Application), Array)
#3 C:\laragon\www\api\vendor\laravel\framework\src\Illuminate\Container\Container.php(972): Illuminate\Container\Container->build(Object(Closure))
#4 C:\laragon\www\api\vendor\laravel\framework\src\Illuminate\Foundation\Application.php(1078): Illuminate\Container\Container->resolve('session.store', Array, true)
#5 C:\laragon\www\api\vendor\laravel\framework\src\Illuminate\Container\Container.php(903): Illuminate\Foundation\Application->resolve('session.store', Array)
#6 C:\laragon\www\api\vendor\laravel\framework\src\Illuminate\Foundation\Application.php(1058): Illuminate\Container\Container->make('session.store', Array)
#7 C:\laragon\www\api\vendor\laravel\framework\src\Illuminate\Container\Container.php(1856): Illuminate\Foundation\Application->make('session.store')
#8 C:\laragon\www\api\vendor\laravel\framework\src\Illuminate\Routing\RoutingServiceProvider.php(121): Illuminate\Container\Container->offsetGet('session.store')
#9 C:\laragon\www\api\vendor\laravel\framework\src\Illuminate\Container\Container.php(1154): Illuminate\Routing\RoutingServiceProvider->Illuminate\Routing\{closure}(Object(Illuminate\Foundation\Application), Array)
#10 C:\laragon\www\api\vendor\laravel\framework\src\Illuminate\Container\Container.php(972): Illuminate\Container\Container->build(Object(Closure))
#11 C:\laragon\www\api\vendor\laravel\framework\src\Illuminate\Foundation\Application.php(1078): Illuminate\Container\Container->resolve('redirect', Array, true)
#12 C:\laragon\www\api\vendor\laravel\framework\src\Illuminate\Container\Container.php(903): Illuminate\Foundation\Application->resolve('redirect', Array)
#13 C:\laragon\www\api\vendor\laravel\framework\src\Illuminate\Foundation\Application.php(1058): Illuminate\Container\Container->make('redirect', Array)
#14 C:\laragon\www\api\vendor\laravel\framework\src\Illuminate\Container\Container.php(1856): Illuminate\Foundation\Application->make('redirect')
#15 C:\laragon\www\api\vendor\laravel\framework\src\Illuminate\Routing\RoutingServiceProvider.php(177): Illuminate\Container\Container->offsetGet('redirect')
#16 C:\laragon\www\api\vendor\laravel\framework\src\Illuminate\Container\Container.php(1154): Illuminate\Routing\RoutingServiceProvider->Illuminate\Routing\{closure}(Object(Illuminate\Foundation\Application), Array)
#17 C:\laragon\www\api\vendor\laravel\framework\src\Illuminate\Container\Container.php(972): Illuminate\Container\Container->build(Object(Closure))
#18 C:\laragon\www\api\vendor\laravel\framework\src\Illuminate\Foundation\Application.php(1078): Illuminate\Container\Container->resolve('Illuminate\\Cont...', Array, true)
#19 C:\laragon\www\api\vendor\laravel\framework\src\Illuminate\Container\Container.php(903): Illuminate\Foundation\Application->resolve('Illuminate\\Cont...', Array)
#20 C:\laragon\www\api\vendor\laravel\framework\src\Illuminate\Foundation\Application.php(1058): Illuminate\Container\Container->make('Illuminate\\Cont...', Array)
#21 C:\laragon\www\api\vendor\laravel\framework\src\Illuminate\Foundation\helpers.php(138): Illuminate\Foundation\Application->make('Illuminate\\Cont...', Array)
#22 C:\laragon\www\api\vendor\laravel\framework\src\Illuminate\Foundation\helpers.php(851): app('Illuminate\\Cont...')
#23 C:\laragon\www\api\vendor\laravel\framework\src\Illuminate\Foundation\Exceptions\Handler.php(1004): response()
#24 C:\laragon\www\api\vendor\laravel\framework\src\Illuminate\Foundation\Exceptions\Handler.php(737): Illuminate\Foundation\Exceptions\Handler->prepareJsonResponse(Object(Illuminate\Http\Request), Object(Symfony\Component\ErrorHandler\Error\FatalError))
#25 C:\laragon\www\api\vendor\laravel\framework\src\Illuminate\Foundation\Exceptions\Handler.php(626): Illuminate\Foundation\Exceptions\Handler->renderExceptionResponse(Object(Illuminate\Http\Request), Object(Symfony\Component\ErrorHandler\Error\FatalError))
#26 C:\laragon\www\api\vendor\laravel\framework\src\Illuminate\Foundation\Bootstrap\HandleExceptions.php(221): Illuminate\Foundation\Exceptions\Handler->render(Object(Illuminate\Http\Request), Object(Symfony\Component\ErrorHandler\Error\FatalError))
#27 C:\laragon\www\api\vendor\laravel\framework\src\Illuminate\Foundation\Bootstrap\HandleExceptions.php(198): Illuminate\Foundation\Bootstrap\HandleExceptions->renderHttpResponse(Object(Symfony\Component\ErrorHandler\Error\FatalError))
#28 C:\laragon\www\api\vendor\laravel\framework\src\Illuminate\Foundation\Bootstrap\HandleExceptions.php(234): Illuminate\Foundation\Bootstrap\HandleExceptions->handleException(Object(Symfony\Component\ErrorHandler\Error\FatalError))
#29 C:\laragon\www\api\vendor\laravel\framework\src\Illuminate\Foundation\Bootstrap\HandleExceptions.php(258): Illuminate\Foundation\Bootstrap\HandleExceptions->handleShutdown()
#30 [internal function]: Illuminate\Foundation\Bootstrap\HandleExceptions->Illuminate\Foundation\Bootstrap\{closure}()
#31 {main}
  thrown in C:\laragon\www\api\vendor\laravel\framework\src\Illuminate\Support\Manager.php on line 104
[17-Nov-2025 12:48:15 UTC] PHP Warning:  PHP Startup: Unable to load dynamic library 'php_mongodb' (tried: C:/laragon/bin/php/php-8.3.26-Win32-vs16-x64/ext\php_mongodb (The specified module could not be found), C:/laragon/bin/php/php-8.3.26-Win32-vs16-x64/ext\php_php_mongodb.dll (The specified module could not be found)) in Unknown on line 0
[17-Nov-2025 12:51:09 UTC] PHP Warning:  PHP Startup: Unable to load dynamic library 'php_mongodb' (tried: C:/laragon/bin/php/php-8.3.26-Win32-vs16-x64/ext\php_mongodb (The specified module could not be found), C:/laragon/bin/php/php-8.3.26-Win32-vs16-x64/ext\php_php_mongodb.dll (The specified module could not be found)) in Unknown on line 0
[17-Nov-2025 12:51:11 UTC] PHP Warning:  PHP Startup: Unable to load dynamic library 'php_mongodb' (tried: C:/laragon/bin/php/php-8.3.26-Win32-vs16-x64/ext\php_mongodb (The specified module could not be found), C:/laragon/bin/php/php-8.3.26-Win32-vs16-x64/ext\php_php_mongodb.dll (The specified module could not be found)) in Unknown on line 0
[17-Nov-2025 12:57:36 UTC] PHP Warning:  PHP Startup: Unable to load dynamic library 'php_mongodb' (tried: C:/laragon/bin/php/php-8.3.26-Win32-vs16-x64/ext\php_mongodb (The specified module could not be found), C:/laragon/bin/php/php-8.3.26-Win32-vs16-x64/ext\php_php_mongodb.dll (The specified module could not be found)) in Unknown on line 0
[17-Nov-2025 12:57:38 UTC] PHP Warning:  PHP Startup: Unable to load dynamic library 'php_mongodb' (tried: C:/laragon/bin/php/php-8.3.26-Win32-vs16-x64/ext\php_mongodb (The specified module could not be found), C:/laragon/bin/php/php-8.3.26-Win32-vs16-x64/ext\php_php_mongodb.dll (The specified module could not be found)) in Unknown on line 0
[17-Nov-2025 12:57:48 UTC] PHP Warning:  PHP Startup: Unable to load dynamic library 'php_mongodb' (tried: C:/laragon/bin/php/php-8.3.26-Win32-vs16-x64/ext\php_mongodb (The specified module could not be found), C:/laragon/bin/php/php-8.3.26-Win32-vs16-x64/ext\php_php_mongodb.dll (The specified module could not be found)) in Unknown on line 0
[17-Nov-2025 12:57:50 UTC] PHP Warning:  PHP Startup: Unable to load dynamic library 'php_mongodb' (tried: C:/laragon/bin/php/php-8.3.26-Win32-vs16-x64/ext\php_mongodb (The specified module could not be found), C:/laragon/bin/php/php-8.3.26-Win32-vs16-x64/ext\php_php_mongodb.dll (The specified module could not be found)) in Unknown on line 0
[17-Nov-2025 13:03:02 UTC] PHP Warning:  PHP Startup: Unable to load dynamic library 'php_mongodb.dll' (tried: C:/laragon/bin/php/php-8.3.26-Win32-vs16-x64/ext\php_mongodb.dll (The specified module could not be found), C:/laragon/bin/php/php-8.3.26-Win32-vs16-x64/ext\php_php_mongodb.dll.dll (The specified module could not be found)) in Unknown on line 0
[17-Nov-2025 13:03:43 UTC] PHP Warning:  PHP Startup: Unable to load dynamic library 'php_mongodb' (tried: C:/laragon/bin/php/php-8.3.26-Win32-vs16-x64/ext\php_mongodb (The specified module could not be found), C:/laragon/bin/php/php-8.3.26-Win32-vs16-x64/ext\php_php_mongodb.dll (The specified module could not be found)) in Unknown on line 0
[17-Nov-2025 13:04:13 UTC] PHP Warning:  PHP Startup: Unable to load dynamic library 'php_mongodb' (tried: C:/laragon/bin/php/php-8.3.26-Win32-vs16-x64/ext\php_mongodb (The specified module could not be found), C:/laragon/bin/php/php-8.3.26-Win32-vs16-x64/ext\php_php_mongodb.dll (The specified module could not be found)) in Unknown on line 0
[17-Nov-2025 13:22:01 UTC] PHP Fatal error:  Uncaught InvalidArgumentException: Driver [mongodb] not supported. in C:\laragon\www\api\vendor\laravel\framework\src\Illuminate\Support\Manager.php:104
Stack trace:
#0 C:\laragon\www\api\vendor\laravel\framework\src\Illuminate\Support\Manager.php(78): Illuminate\Support\Manager->createDriver('mongodb')
#1 C:\laragon\www\api\vendor\laravel\framework\src\Illuminate\Session\SessionServiceProvider.php(52): Illuminate\Support\Manager->driver()
#2 C:\laragon\www\api\vendor\laravel\framework\src\Illuminate\Container\Container.php(1154): Illuminate\Session\SessionServiceProvider->Illuminate\Session\{closure}(Object(Illuminate\Foundation\Application), Array)
#3 C:\laragon\www\api\vendor\laravel\framework\src\Illuminate\Container\Container.php(972): Illuminate\Container\Container->build(Object(Closure))
#4 C:\laragon\www\api\vendor\laravel\framework\src\Illuminate\Foundation\Application.php(1078): Illuminate\Container\Container->resolve('session.store', Array, true)
#5 C:\laragon\www\api\vendor\laravel\framework\src\Illuminate\Container\Container.php(903): Illuminate\Foundation\Application->resolve('session.store', Array)
#6 C:\laragon\www\api\vendor\laravel\framework\src\Illuminate\Foundation\Application.php(1058): Illuminate\Container\Container->make('session.store', Array)
#7 C:\laragon\www\api\vendor\laravel\framework\src\Illuminate\Container\Container.php(1856): Illuminate\Foundation\Application->make('session.store')
#8 C:\laragon\www\api\vendor\laravel\framework\src\Illuminate\Routing\RoutingServiceProvider.php(121): Illuminate\Container\Container->offsetGet('session.store')
#9 C:\laragon\www\api\vendor\laravel\framework\src\Illuminate\Container\Container.php(1154): Illuminate\Routing\RoutingServiceProvider->Illuminate\Routing\{closure}(Object(Illuminate\Foundation\Application), Array)
#10 C:\laragon\www\api\vendor\laravel\framework\src\Illuminate\Container\Container.php(972): Illuminate\Container\Container->build(Object(Closure))
#11 C:\laragon\www\api\vendor\laravel\framework\src\Illuminate\Foundation\Application.php(1078): Illuminate\Container\Container->resolve('redirect', Array, true)
#12 C:\laragon\www\api\vendor\laravel\framework\src\Illuminate\Container\Container.php(903): Illuminate\Foundation\Application->resolve('redirect', Array)
#13 C:\laragon\www\api\vendor\laravel\framework\src\Illuminate\Foundation\Application.php(1058): Illuminate\Container\Container->make('redirect', Array)
#14 C:\laragon\www\api\vendor\laravel\framework\src\Illuminate\Container\Container.php(1856): Illuminate\Foundation\Application->make('redirect')
#15 C:\laragon\www\api\vendor\laravel\framework\src\Illuminate\Routing\RoutingServiceProvider.php(177): Illuminate\Container\Container->offsetGet('redirect')
#16 C:\laragon\www\api\vendor\laravel\framework\src\Illuminate\Container\Container.php(1154): Illuminate\Routing\RoutingServiceProvider->Illuminate\Routing\{closure}(Object(Illuminate\Foundation\Application), Array)
#17 C:\laragon\www\api\vendor\laravel\framework\src\Illuminate\Container\Container.php(972): Illuminate\Container\Container->build(Object(Closure))
#18 C:\laragon\www\api\vendor\laravel\framework\src\Illuminate\Foundation\Application.php(1078): Illuminate\Container\Container->resolve('Illuminate\\Cont...', Array, true)
#19 C:\laragon\www\api\vendor\laravel\framework\src\Illuminate\Container\Container.php(903): Illuminate\Foundation\Application->resolve('Illuminate\\Cont...', Array)
#20 C:\laragon\www\api\vendor\laravel\framework\src\Illuminate\Foundation\Application.php(1058): Illuminate\Container\Container->make('Illuminate\\Cont...', Array)
#21 C:\laragon\www\api\vendor\laravel\framework\src\Illuminate\Foundation\helpers.php(138): Illuminate\Foundation\Application->make('Illuminate\\Cont...', Array)
#22 C:\laragon\www\api\vendor\laravel\framework\src\Illuminate\Foundation\helpers.php(851): app('Illuminate\\Cont...')
#23 C:\laragon\www\api\vendor\laravel\framework\src\Illuminate\Foundation\Exceptions\Handler.php(1004): response()
#24 C:\laragon\www\api\vendor\laravel\framework\src\Illuminate\Foundation\Exceptions\Handler.php(737): Illuminate\Foundation\Exceptions\Handler->prepareJsonResponse(Object(Illuminate\Http\Request), Object(InvalidArgumentException))
#25 C:\laragon\www\api\vendor\laravel\framework\src\Illuminate\Foundation\Exceptions\Handler.php(626): Illuminate\Foundation\Exceptions\Handler->renderExceptionResponse(Object(Illuminate\Http\Request), Object(InvalidArgumentException))
#26 C:\laragon\www\api\vendor\laravel\framework\src\Illuminate\Foundation\Bootstrap\HandleExceptions.php(221): Illuminate\Foundation\Exceptions\Handler->render(Object(Illuminate\Http\Request), Object(InvalidArgumentException))
#27 C:\laragon\www\api\vendor\laravel\framework\src\Illuminate\Foundation\Bootstrap\HandleExceptions.php(198): Illuminate\Foundation\Bootstrap\HandleExceptions->renderHttpResponse(Object(InvalidArgumentException))
#28 C:\laragon\www\api\vendor\laravel\framework\src\Illuminate\Foundation\Bootstrap\HandleExceptions.php(258): Illuminate\Foundation\Bootstrap\HandleExceptions->handleException(Object(InvalidArgumentException))
#29 [internal function]: Illuminate\Foundation\Bootstrap\HandleExceptions->Illuminate\Foundation\Bootstrap\{closure}(Object(InvalidArgumentException))
#30 {main}
  thrown in C:\laragon\www\api\vendor\laravel\framework\src\Illuminate\Support\Manager.php on line 104
[17-Nov-2025 13:22:01 UTC] PHP Fatal error:  Uncaught InvalidArgumentException: Driver [mongodb] not supported. in C:\laragon\www\api\vendor\laravel\framework\src\Illuminate\Support\Manager.php:104
Stack trace:
#0 C:\laragon\www\api\vendor\laravel\framework\src\Illuminate\Support\Manager.php(78): Illuminate\Support\Manager->createDriver('mongodb')
#1 C:\laragon\www\api\vendor\laravel\framework\src\Illuminate\Session\SessionServiceProvider.php(52): Illuminate\Support\Manager->driver()
#2 C:\laragon\www\api\vendor\laravel\framework\src\Illuminate\Container\Container.php(1154): Illuminate\Session\SessionServiceProvider->Illuminate\Session\{closure}(Object(Illuminate\Foundation\Application), Array)
#3 C:\laragon\www\api\vendor\laravel\framework\src\Illuminate\Container\Container.php(972): Illuminate\Container\Container->build(Object(Closure))
#4 C:\laragon\www\api\vendor\laravel\framework\src\Illuminate\Foundation\Application.php(1078): Illuminate\Container\Container->resolve('session.store', Array, true)
#5 C:\laragon\www\api\vendor\laravel\framework\src\Illuminate\Container\Container.php(903): Illuminate\Foundation\Application->resolve('session.store', Array)
#6 C:\laragon\www\api\vendor\laravel\framework\src\Illuminate\Foundation\Application.php(1058): Illuminate\Container\Container->make('session.store', Array)
#7 C:\laragon\www\api\vendor\laravel\framework\src\Illuminate\Container\Container.php(1856): Illuminate\Foundation\Application->make('session.store')
#8 C:\laragon\www\api\vendor\laravel\framework\src\Illuminate\Routing\RoutingServiceProvider.php(121): Illuminate\Container\Container->offsetGet('session.store')
#9 C:\laragon\www\api\vendor\laravel\framework\src\Illuminate\Container\Container.php(1154): Illuminate\Routing\RoutingServiceProvider->Illuminate\Routing\{closure}(Object(Illuminate\Foundation\Application), Array)
#10 C:\laragon\www\api\vendor\laravel\framework\src\Illuminate\Container\Container.php(972): Illuminate\Container\Container->build(Object(Closure))
#11 C:\laragon\www\api\vendor\laravel\framework\src\Illuminate\Foundation\Application.php(1078): Illuminate\Container\Container->resolve('redirect', Array, true)
#12 C:\laragon\www\api\vendor\laravel\framework\src\Illuminate\Container\Container.php(903): Illuminate\Foundation\Application->resolve('redirect', Array)
#13 C:\laragon\www\api\vendor\laravel\framework\src\Illuminate\Foundation\Application.php(1058): Illuminate\Container\Container->make('redirect', Array)
#14 C:\laragon\www\api\vendor\laravel\framework\src\Illuminate\Container\Container.php(1856): Illuminate\Foundation\Application->make('redirect')
#15 C:\laragon\www\api\vendor\laravel\framework\src\Illuminate\Routing\RoutingServiceProvider.php(177): Illuminate\Container\Container->offsetGet('redirect')
#16 C:\laragon\www\api\vendor\laravel\framework\src\Illuminate\Container\Container.php(1154): Illuminate\Routing\RoutingServiceProvider->Illuminate\Routing\{closure}(Object(Illuminate\Foundation\Application), Array)
#17 C:\laragon\www\api\vendor\laravel\framework\src\Illuminate\Container\Container.php(972): Illuminate\Container\Container->build(Object(Closure))
#18 C:\laragon\www\api\vendor\laravel\framework\src\Illuminate\Foundation\Application.php(1078): Illuminate\Container\Container->resolve('Illuminate\\Cont...', Array, true)
#19 C:\laragon\www\api\vendor\laravel\framework\src\Illuminate\Container\Container.php(903): Illuminate\Foundation\Application->resolve('Illuminate\\Cont...', Array)
#20 C:\laragon\www\api\vendor\laravel\framework\src\Illuminate\Foundation\Application.php(1058): Illuminate\Container\Container->make('Illuminate\\Cont...', Array)
#21 C:\laragon\www\api\vendor\laravel\framework\src\Illuminate\Foundation\helpers.php(138): Illuminate\Foundation\Application->make('Illuminate\\Cont...', Array)
#22 C:\laragon\www\api\vendor\laravel\framework\src\Illuminate\Foundation\helpers.php(851): app('Illuminate\\Cont...')
#23 C:\laragon\www\api\vendor\laravel\framework\src\Illuminate\Foundation\Exceptions\Handler.php(1004): response()
#24 C:\laragon\www\api\vendor\laravel\framework\src\Illuminate\Foundation\Exceptions\Handler.php(737): Illuminate\Foundation\Exceptions\Handler->prepareJsonResponse(Object(Illuminate\Http\Request), Object(Symfony\Component\ErrorHandler\Error\FatalError))
#25 C:\laragon\www\api\vendor\laravel\framework\src\Illuminate\Foundation\Exceptions\Handler.php(626): Illuminate\Foundation\Exceptions\Handler->renderExceptionResponse(Object(Illuminate\Http\Request), Object(Symfony\Component\ErrorHandler\Error\FatalError))
#26 C:\laragon\www\api\vendor\laravel\framework\src\Illuminate\Foundation\Bootstrap\HandleExceptions.php(221): Illuminate\Foundation\Exceptions\Handler->render(Object(Illuminate\Http\Request), Object(Symfony\Component\ErrorHandler\Error\FatalError))
#27 C:\laragon\www\api\vendor\laravel\framework\src\Illuminate\Foundation\Bootstrap\HandleExceptions.php(198): Illuminate\Foundation\Bootstrap\HandleExceptions->renderHttpResponse(Object(Symfony\Component\ErrorHandler\Error\FatalError))
#28 C:\laragon\www\api\vendor\laravel\framework\src\Illuminate\Foundation\Bootstrap\HandleExceptions.php(234): Illuminate\Foundation\Bootstrap\HandleExceptions->handleException(Object(Symfony\Component\ErrorHandler\Error\FatalError))
#29 C:\laragon\www\api\vendor\laravel\framework\src\Illuminate\Foundation\Bootstrap\HandleExceptions.php(258): Illuminate\Foundation\Bootstrap\HandleExceptions->handleShutdown()
#30 [internal function]: Illuminate\Foundation\Bootstrap\HandleExceptions->Illuminate\Foundation\Bootstrap\{closure}()
#31 {main}
  thrown in C:\laragon\www\api\vendor\laravel\framework\src\Illuminate\Support\Manager.php on line 104
[17-Nov-2025 13:24:13 UTC] PHP Fatal error:  Uncaught InvalidArgumentException: Driver [mongodb] not supported. in C:\laragon\www\api\vendor\laravel\framework\src\Illuminate\Support\Manager.php:104
Stack trace:
#0 C:\laragon\www\api\vendor\laravel\framework\src\Illuminate\Support\Manager.php(78): Illuminate\Support\Manager->createDriver('mongodb')
#1 C:\laragon\www\api\vendor\laravel\framework\src\Illuminate\Session\SessionServiceProvider.php(52): Illuminate\Support\Manager->driver()
#2 C:\laragon\www\api\vendor\laravel\framework\src\Illuminate\Container\Container.php(1154): Illuminate\Session\SessionServiceProvider->Illuminate\Session\{closure}(Object(Illuminate\Foundation\Application), Array)
#3 C:\laragon\www\api\vendor\laravel\framework\src\Illuminate\Container\Container.php(972): Illuminate\Container\Container->build(Object(Closure))
#4 C:\laragon\www\api\vendor\laravel\framework\src\Illuminate\Foundation\Application.php(1078): Illuminate\Container\Container->resolve('session.store', Array, true)
#5 C:\laragon\www\api\vendor\laravel\framework\src\Illuminate\Container\Container.php(903): Illuminate\Foundation\Application->resolve('session.store', Array)
#6 C:\laragon\www\api\vendor\laravel\framework\src\Illuminate\Foundation\Application.php(1058): Illuminate\Container\Container->make('session.store', Array)
#7 C:\laragon\www\api\vendor\laravel\framework\src\Illuminate\Container\Container.php(1856): Illuminate\Foundation\Application->make('session.store')
#8 C:\laragon\www\api\vendor\laravel\framework\src\Illuminate\Routing\RoutingServiceProvider.php(121): Illuminate\Container\Container->offsetGet('session.store')
#9 C:\laragon\www\api\vendor\laravel\framework\src\Illuminate\Container\Container.php(1154): Illuminate\Routing\RoutingServiceProvider->Illuminate\Routing\{closure}(Object(Illuminate\Foundation\Application), Array)
#10 C:\laragon\www\api\vendor\laravel\framework\src\Illuminate\Container\Container.php(972): Illuminate\Container\Container->build(Object(Closure))
#11 C:\laragon\www\api\vendor\laravel\framework\src\Illuminate\Foundation\Application.php(1078): Illuminate\Container\Container->resolve('redirect', Array, true)
#12 C:\laragon\www\api\vendor\laravel\framework\src\Illuminate\Container\Container.php(903): Illuminate\Foundation\Application->resolve('redirect', Array)
#13 C:\laragon\www\api\vendor\laravel\framework\src\Illuminate\Foundation\Application.php(1058): Illuminate\Container\Container->make('redirect', Array)
#14 C:\laragon\www\api\vendor\laravel\framework\src\Illuminate\Container\Container.php(1856): Illuminate\Foundation\Application->make('redirect')
#15 C:\laragon\www\api\vendor\laravel\framework\src\Illuminate\Routing\RoutingServiceProvider.php(177): Illuminate\Container\Container->offsetGet('redirect')
#16 C:\laragon\www\api\vendor\laravel\framework\src\Illuminate\Container\Container.php(1154): Illuminate\Routing\RoutingServiceProvider->Illuminate\Routing\{closure}(Object(Illuminate\Foundation\Application), Array)
#17 C:\laragon\www\api\vendor\laravel\framework\src\Illuminate\Container\Container.php(972): Illuminate\Container\Container->build(Object(Closure))
#18 C:\laragon\www\api\vendor\laravel\framework\src\Illuminate\Foundation\Application.php(1078): Illuminate\Container\Container->resolve('Illuminate\\Cont...', Array, true)
#19 C:\laragon\www\api\vendor\laravel\framework\src\Illuminate\Container\Container.php(903): Illuminate\Foundation\Application->resolve('Illuminate\\Cont...', Array)
#20 C:\laragon\www\api\vendor\laravel\framework\src\Illuminate\Foundation\Application.php(1058): Illuminate\Container\Container->make('Illuminate\\Cont...', Array)
#21 C:\laragon\www\api\vendor\laravel\framework\src\Illuminate\Foundation\helpers.php(138): Illuminate\Foundation\Application->make('Illuminate\\Cont...', Array)
#22 C:\laragon\www\api\vendor\laravel\framework\src\Illuminate\Foundation\helpers.php(851): app('Illuminate\\Cont...')
#23 C:\laragon\www\api\vendor\laravel\framework\src\Illuminate\Foundation\Exceptions\Handler.php(1004): response()
#24 C:\laragon\www\api\vendor\laravel\framework\src\Illuminate\Foundation\Exceptions\Handler.php(737): Illuminate\Foundation\Exceptions\Handler->prepareJsonResponse(Object(Illuminate\Http\Request), Object(InvalidArgumentException))
#25 C:\laragon\www\api\vendor\laravel\framework\src\Illuminate\Foundation\Exceptions\Handler.php(626): Illuminate\Foundation\Exceptions\Handler->renderExceptionResponse(Object(Illuminate\Http\Request), Object(InvalidArgumentException))
#26 C:\laragon\www\api\vendor\laravel\framework\src\Illuminate\Foundation\Bootstrap\HandleExceptions.php(221): Illuminate\Foundation\Exceptions\Handler->render(Object(Illuminate\Http\Request), Object(InvalidArgumentException))
#27 C:\laragon\www\api\vendor\laravel\framework\src\Illuminate\Foundation\Bootstrap\HandleExceptions.php(198): Illuminate\Foundation\Bootstrap\HandleExceptions->renderHttpResponse(Object(InvalidArgumentException))
#28 C:\laragon\www\api\vendor\laravel\framework\src\Illuminate\Foundation\Bootstrap\HandleExceptions.php(258): Illuminate\Foundation\Bootstrap\HandleExceptions->handleException(Object(InvalidArgumentException))
#29 [internal function]: Illuminate\Foundation\Bootstrap\HandleExceptions->Illuminate\Foundation\Bootstrap\{closure}(Object(InvalidArgumentException))
#30 {main}
  thrown in C:\laragon\www\api\vendor\laravel\framework\src\Illuminate\Support\Manager.php on line 104
[17-Nov-2025 13:24:13 UTC] PHP Fatal error:  Uncaught InvalidArgumentException: Driver [mongodb] not supported. in C:\laragon\www\api\vendor\laravel\framework\src\Illuminate\Support\Manager.php:104
Stack trace:
#0 C:\laragon\www\api\vendor\laravel\framework\src\Illuminate\Support\Manager.php(78): Illuminate\Support\Manager->createDriver('mongodb')
#1 C:\laragon\www\api\vendor\laravel\framework\src\Illuminate\Session\SessionServiceProvider.php(52): Illuminate\Support\Manager->driver()
#2 C:\laragon\www\api\vendor\laravel\framework\src\Illuminate\Container\Container.php(1154): Illuminate\Session\SessionServiceProvider->Illuminate\Session\{closure}(Object(Illuminate\Foundation\Application), Array)
#3 C:\laragon\www\api\vendor\laravel\framework\src\Illuminate\Container\Container.php(972): Illuminate\Container\Container->build(Object(Closure))
#4 C:\laragon\www\api\vendor\laravel\framework\src\Illuminate\Foundation\Application.php(1078): Illuminate\Container\Container->resolve('session.store', Array, true)
#5 C:\laragon\www\api\vendor\laravel\framework\src\Illuminate\Container\Container.php(903): Illuminate\Foundation\Application->resolve('session.store', Array)
#6 C:\laragon\www\api\vendor\laravel\framework\src\Illuminate\Foundation\Application.php(1058): Illuminate\Container\Container->make('session.store', Array)
#7 C:\laragon\www\api\vendor\laravel\framework\src\Illuminate\Container\Container.php(1856): Illuminate\Foundation\Application->make('session.store')
#8 C:\laragon\www\api\vendor\laravel\framework\src\Illuminate\Routing\RoutingServiceProvider.php(121): Illuminate\Container\Container->offsetGet('session.store')
#9 C:\laragon\www\api\vendor\laravel\framework\src\Illuminate\Container\Container.php(1154): Illuminate\Routing\RoutingServiceProvider->Illuminate\Routing\{closure}(Object(Illuminate\Foundation\Application), Array)
#10 C:\laragon\www\api\vendor\laravel\framework\src\Illuminate\Container\Container.php(972): Illuminate\Container\Container->build(Object(Closure))
#11 C:\laragon\www\api\vendor\laravel\framework\src\Illuminate\Foundation\Application.php(1078): Illuminate\Container\Container->resolve('redirect', Array, true)
#12 C:\laragon\www\api\vendor\laravel\framework\src\Illuminate\Container\Container.php(903): Illuminate\Foundation\Application->resolve('redirect', Array)
#13 C:\laragon\www\api\vendor\laravel\framework\src\Illuminate\Foundation\Application.php(1058): Illuminate\Container\Container->make('redirect', Array)
#14 C:\laragon\www\api\vendor\laravel\framework\src\Illuminate\Container\Container.php(1856): Illuminate\Foundation\Application->make('redirect')
#15 C:\laragon\www\api\vendor\laravel\framework\src\Illuminate\Routing\RoutingServiceProvider.php(177): Illuminate\Container\Container->offsetGet('redirect')
#16 C:\laragon\www\api\vendor\laravel\framework\src\Illuminate\Container\Container.php(1154): Illuminate\Routing\RoutingServiceProvider->Illuminate\Routing\{closure}(Object(Illuminate\Foundation\Application), Array)
#17 C:\laragon\www\api\vendor\laravel\framework\src\Illuminate\Container\Container.php(972): Illuminate\Container\Container->build(Object(Closure))
#18 C:\laragon\www\api\vendor\laravel\framework\src\Illuminate\Foundation\Application.php(1078): Illuminate\Container\Container->resolve('Illuminate\\Cont...', Array, true)
#19 C:\laragon\www\api\vendor\laravel\framework\src\Illuminate\Container\Container.php(903): Illuminate\Foundation\Application->resolve('Illuminate\\Cont...', Array)
#20 C:\laragon\www\api\vendor\laravel\framework\src\Illuminate\Foundation\Application.php(1058): Illuminate\Container\Container->make('Illuminate\\Cont...', Array)
#21 C:\laragon\www\api\vendor\laravel\framework\src\Illuminate\Foundation\helpers.php(138): Illuminate\Foundation\Application->make('Illuminate\\Cont...', Array)
#22 C:\laragon\www\api\vendor\laravel\framework\src\Illuminate\Foundation\helpers.php(851): app('Illuminate\\Cont...')
#23 C:\laragon\www\api\vendor\laravel\framework\src\Illuminate\Foundation\Exceptions\Handler.php(1004): response()
#24 C:\laragon\www\api\vendor\laravel\framework\src\Illuminate\Foundation\Exceptions\Handler.php(737): Illuminate\Foundation\Exceptions\Handler->prepareJsonResponse(Object(Illuminate\Http\Request), Object(Symfony\Component\ErrorHandler\Error\FatalError))
#25 C:\laragon\www\api\vendor\laravel\framework\src\Illuminate\Foundation\Exceptions\Handler.php(626): Illuminate\Foundation\Exceptions\Handler->renderExceptionResponse(Object(Illuminate\Http\Request), Object(Symfony\Component\ErrorHandler\Error\FatalError))
#26 C:\laragon\www\api\vendor\laravel\framework\src\Illuminate\Foundation\Bootstrap\HandleExceptions.php(221): Illuminate\Foundation\Exceptions\Handler->render(Object(Illuminate\Http\Request), Object(Symfony\Component\ErrorHandler\Error\FatalError))
#27 C:\laragon\www\api\vendor\laravel\framework\src\Illuminate\Foundation\Bootstrap\HandleExceptions.php(198): Illuminate\Foundation\Bootstrap\HandleExceptions->renderHttpResponse(Object(Symfony\Component\ErrorHandler\Error\FatalError))
#28 C:\laragon\www\api\vendor\laravel\framework\src\Illuminate\Foundation\Bootstrap\HandleExceptions.php(234): Illuminate\Foundation\Bootstrap\HandleExceptions->handleException(Object(Symfony\Component\ErrorHandler\Error\FatalError))
#29 C:\laragon\www\api\vendor\laravel\framework\src\Illuminate\Foundation\Bootstrap\HandleExceptions.php(258): Illuminate\Foundation\Bootstrap\HandleExceptions->handleShutdown()
#30 [internal function]: Illuminate\Foundation\Bootstrap\HandleExceptions->Illuminate\Foundation\Bootstrap\{closure}()
#31 {main}
  thrown in C:\laragon\www\api\vendor\laravel\framework\src\Illuminate\Support\Manager.php on line 104
[08-Dec-2025 00:27:15 UTC] PHP Fatal error:  Cannot declare class App\Http\Middleware\Cors, because the name is already in use in C:\laragon\www\api\app\Http\Middleware\HandleCors.php on line 8
[08-Dec-2025 00:56:02 UTC] PHP Fatal error:  Cannot declare class App\Http\Controllers\GameController, because the name is already in use in C:\laragon\www\api\app\Models\GameHistory.php on line 11
[10-Dec-2025 04:23:20 UTC] PHP Fatal error:  Cannot use App\Http\Controllers\PlayerBadgeController as PlayerBadgeController because the name is already in use in C:\laragon\www\api\routes\api.php on line 39
[10-Dec-2025 04:23:44 UTC] PHP Fatal error:  Cannot use App\Http\Controllers\PlayerBadgeController as PlayerBadgeController because the name is already in use in C:\laragon\www\api\routes\api.php on line 39
[10-Dec-2025 04:24:04 UTC] PHP Fatal error:  Cannot use App\Http\Controllers\PlayerBadgeController as PlayerBadgeController because the name is already in use in C:\laragon\www\api\routes\api.php on line 39
[10-Dec-2025 04:24:15 UTC] PHP Fatal error:  Cannot use App\Http\Controllers\PlayerBadgeController as PlayerBadgeController because the name is already in use in C:\laragon\www\api\routes\api.php on line 39
[14-Dec-2025 05:56:55 UTC] PHP Fatal error:  Cannot declare class App\Http\Controllers\TestBadgeController, because the name is already in use in C:\laragon\www\api\app\Http\Controllers\OfficialBadgeController.php on line 10
[14-Dec-2025 05:57:46 UTC] PHP Fatal error:  Cannot declare class App\Http\Controllers\TestBadgeController, because the name is already in use in C:\laragon\www\api\app\Http\Controllers\OfficialBadgeController.php on line 10
[14-Dec-2025 05:57:53 UTC] PHP Fatal error:  Cannot declare class App\Http\Controllers\TestBadgeController, because the name is already in use in C:\laragon\www\api\app\Http\Controllers\OfficialBadgeController.php on line 10
[14-Dec-2025 05:58:19 UTC] PHP Fatal error:  Cannot declare class App\Http\Controllers\TestBadgeController, because the name is already in use in C:\laragon\www\api\app\Http\Controllers\OfficialBadgeController.php on line 10
[30-Dec-2025 01:11:47 UTC] PHP Fatal error:  Namespace declaration statement has to be the very first statement or after any declare call in the script in C:\laragon\www\api\app\Models\PlayerBadge.php on line 5
[30-Dec-2025 01:37:45 UTC] PHP Fatal error:  Namespace declaration statement has to be the very first statement or after any declare call in the script in C:\laragon\www\api\app\Models\PlayerBadge.php on line 5
[30-Dec-2025 01:47:42 UTC] PHP Fatal error:  Namespace declaration statement has to be the very first statement or after any declare call in the script in C:\laragon\www\api\app\Models\PlayerBadge.php on line 5
[30-Dec-2025 01:48:39 UTC] PHP Fatal error:  Namespace declaration statement has to be the very first statement or after any declare call in the script in C:\laragon\www\api\app\Models\PlayerBadge.php on line 5
[30-Dec-2025 01:51:21 UTC] PHP Fatal error:  Namespace declaration statement has to be the very first statement or after any declare call in the script in C:\laragon\www\api\app\Models\PlayerBadge.php on line 5
[30-Dec-2025 01:56:31 UTC] PHP Fatal error:  Namespace declaration statement has to be the very first statement or after any declare call in the script in C:\laragon\www\api\app\Models\PlayerBadge.php on line 5
[30-Dec-2025 03:15:52 UTC] PHP Fatal error:  Namespace declaration statement has to be the very first statement or after any declare call in the script in C:\laragon\www\api\app\Models\LeaderboardCache.php on line 4
[30-Dec-2025 04:45:42 UTC] PHP Fatal error:  Namespace declaration statement has to be the very first statement or after any declare call in the script in C:\laragon\www\api\app\Models\LeaderboardCache.php on line 4
[30-Dec-2025 04:57:50 UTC] PHP Fatal error:  Namespace declaration statement has to be the very first statement or after any declare call in the script in C:\laragon\www\api\app\Models\LeaderboardCache.php on line 4
[30-Dec-2025 04:58:42 UTC] PHP Fatal error:  Namespace declaration statement has to be the very first statement or after any declare call in the script in C:\laragon\www\api\app\Models\LeaderboardCache.php on line 4
[01-Jan-2026 11:17:23 UTC] PHP Fatal error:  Cannot redeclare App\Http\Controllers\GameController::recordBattleWin() in app/Http/Controllers/GameController.php on line 424
[01-Jan-2026 11:18:19 UTC] PHP Fatal error:  Cannot redeclare App\Http\Controllers\GameController::recordBattleWin() in app/Http/Controllers/GameController.php on line 424
[09-Mar-2026 08:02:11 UTC] PHP Warning:  require(C:\laragon\www\api/vendor/autoload.php): Failed to open stream: No such file or directory in C:\laragon\www\api\artisan on line 10
[09-Mar-2026 08:02:11 UTC] PHP Fatal error:  Uncaught Error: Failed opening required 'C:\laragon\www\api/vendor/autoload.php' (include_path='.;C:/laragon/etc/php/pear') in C:\laragon\www\api\artisan:10
Stack trace:
#0 {main}
  thrown in C:\laragon\www\api\artisan on line 10
[09-Mar-2026 08:05:06 UTC] PHP Warning:  require(C:\laragon\www\api/vendor/autoload.php): Failed to open stream: No such file or directory in C:\laragon\www\api\artisan on line 10
[09-Mar-2026 08:05:06 UTC] PHP Fatal error:  Uncaught Error: Failed opening required 'C:\laragon\www\api/vendor/autoload.php' (include_path='.;C:/laragon/etc/php/pear') in C:\laragon\www\api\artisan:10
Stack trace:
#0 {main}
  thrown in C:\laragon\www\api\artisan on line 10
[07-Apr-2026 20:17:05 UTC] PHP Fatal error:  Cannot declare class App\Http\Controllers\StarsController, because the name is already in use in C:\laragon\www\api\app\Http\Controllers\UserController.php on line 11
[07-Apr-2026 20:21:33 UTC] PHP Fatal error:  Cannot declare class App\Http\Controllers\StarsController, because the name is already in use in C:\laragon\www\api\app\Http\Controllers\UserController.php on line 11
