[Sun Nov 16 12:21:54.226435 2025] [mpm_winnt:notice] [pid 6920:tid 400] AH00455: Apache/2.4.62 (Win64) OpenSSL/3.0.15 PHP/8.3.26 configured -- resuming normal operations
[Sun Nov 16 12:21:54.226435 2025] [mpm_winnt:notice] [pid 6920:tid 400] AH00456: Apache Lounge VS17 Server built: Sep  4 2024 10:31:52
[Sun Nov 16 12:21:54.226435 2025] [core:notice] [pid 6920:tid 400] AH00094: Command line: 'C:\\laragon\\bin\\apache\\httpd-2.4.62-240904-win64-VS17\\bin\\httpd -d C:/laragon/bin/apache/httpd-2.4.62-240904-win64-VS17'
[Sun Nov 16 12:21:54.303445 2025] [mpm_winnt:notice] [pid 6920:tid 400] AH00418: Parent: Created child process 7384
Apache server interrupted...
025] [mpm_winnt:notice] [pid 7384:tid 404] AH00354: Child: Starting 64 worker threads.
[Sun Nov 16 12:47:43.311300 2025] [mpm_winnt:notice] [pid 6920:tid 400] AH00422: Parent: Received shutdown signal -- Shutting down the server.
Apache server interrupted...
Apache server interrupted...
[Sun Nov 16 12:47:45.334647 2025] [mpm_winnt:notice] [pid 7384:tid 404] AH00364: Child: All worker threads have exited.
[Sun Nov 16 12:47:45.385068 2025] [mpm_winnt:notice] [pid 6920:tid 400] AH00430: Parent: Child process 7384 exited successfully.
[Sun Nov 16 12:48:03.475712 2025] [mpm_winnt:notice] [pid 6772:tid 404] AH00455: Apache/2.4.62 (Win64) OpenSSL/3.0.15 PHP/8.3.26 configured -- resuming normal operations
[Sun Nov 16 12:48:03.476711 2025] [mpm_winnt:notice] [pid 6772:tid 404] AH00456: Apache Lounge VS17 Server built: Sep  4 2024 10:31:52
[Sun Nov 16 12:48:03.476711 2025] [core:notice] [pid 6772:tid 404] AH00094: Command line: 'C:\\laragon\\bin\\apache\\httpd-2.4.62-240904-win64-VS17\\bin\\httpd -d C:/laragon/bin/apache/httpd-2.4.62-240904-win64-VS17'
[Sun Nov 16 12:48:03.496710 2025] [mpm_winnt:notice] [pid 6772:tid 404] AH00418: Parent: Created child process 14380
Apache server interrupted...
025] [mpm_winnt:notice] [pid 14380:tid 396] AH00354: Child: Starting 64 worker threads.
[Sun Nov 16 13:26:14.433088 2025] [mpm_winnt:notice] [pid 6772:tid 404] AH00422: Parent: Received shutdown signal -- Shutting down the server.
[Sun Nov 16 13:26:16.451326 2025] [mpm_winnt:notice] [pid 14380:tid 396] AH00364: Child: All worker threads have exited.
[Sun Nov 16 13:26:16.525583 2025] [mpm_winnt:notice] [pid 6772:tid 404] AH00430: Parent: Child process 14380 exited successfully.
[Sun Nov 16 13:58:15.381870 2025] [mpm_winnt:notice] [pid 3408:tid 400] AH00455: Apache/2.4.62 (Win64) OpenSSL/3.0.15 PHP/8.3.26 configured -- resuming normal operations
[Sun Nov 16 13:58:15.381870 2025] [mpm_winnt:notice] [pid 3408:tid 400] AH00456: Apache Lounge VS17 Server built: Sep  4 2024 10:31:52
[Sun Nov 16 13:58:15.381870 2025] [core:notice] [pid 3408:tid 400] AH00094: Command line: 'C:\\laragon\\bin\\apache\\httpd-2.4.62-240904-win64-VS17\\bin\\httpd -d C:/laragon/bin/apache/httpd-2.4.62-240904-win64-VS17'
[Sun Nov 16 13:58:15.392868 2025] [mpm_winnt:notice] [pid 3408:tid 400] AH00418: Parent: Created child process 8984
Apache server restarting...
2025] [mpm_winnt:notice] [pid 8984:tid 408] AH00354: Child: Starting 64 worker threads.
[Sun Nov 16 14:06:44.764338 2025] [mpm_winnt:notice] [pid 3408:tid 400] AH00424: Parent: Received restart signal -- Restarting the server.
[Sun Nov 16 14:06:44.860856 2025] [mpm_winnt:notice] [pid 3408:tid 400] AH00455: Apache/2.4.62 (Win64) OpenSSL/3.0.15 PHP/8.3.26 configured -- resuming normal operations
[Sun Nov 16 14:06:44.860856 2025] [mpm_winnt:notice] [pid 3408:tid 400] AH00456: Apache Lounge VS17 Server built: Sep  4 2024 10:31:52
[Sun Nov 16 14:06:44.860856 2025] [core:notice] [pid 3408:tid 400] AH00094: Command line: 'C:\\laragon\\bin\\apache\\httpd-2.4.62-240904-win64-VS17\\bin\\httpd -d C:/laragon/bin/apache/httpd-2.4.62-240904-win64-VS17'
[Sun Nov 16 14:06:44.867857 2025] [mpm_winnt:notice] [pid 3408:tid 400] AH00418: Parent: Created child process 3960
Apache server restarting...
[Sun Nov 16 14:06:46.560720 2025] [mpm_winnt:notice] [pid 3408:tid 400] AH00424: Parent: Received restart signal -- Restarting the server.
[Sun Nov 16 14:06:46.563721 2025] [mpm_winnt:notice] [pid 3960:tid 396] AH00354: Child: Starting 64 worker threads.
[Sun Nov 16 14:06:46.578785 2025] [mpm_winnt:error] [pid 3960:tid 1228] (OS 10038)An operation was attempted on something that is not a socket.  : AH00332: winnt_accept: getsockname error on listening socket, is IPv6 available?
[Sun Nov 16 14:06:46.578785 2025] [mpm_winnt:error] [pid 3960:tid 1232] (OS 10038)An operation was attempted on something that is not a socket.  : AH00332: winnt_accept: getsockname error on listening socket, is IPv6 available?
[Sun Nov 16 14:06:46.578785 2025] [mpm_winnt:error] [pid 3960:tid 1236] (OS 10038)An operation was attempted on something that is not a socket.  : AH00332: winnt_accept: getsockname error on listening socket, is IPv6 available?
[Sun Nov 16 14:06:46.579784 2025] [mpm_winnt:error] [pid 3960:tid 1240] (OS 10038)An operation was attempted on something that is not a socket.  : AH00332: winnt_accept: getsockname error on listening socket, is IPv6 available?
[Sun Nov 16 14:06:46.656628 2025] [mpm_winnt:notice] [pid 3408:tid 400] AH00455: Apache/2.4.62 (Win64) OpenSSL/3.0.15 PHP/8.3.26 configured -- resuming normal operations
[Sun Nov 16 14:06:46.656628 2025] [mpm_winnt:notice] [pid 3408:tid 400] AH00456: Apache Lounge VS17 Server built: Sep  4 2024 10:31:52
[Sun Nov 16 14:06:46.656628 2025] [core:notice] [pid 3408:tid 400] AH00094: Command line: 'C:\\laragon\\bin\\apache\\httpd-2.4.62-240904-win64-VS17\\bin\\httpd -d C:/laragon/bin/apache/httpd-2.4.62-240904-win64-VS17'
[Sun Nov 16 14:06:46.663634 2025] [mpm_winnt:notice] [pid 3408:tid 400] AH00418: Parent: Created child process 12624
Apache server restarting...
Apache server restarting...
d 8984:tid 408] AH00364: Child: All worker threads have exited.
[Sun Nov 16 14:06:48.211256 2025] [mpm_winnt:notice] [pid 3408:tid 400] AH00424: Parent: Received restart signal -- Restarting the server.
[Sun Nov 16 14:06:48.212257 2025] [mpm_winnt:notice] [pid 12624:tid 396] AH00354: Child: Starting 64 worker threads.
[Sun Nov 16 14:06:48.229256 2025] [mpm_winnt:error] [pid 12624:tid 1244] (OS 10038)An operation was attempted on something that is not a socket.  : AH00332: winnt_accept: getsockname error on listening socket, is IPv6 available?
[Sun Nov 16 14:06:48.229256 2025] [mpm_winnt:error] [pid 12624:tid 1248] (OS 10038)An operation was attempted on something that is not a socket.  : AH00332: winnt_accept: getsockname error on listening socket, is IPv6 available?
[Sun Nov 16 14:06:48.229256 2025] [mpm_winnt:error] [pid 12624:tid 1252] (OS 10038)An operation was attempted on something that is not a socket.  : AH00332: winnt_accept: getsockname error on listening socket, is IPv6 available?
[Sun Nov 16 14:06:48.230256 2025] [mpm_winnt:error] [pid 12624:tid 1256] (OS 10038)An operation was attempted on something that is not a socket.  : AH00332: winnt_accept: getsockname error on listening socket, is IPv6 available?
[Sun Nov 16 14:06:48.288262 2025] [mpm_winnt:notice] [pid 3408:tid 400] AH00455: Apache/2.4.62 (Win64) OpenSSL/3.0.15 PHP/8.3.26 configured -- resuming normal operations
[Sun Nov 16 14:06:48.288262 2025] [mpm_winnt:notice] [pid 3408:tid 400] AH00456: Apache Lounge VS17 Server built: Sep  4 2024 10:31:52
[Sun Nov 16 14:06:48.288262 2025] [core:notice] [pid 3408:tid 400] AH00094: Command line: 'C:\\laragon\\bin\\apache\\httpd-2.4.62-240904-win64-VS17\\bin\\httpd -d C:/laragon/bin/apache/httpd-2.4.62-240904-win64-VS17'
[Sun Nov 16 14:06:48.295262 2025] [mpm_winnt:notice] [pid 3408:tid 400] AH00418: Parent: Created child process 14364
Apache server interrupted...
025] [mpm_winnt:notice] [pid 3960:tid 396] AH00364: Child: All worker threads have exited.
[Sun Nov 16 14:06:49.342963 2025] [mpm_winnt:notice] [pid 14364:tid 396] AH00354: Child: Starting 64 worker threads.
[Sun Nov 16 14:06:50.236513 2025] [mpm_winnt:notice] [pid 12624:tid 396] AH00364: Child: All worker threads have exited.
[Sun Nov 16 15:19:50.690470 2025] [mpm_winnt:notice] [pid 3408:tid 400] AH00422: Parent: Received shutdown signal -- Shutting down the server.
Apache server interrupted...
Apache server interrupted...
[Sun Nov 16 15:19:52.710575 2025] [mpm_winnt:notice] [pid 14364:tid 396] AH00364: Child: All worker threads have exited.
[Sun Nov 16 15:19:52.795097 2025] [mpm_winnt:notice] [pid 3408:tid 400] AH00430: Parent: Child process 14364 exited successfully.
[Sun Nov 16 22:59:02.600100 2025] [mpm_winnt:notice] [pid 4648:tid 400] AH00455: Apache/2.4.62 (Win64) OpenSSL/3.0.15 PHP/8.3.26 configured -- resuming normal operations
[Sun Nov 16 22:59:02.601101 2025] [mpm_winnt:notice] [pid 4648:tid 400] AH00456: Apache Lounge VS17 Server built: Sep  4 2024 10:31:52
[Sun Nov 16 22:59:02.601101 2025] [core:notice] [pid 4648:tid 400] AH00094: Command line: 'C:\\laragon\\bin\\apache\\httpd-2.4.62-240904-win64-VS17\\bin\\httpd -d C:/laragon/bin/apache/httpd-2.4.62-240904-win64-VS17'
[Sun Nov 16 22:59:02.613100 2025] [mpm_winnt:notice] [pid 4648:tid 400] AH00418: Parent: Created child process 14028
[Sun Nov 16 22:59:03.899844 2025] [mpm_winnt:notice] [pid 14028:tid 396] AH00354: Child: Starting 64 worker threads.
[Mon Nov 17 10:46:17.638549 2025] [core:warn] [pid 16356:tid 372] AH00098: pid file C:/laragon/bin/apache/httpd-2.4.62-240904-win64-VS17/logs/httpd.pid overwritten -- Unclean shutdown of previous Apache run?
[Mon Nov 17 10:46:18.306197 2025] [mpm_winnt:notice] [pid 16356:tid 372] AH00455: Apache/2.4.62 (Win64) OpenSSL/3.0.15 PHP/8.3.26 configured -- resuming normal operations
[Mon Nov 17 10:46:18.306197 2025] [mpm_winnt:notice] [pid 16356:tid 372] AH00456: Apache Lounge VS17 Server built: Sep  4 2024 10:31:52
[Mon Nov 17 10:46:18.306197 2025] [core:notice] [pid 16356:tid 372] AH00094: Command line: 'C:\\laragon\\bin\\apache\\httpd-2.4.62-240904-win64-VS17\\bin\\httpd -d C:/laragon/bin/apache/httpd-2.4.62-240904-win64-VS17'
[Mon Nov 17 10:46:18.346195 2025] [mpm_winnt:notice] [pid 16356:tid 372] AH00418: Parent: Created child process 3060
Apache server interrupted...
025] [mpm_winnt:notice] [pid 3060:tid 368] AH00354: Child: Starting 64 worker threads.
[Mon Nov 17 12:12:49.675919 2025] [mpm_winnt:notice] [pid 16356:tid 372] AH00422: Parent: Received shutdown signal -- Shutting down the server.
Apache server interrupted...
Apache server interrupted...
[Mon Nov 17 12:12:51.688674 2025] [mpm_winnt:notice] [pid 3060:tid 368] AH00364: Child: All worker threads have exited.
[Mon Nov 17 12:12:51.854510 2025] [mpm_winnt:notice] [pid 16356:tid 372] AH00430: Parent: Child process 3060 exited successfully.
[Mon Nov 17 20:51:09.737293 2025] [mpm_winnt:notice] [pid 4276:tid 376] AH00455: Apache/2.4.62 (Win64) OpenSSL/3.0.15 PHP/8.3.26 configured -- resuming normal operations
[Mon Nov 17 20:51:09.737293 2025] [mpm_winnt:notice] [pid 4276:tid 376] AH00456: Apache Lounge VS17 Server built: Sep  4 2024 10:31:52
[Mon Nov 17 20:51:09.737293 2025] [core:notice] [pid 4276:tid 376] AH00094: Command line: 'C:\\laragon\\bin\\apache\\httpd-2.4.62-240904-win64-VS17\\bin\\httpd -d C:/laragon/bin/apache/httpd-2.4.62-240904-win64-VS17'
[Mon Nov 17 20:51:09.888051 2025] [mpm_winnt:notice] [pid 4276:tid 376] AH00418: Parent: Created child process 8968
Apache server restarting...
2025] [mpm_winnt:notice] [pid 8968:tid 368] AH00354: Child: Starting 64 worker threads.
[Mon Nov 17 20:57:36.610539 2025] [mpm_winnt:notice] [pid 4276:tid 376] AH00424: Parent: Received restart signal -- Restarting the server.
[Mon Nov 17 20:57:36.746872 2025] [mpm_winnt:notice] [pid 4276:tid 376] AH00455: Apache/2.4.62 (Win64) OpenSSL/3.0.15 PHP/8.3.26 configured -- resuming normal operations
[Mon Nov 17 20:57:36.746872 2025] [mpm_winnt:notice] [pid 4276:tid 376] AH00456: Apache Lounge VS17 Server built: Sep  4 2024 10:31:52
[Mon Nov 17 20:57:36.746872 2025] [core:notice] [pid 4276:tid 376] AH00094: Command line: 'C:\\laragon\\bin\\apache\\httpd-2.4.62-240904-win64-VS17\\bin\\httpd -d C:/laragon/bin/apache/httpd-2.4.62-240904-win64-VS17'
[Mon Nov 17 20:57:36.774569 2025] [mpm_winnt:notice] [pid 4276:tid 376] AH00418: Parent: Created child process 13288
Apache server restarting...
2025] [mpm_winnt:notice] [pid 13288:tid 364] AH00354: Child: Starting 64 worker threads.
[Mon Nov 17 20:57:38.638636 2025] [mpm_winnt:notice] [pid 8968:tid 368] AH00364: Child: All worker threads have exited.
[Mon Nov 17 20:57:48.549053 2025] [mpm_winnt:notice] [pid 4276:tid 376] AH00424: Parent: Received restart signal -- Restarting the server.
[Mon Nov 17 20:57:48.673633 2025] [mpm_winnt:notice] [pid 4276:tid 376] AH00455: Apache/2.4.62 (Win64) OpenSSL/3.0.15 PHP/8.3.26 configured -- resuming normal operations
[Mon Nov 17 20:57:48.674632 2025] [mpm_winnt:notice] [pid 4276:tid 376] AH00456: Apache Lounge VS17 Server built: Sep  4 2024 10:31:52
[Mon Nov 17 20:57:48.674632 2025] [core:notice] [pid 4276:tid 376] AH00094: Command line: 'C:\\laragon\\bin\\apache\\httpd-2.4.62-240904-win64-VS17\\bin\\httpd -d C:/laragon/bin/apache/httpd-2.4.62-240904-win64-VS17'
[Mon Nov 17 20:57:48.699704 2025] [mpm_winnt:notice] [pid 4276:tid 376] AH00418: Parent: Created child process 6080
Apache server interrupted...
025] [mpm_winnt:notice] [pid 6080:tid 368] AH00354: Child: Starting 64 worker threads.
[Mon Nov 17 20:57:50.559102 2025] [mpm_winnt:notice] [pid 13288:tid 364] AH00364: Child: All worker threads have exited.
[Mon Nov 17 21:35:16.269231 2025] [mpm_winnt:notice] [pid 4276:tid 376] AH00422: Parent: Received shutdown signal -- Shutting down the server.
Apache server interrupted...
Apache server interrupted...
[Mon Nov 17 21:35:18.286372 2025] [mpm_winnt:notice] [pid 6080:tid 368] AH00364: Child: All worker threads have exited.
[Mon Nov 17 21:35:18.331142 2025] [mpm_winnt:notice] [pid 4276:tid 376] AH00430: Parent: Child process 6080 exited successfully.
[Mon Nov 17 21:35:22.275661 2025] [mpm_winnt:notice] [pid 15708:tid 360] AH00455: Apache/2.4.62 (Win64) OpenSSL/3.0.15 PHP/8.3.26 configured -- resuming normal operations
[Mon Nov 17 21:35:22.275661 2025] [mpm_winnt:notice] [pid 15708:tid 360] AH00456: Apache Lounge VS17 Server built: Sep  4 2024 10:31:52
[Mon Nov 17 21:35:22.275661 2025] [core:notice] [pid 15708:tid 360] AH00094: Command line: 'C:\\laragon\\bin\\apache\\httpd-2.4.62-240904-win64-VS17\\bin\\httpd -d C:/laragon/bin/apache/httpd-2.4.62-240904-win64-VS17'
[Mon Nov 17 21:35:22.281661 2025] [mpm_winnt:notice] [pid 15708:tid 360] AH00418: Parent: Created child process 1292
[Mon Nov 17 21:35:23.471001 2025] [mpm_winnt:notice] [pid 1292:tid 372] AH00354: Child: Starting 64 worker threads.
[Tue Nov 18 07:10:06.507299 2025] [core:warn] [pid 17984:tid 372] AH00098: pid file C:/laragon/bin/apache/httpd-2.4.62-240904-win64-VS17/logs/httpd.pid overwritten -- Unclean shutdown of previous Apache run?
[Tue Nov 18 07:10:06.940324 2025] [mpm_winnt:notice] [pid 17984:tid 372] AH00455: Apache/2.4.62 (Win64) OpenSSL/3.0.15 PHP/8.3.26 configured -- resuming normal operations
[Tue Nov 18 07:10:06.940324 2025] [mpm_winnt:notice] [pid 17984:tid 372] AH00456: Apache Lounge VS17 Server built: Sep  4 2024 10:31:52
[Tue Nov 18 07:10:06.940324 2025] [core:notice] [pid 17984:tid 372] AH00094: Command line: 'C:\\laragon\\bin\\apache\\httpd-2.4.62-240904-win64-VS17\\bin\\httpd -d C:/laragon/bin/apache/httpd-2.4.62-240904-win64-VS17'
[Tue Nov 18 07:10:06.948299 2025] [mpm_winnt:notice] [pid 17984:tid 372] AH00418: Parent: Created child process 19936
Apache server interrupted...
025] [mpm_winnt:notice] [pid 19936:tid 368] AH00354: Child: Starting 64 worker threads.
[Tue Nov 18 11:21:51.589417 2025] [mpm_winnt:notice] [pid 17984:tid 372] AH00422: Parent: Received shutdown signal -- Shutting down the server.
Apache server interrupted...
Apache server interrupted...
Apache server interrupted...
Apache server interrupted...
: All worker threads have exited.
[Tue Nov 18 11:21:59.901088 2025] [mpm_winnt:notice] [pid 17984:tid 372] AH00430: Parent: Child process 19936 exited successfully.
[Tue Nov 18 18:51:37.843764 2025] [mpm_winnt:notice] [pid 10764:tid 392] AH00455: Apache/2.4.62 (Win64) OpenSSL/3.0.15 PHP/8.3.26 configured -- resuming normal operations
[Tue Nov 18 18:51:37.843764 2025] [mpm_winnt:notice] [pid 10764:tid 392] AH00456: Apache Lounge VS17 Server built: Sep  4 2024 10:31:52
[Tue Nov 18 18:51:37.844764 2025] [core:notice] [pid 10764:tid 392] AH00094: Command line: 'C:\\laragon\\bin\\apache\\httpd-2.4.62-240904-win64-VS17\\bin\\httpd -d C:/laragon/bin/apache/httpd-2.4.62-240904-win64-VS17'
[Tue Nov 18 18:51:37.859771 2025] [mpm_winnt:notice] [pid 10764:tid 392] AH00418: Parent: Created child process 8612
[Tue Nov 18 18:51:39.679810 2025] [mpm_winnt:notice] [pid 8612:tid 368] AH00354: Child: Starting 64 worker threads.
[Wed Nov 19 22:10:37.829717 2025] [core:warn] [pid 332:tid 448] AH00098: pid file C:/laragon/bin/apache/httpd-2.4.62-240904-win64-VS17/logs/httpd.pid overwritten -- Unclean shutdown of previous Apache run?
[Wed Nov 19 22:10:38.019359 2025] [mpm_winnt:notice] [pid 332:tid 448] AH00455: Apache/2.4.62 (Win64) OpenSSL/3.0.15 PHP/8.3.26 configured -- resuming normal operations
[Wed Nov 19 22:10:38.019359 2025] [mpm_winnt:notice] [pid 332:tid 448] AH00456: Apache Lounge VS17 Server built: Sep  4 2024 10:31:52
[Wed Nov 19 22:10:38.019359 2025] [core:notice] [pid 332:tid 448] AH00094: Command line: 'C:\\laragon\\bin\\apache\\httpd-2.4.62-240904-win64-VS17\\bin\\httpd -d C:/laragon/bin/apache/httpd-2.4.62-240904-win64-VS17'
[Wed Nov 19 22:10:38.027376 2025] [mpm_winnt:notice] [pid 332:tid 448] AH00418: Parent: Created child process 16092
Apache server restarting...
2025] [mpm_winnt:notice] [pid 16092:tid 444] AH00354: Child: Starting 64 worker threads.
[Wed Nov 19 22:13:46.614484 2025] [mpm_winnt:notice] [pid 332:tid 448] AH00424: Parent: Received restart signal -- Restarting the server.
[Wed Nov 19 22:13:46.777157 2025] [mpm_winnt:notice] [pid 332:tid 448] AH00455: Apache/2.4.62 (Win64) OpenSSL/3.0.15 PHP/8.3.26 configured -- resuming normal operations
[Wed Nov 19 22:13:46.777157 2025] [mpm_winnt:notice] [pid 332:tid 448] AH00456: Apache Lounge VS17 Server built: Sep  4 2024 10:31:52
[Wed Nov 19 22:13:46.777157 2025] [core:notice] [pid 332:tid 448] AH00094: Command line: 'C:\\laragon\\bin\\apache\\httpd-2.4.62-240904-win64-VS17\\bin\\httpd -d C:/laragon/bin/apache/httpd-2.4.62-240904-win64-VS17'
[Wed Nov 19 22:13:46.785187 2025] [mpm_winnt:notice] [pid 332:tid 448] AH00418: Parent: Created child process 2284
Apache server interrupted...
025] [mpm_winnt:notice] [pid 16092:tid 444] AH00364: Child: All worker threads have exited.
[Wed Nov 19 22:13:50.264977 2025] [mpm_winnt:notice] [pid 2284:tid 444] AH00354: Child: Starting 64 worker threads.
[Wed Nov 19 23:00:08.308159 2025] [mpm_winnt:notice] [pid 332:tid 448] AH00422: Parent: Received shutdown signal -- Shutting down the server.
Apache server interrupted...
[Wed Nov 19 23:00:10.499253 2025] [mpm_winnt:notice] [pid 2284:tid 444] AH00364: Child: All worker threads have exited.
[Wed Nov 19 23:00:10.654095 2025] [mpm_winnt:notice] [pid 332:tid 448] AH00430: Parent: Child process 2284 exited successfully.
[Wed Nov 19 23:04:14.446615 2025] [mpm_winnt:notice] [pid 9440:tid 448] AH00455: Apache/2.4.62 (Win64) OpenSSL/3.0.15 PHP/8.3.26 configured -- resuming normal operations
[Wed Nov 19 23:04:14.448622 2025] [mpm_winnt:notice] [pid 9440:tid 448] AH00456: Apache Lounge VS17 Server built: Sep  4 2024 10:31:52
[Wed Nov 19 23:04:14.448622 2025] [core:notice] [pid 9440:tid 448] AH00094: Command line: 'C:\\laragon\\bin\\apache\\httpd-2.4.62-240904-win64-VS17\\bin\\httpd -d C:/laragon/bin/apache/httpd-2.4.62-240904-win64-VS17'
[Wed Nov 19 23:04:14.462416 2025] [mpm_winnt:notice] [pid 9440:tid 448] AH00418: Parent: Created child process 12880
Apache server interrupted...
025] [mpm_winnt:notice] [pid 12880:tid 444] AH00354: Child: Starting 64 worker threads.
[Thu Nov 20 04:46:08.812462 2025] [mpm_winnt:notice] [pid 9440:tid 448] AH00422: Parent: Received shutdown signal -- Shutting down the server.
Apache server interrupted...
Apache server interrupted...
Apache server interrupted...
Apache server interrupted...
: All worker threads have exited.
[Thu Nov 20 04:46:20.932380 2025] [mpm_winnt:notice] [pid 9440:tid 448] AH00430: Parent: Child process 12880 exited successfully.
[Thu Nov 20 13:24:44.755412 2025] [mpm_winnt:notice] [pid 8104:tid 452] AH00455: Apache/2.4.62 (Win64) OpenSSL/3.0.15 PHP/8.3.26 configured -- resuming normal operations
[Thu Nov 20 13:24:44.761575 2025] [mpm_winnt:notice] [pid 8104:tid 452] AH00456: Apache Lounge VS17 Server built: Sep  4 2024 10:31:52
[Thu Nov 20 13:24:44.761575 2025] [core:notice] [pid 8104:tid 452] AH00094: Command line: 'C:\\laragon\\bin\\apache\\httpd-2.4.62-240904-win64-VS17\\bin\\httpd -d C:/laragon/bin/apache/httpd-2.4.62-240904-win64-VS17'
[Thu Nov 20 13:24:44.771404 2025] [mpm_winnt:notice] [pid 8104:tid 452] AH00418: Parent: Created child process 8420
[Thu Nov 20 13:24:46.723742 2025] [mpm_winnt:notice] [pid 8420:tid 444] AH00354: Child: Starting 64 worker threads.
[Fri Nov 21 09:49:16.686161 2025] [core:warn] [pid 8156:tid 448] AH00098: pid file C:/laragon/bin/apache/httpd-2.4.62-240904-win64-VS17/logs/httpd.pid overwritten -- Unclean shutdown of previous Apache run?
[Fri Nov 21 09:49:17.455731 2025] [mpm_winnt:notice] [pid 8156:tid 448] AH00455: Apache/2.4.62 (Win64) OpenSSL/3.0.15 PHP/8.3.26 configured -- resuming normal operations
[Fri Nov 21 09:49:17.455731 2025] [mpm_winnt:notice] [pid 8156:tid 448] AH00456: Apache Lounge VS17 Server built: Sep  4 2024 10:31:52
[Fri Nov 21 09:49:17.455731 2025] [core:notice] [pid 8156:tid 448] AH00094: Command line: 'C:\\laragon\\bin\\apache\\httpd-2.4.62-240904-win64-VS17\\bin\\httpd -d C:/laragon/bin/apache/httpd-2.4.62-240904-win64-VS17'
[Fri Nov 21 09:49:17.469730 2025] [mpm_winnt:notice] [pid 8156:tid 448] AH00418: Parent: Created child process 15000
Apache server interrupted...
025] [mpm_winnt:notice] [pid 15000:tid 444] AH00354: Child: Starting 64 worker threads.
[Fri Nov 21 22:59:47.747853 2025] [mpm_winnt:notice] [pid 8156:tid 448] AH00422: Parent: Received shutdown signal -- Shutting down the server.
Apache server interrupted...
Apache server interrupted...
Apache server interrupted...
Apache server interrupted...
15000:tid 444] AH00364: Child: All worker threads have exited.
[Fri Nov 21 22:59:53.207180 2025] [mpm_winnt:notice] [pid 8156:tid 448] AH00430: Parent: Child process 15000 exited successfully.
[Fri Nov 21 23:14:47.788438 2025] [mpm_winnt:notice] [pid 6444:tid 448] AH00455: Apache/2.4.62 (Win64) OpenSSL/3.0.15 PHP/8.3.26 configured -- resuming normal operations
[Fri Nov 21 23:14:47.788438 2025] [mpm_winnt:notice] [pid 6444:tid 448] AH00456: Apache Lounge VS17 Server built: Sep  4 2024 10:31:52
[Fri Nov 21 23:14:47.788438 2025] [core:notice] [pid 6444:tid 448] AH00094: Command line: 'C:\\laragon\\bin\\apache\\httpd-2.4.62-240904-win64-VS17\\bin\\httpd -d C:/laragon/bin/apache/httpd-2.4.62-240904-win64-VS17'
[Fri Nov 21 23:14:47.802489 2025] [mpm_winnt:notice] [pid 6444:tid 448] AH00418: Parent: Created child process 11816
[Fri Nov 21 23:14:49.457621 2025] [mpm_winnt:notice] [pid 11816:tid 444] AH00354: Child: Starting 64 worker threads.
[Sat Nov 22 01:11:44.952814 2025] [core:warn] [pid 5428:tid 448] AH00098: pid file C:/laragon/bin/apache/httpd-2.4.62-240904-win64-VS17/logs/httpd.pid overwritten -- Unclean shutdown of previous Apache run?
[Sat Nov 22 01:11:45.730593 2025] [mpm_winnt:notice] [pid 5428:tid 448] AH00455: Apache/2.4.62 (Win64) OpenSSL/3.0.15 PHP/8.3.26 configured -- resuming normal operations
[Sat Nov 22 01:11:45.730593 2025] [mpm_winnt:notice] [pid 5428:tid 448] AH00456: Apache Lounge VS17 Server built: Sep  4 2024 10:31:52
[Sat Nov 22 01:11:45.730593 2025] [core:notice] [pid 5428:tid 448] AH00094: Command line: 'C:\\laragon\\bin\\apache\\httpd-2.4.62-240904-win64-VS17\\bin\\httpd -d C:/laragon/bin/apache/httpd-2.4.62-240904-win64-VS17'
[Sat Nov 22 01:11:45.885553 2025] [mpm_winnt:notice] [pid 5428:tid 448] AH00418: Parent: Created child process 12400
Apache server interrupted...
025] [mpm_winnt:notice] [pid 12400:tid 444] AH00354: Child: Starting 64 worker threads.
[Sat Nov 22 01:31:13.562247 2025] [mpm_winnt:notice] [pid 5428:tid 448] AH00422: Parent: Received shutdown signal -- Shutting down the server.
Apache server interrupted...
Apache server interrupted...
Apache server interrupted...
Apache server interrupted...
12400:tid 444] AH00364: Child: All worker threads have exited.
[Sat Nov 22 01:31:18.038132 2025] [mpm_winnt:notice] [pid 5428:tid 448] AH00430: Parent: Child process 12400 exited successfully.
[Sun Nov 23 18:20:48.036437 2025] [mpm_winnt:notice] [pid 18084:tid 448] AH00455: Apache/2.4.62 (Win64) OpenSSL/3.0.15 PHP/8.3.26 configured -- resuming normal operations
[Sun Nov 23 18:20:48.044383 2025] [mpm_winnt:notice] [pid 18084:tid 448] AH00456: Apache Lounge VS17 Server built: Sep  4 2024 10:31:52
[Sun Nov 23 18:20:48.044383 2025] [core:notice] [pid 18084:tid 448] AH00094: Command line: 'C:\\laragon\\bin\\apache\\httpd-2.4.62-240904-win64-VS17\\bin\\httpd -d C:/laragon/bin/apache/httpd-2.4.62-240904-win64-VS17'
[Sun Nov 23 18:20:48.070210 2025] [mpm_winnt:notice] [pid 18084:tid 448] AH00418: Parent: Created child process 4396
Apache server interrupted...
025] [mpm_winnt:notice] [pid 4396:tid 444] AH00354: Child: Starting 64 worker threads.
[Sun Nov 23 18:34:34.835023 2025] [mpm_winnt:notice] [pid 18084:tid 448] AH00422: Parent: Received shutdown signal -- Shutting down the server.
Apache server interrupted...
Apache server interrupted...
Apache server interrupted...
Apache server interrupted...
4396:tid 444] AH00364: Child: All worker threads have exited.
[Sun Nov 23 18:34:45.027200 2025] [mpm_winnt:notice] [pid 18084:tid 448] AH00430: Parent: Child process 4396 exited successfully.
[Sun Nov 23 18:35:09.662905 2025] [mpm_winnt:notice] [pid 15800:tid 448] AH00455: Apache/2.4.62 (Win64) OpenSSL/3.0.15 PHP/8.3.26 configured -- resuming normal operations
[Sun Nov 23 18:35:09.662905 2025] [mpm_winnt:notice] [pid 15800:tid 448] AH00456: Apache Lounge VS17 Server built: Sep  4 2024 10:31:52
[Sun Nov 23 18:35:09.662905 2025] [core:notice] [pid 15800:tid 448] AH00094: Command line: 'C:\\laragon\\bin\\apache\\httpd-2.4.62-240904-win64-VS17\\bin\\httpd -d C:/laragon/bin/apache/httpd-2.4.62-240904-win64-VS17'
[Sun Nov 23 18:35:09.690724 2025] [mpm_winnt:notice] [pid 15800:tid 448] AH00418: Parent: Created child process 12044
Apache server restarting...
2025] [mpm_winnt:notice] [pid 12044:tid 448] AH00354: Child: Starting 64 worker threads.
[Sun Nov 23 18:35:19.102807 2025] [mpm_winnt:notice] [pid 15800:tid 448] AH00424: Parent: Received restart signal -- Restarting the server.
[Sun Nov 23 18:35:19.229018 2025] [mpm_winnt:notice] [pid 15800:tid 448] AH00455: Apache/2.4.62 (Win64) OpenSSL/3.0.15 PHP/8.3.26 configured -- resuming normal operations
[Sun Nov 23 18:35:19.229018 2025] [mpm_winnt:notice] [pid 15800:tid 448] AH00456: Apache Lounge VS17 Server built: Sep  4 2024 10:31:52
[Sun Nov 23 18:35:19.229018 2025] [core:notice] [pid 15800:tid 448] AH00094: Command line: 'C:\\laragon\\bin\\apache\\httpd-2.4.62-240904-win64-VS17\\bin\\httpd -d C:/laragon/bin/apache/httpd-2.4.62-240904-win64-VS17'
[Sun Nov 23 18:35:19.233985 2025] [mpm_winnt:notice] [pid 15800:tid 448] AH00418: Parent: Created child process 14500
Apache server restarting...
2025] [mpm_winnt:notice] [pid 12044:tid 448] AH00364: Child: All worker threads have exited.
[Sun Nov 23 18:35:21.388697 2025] [mpm_winnt:notice] [pid 14500:tid 448] AH00354: Child: Starting 64 worker threads.
[Sun Nov 23 18:35:21.712771 2025] [mpm_winnt:notice] [pid 15800:tid 448] AH00424: Parent: Received restart signal -- Restarting the server.
[Sun Nov 23 18:35:21.814030 2025] [mpm_winnt:notice] [pid 15800:tid 448] AH00455: Apache/2.4.62 (Win64) OpenSSL/3.0.15 PHP/8.3.26 configured -- resuming normal operations
[Sun Nov 23 18:35:21.814030 2025] [mpm_winnt:notice] [pid 15800:tid 448] AH00456: Apache Lounge VS17 Server built: Sep  4 2024 10:31:52
[Sun Nov 23 18:35:21.814030 2025] [core:notice] [pid 15800:tid 448] AH00094: Command line: 'C:\\laragon\\bin\\apache\\httpd-2.4.62-240904-win64-VS17\\bin\\httpd -d C:/laragon/bin/apache/httpd-2.4.62-240904-win64-VS17'
[Sun Nov 23 18:35:21.819997 2025] [mpm_winnt:notice] [pid 15800:tid 448] AH00418: Parent: Created child process 11912
Apache server restarting...
2025] [mpm_winnt:notice] [pid 11912:tid 444] AH00354: Child: Starting 64 worker threads.
[Sun Nov 23 18:35:23.649052 2025] [mpm_winnt:notice] [pid 15800:tid 448] AH00424: Parent: Received restart signal -- Restarting the server.
[Sun Nov 23 18:35:23.749904 2025] [mpm_winnt:notice] [pid 14500:tid 448] AH00364: Child: All worker threads have exited.
[Sun Nov 23 18:35:23.753879 2025] [mpm_winnt:notice] [pid 15800:tid 448] AH00455: Apache/2.4.62 (Win64) OpenSSL/3.0.15 PHP/8.3.26 configured -- resuming normal operations
[Sun Nov 23 18:35:23.753879 2025] [mpm_winnt:notice] [pid 15800:tid 448] AH00456: Apache Lounge VS17 Server built: Sep  4 2024 10:31:52
[Sun Nov 23 18:35:23.753879 2025] [core:notice] [pid 15800:tid 448] AH00094: Command line: 'C:\\laragon\\bin\\apache\\httpd-2.4.62-240904-win64-VS17\\bin\\httpd -d C:/laragon/bin/apache/httpd-2.4.62-240904-win64-VS17'
[Sun Nov 23 18:35:23.759840 2025] [mpm_winnt:notice] [pid 15800:tid 448] AH00418: Parent: Created child process 8116
Apache server restarting...
2025] [mpm_winnt:notice] [pid 8116:tid 444] AH00354: Child: Starting 64 worker threads.
[Sun Nov 23 18:35:25.470466 2025] [mpm_winnt:notice] [pid 15800:tid 448] AH00424: Parent: Received restart signal -- Restarting the server.
[Sun Nov 23 18:35:25.577284 2025] [mpm_winnt:notice] [pid 15800:tid 448] AH00455: Apache/2.4.62 (Win64) OpenSSL/3.0.15 PHP/8.3.26 configured -- resuming normal operations
[Sun Nov 23 18:35:25.577284 2025] [mpm_winnt:notice] [pid 15800:tid 448] AH00456: Apache Lounge VS17 Server built: Sep  4 2024 10:31:52
[Sun Nov 23 18:35:25.577284 2025] [core:notice] [pid 15800:tid 448] AH00094: Command line: 'C:\\laragon\\bin\\apache\\httpd-2.4.62-240904-win64-VS17\\bin\\httpd -d C:/laragon/bin/apache/httpd-2.4.62-240904-win64-VS17'
[Sun Nov 23 18:35:25.583246 2025] [mpm_winnt:notice] [pid 15800:tid 448] AH00418: Parent: Created child process 8408
Apache server restarting...
2025] [mpm_winnt:notice] [pid 11912:tid 444] AH00364: Child: All worker threads have exited.
[Sun Nov 23 18:35:27.715235 2025] [mpm_winnt:notice] [pid 8116:tid 444] AH00364: Child: All worker threads have exited.
[Sun Nov 23 18:35:28.997446 2025] [mpm_winnt:notice] [pid 15800:tid 448] AH00424: Parent: Received restart signal -- Restarting the server.
[Sun Nov 23 18:35:29.000425 2025] [mpm_winnt:notice] [pid 8408:tid 456] AH00354: Child: Starting 64 worker threads.
[Sun Nov 23 18:35:29.017389 2025] [mpm_winnt:error] [pid 8408:tid 1224] (OS 10038)An operation was attempted on something that is not a socket.  : AH00332: winnt_accept: getsockname error on listening socket, is IPv6 available?
[Sun Nov 23 18:35:29.017389 2025] [mpm_winnt:error] [pid 8408:tid 1236] (OS 10038)An operation was attempted on something that is not a socket.  : AH00332: winnt_accept: getsockname error on listening socket, is IPv6 available?
[Sun Nov 23 18:35:29.017389 2025] [mpm_winnt:error] [pid 8408:tid 1232] (OS 10038)An operation was attempted on something that is not a socket.  : AH00332: winnt_accept: getsockname error on listening socket, is IPv6 available?
[Sun Nov 23 18:35:29.017389 2025] [mpm_winnt:error] [pid 8408:tid 1240] (OS 10038)An operation was attempted on something that is not a socket.  : AH00332: winnt_accept: getsockname error on listening socket, is IPv6 available?
[Sun Nov 23 18:35:29.144668 2025] [mpm_winnt:notice] [pid 15800:tid 448] AH00455: Apache/2.4.62 (Win64) OpenSSL/3.0.15 PHP/8.3.26 configured -- resuming normal operations
[Sun Nov 23 18:35:29.144668 2025] [mpm_winnt:notice] [pid 15800:tid 448] AH00456: Apache Lounge VS17 Server built: Sep  4 2024 10:31:52
[Sun Nov 23 18:35:29.144668 2025] [core:notice] [pid 15800:tid 448] AH00094: Command line: 'C:\\laragon\\bin\\apache\\httpd-2.4.62-240904-win64-VS17\\bin\\httpd -d C:/laragon/bin/apache/httpd-2.4.62-240904-win64-VS17'
[Sun Nov 23 18:35:29.150142 2025] [mpm_winnt:notice] [pid 15800:tid 448] AH00418: Parent: Created child process 11756
Apache server interrupted...
025] [mpm_winnt:notice] [pid 8408:tid 456] AH00364: Child: All worker threads have exited.
[Sun Nov 23 18:35:32.706301 2025] [mpm_winnt:notice] [pid 11756:tid 440] AH00354: Child: Starting 64 worker threads.
[Mon Nov 24 00:18:47.418567 2025] [mpm_winnt:notice] [pid 15800:tid 448] AH00422: Parent: Received shutdown signal -- Shutting down the server.
Apache server interrupted...
Apache server interrupted...
Apache server interrupted...
Apache server interrupted...
11756:tid 440] AH00364: Child: All worker threads have exited.
[Mon Nov 24 00:18:51.799047 2025] [mpm_winnt:notice] [pid 15800:tid 448] AH00430: Parent: Child process 11756 exited successfully.
[Mon Nov 24 19:55:26.646892 2025] [mpm_winnt:notice] [pid 11456:tid 92] AH00455: Apache/2.4.62 (Win64) OpenSSL/3.0.15 PHP/8.3.26 configured -- resuming normal operations
[Mon Nov 24 19:55:26.658813 2025] [mpm_winnt:notice] [pid 11456:tid 92] AH00456: Apache Lounge VS17 Server built: Sep  4 2024 10:31:52
[Mon Nov 24 19:55:26.659805 2025] [core:notice] [pid 11456:tid 92] AH00094: Command line: 'C:\\laragon\\bin\\apache\\httpd-2.4.62-240904-win64-VS17\\bin\\httpd -d C:/laragon/bin/apache/httpd-2.4.62-240904-win64-VS17'
[Mon Nov 24 19:55:26.679945 2025] [mpm_winnt:notice] [pid 11456:tid 92] AH00418: Parent: Created child process 4248
Apache server interrupted...
025] [mpm_winnt:notice] [pid 4248:tid 456] AH00354: Child: Starting 64 worker threads.
[Mon Nov 24 23:51:08.469153 2025] [mpm_winnt:notice] [pid 11456:tid 92] AH00422: Parent: Received shutdown signal -- Shutting down the server.
Apache server interrupted...
Apache server interrupted...
[Mon Nov 24 23:51:10.499666 2025] [mpm_winnt:notice] [pid 4248:tid 456] AH00364: Child: All worker threads have exited.
[Mon Nov 24 23:51:10.790363 2025] [mpm_winnt:notice] [pid 11456:tid 92] AH00430: Parent: Child process 4248 exited successfully.
[Tue Nov 25 19:38:15.622243 2025] [mpm_winnt:notice] [pid 3924:tid 448] AH00455: Apache/2.4.62 (Win64) OpenSSL/3.0.15 PHP/8.3.26 configured -- resuming normal operations
[Tue Nov 25 19:38:15.625222 2025] [mpm_winnt:notice] [pid 3924:tid 448] AH00456: Apache Lounge VS17 Server built: Sep  4 2024 10:31:52
[Tue Nov 25 19:38:15.625222 2025] [core:notice] [pid 3924:tid 448] AH00094: Command line: 'C:\\laragon\\bin\\apache\\httpd-2.4.62-240904-win64-VS17\\bin\\httpd -d C:/laragon/bin/apache/httpd-2.4.62-240904-win64-VS17'
[Tue Nov 25 19:38:15.649063 2025] [mpm_winnt:notice] [pid 3924:tid 448] AH00418: Parent: Created child process 4304
Apache server interrupted...
025] [mpm_winnt:notice] [pid 4304:tid 444] AH00354: Child: Starting 64 worker threads.
[Tue Nov 25 23:05:45.197077 2025] [mpm_winnt:notice] [pid 3924:tid 448] AH00422: Parent: Received shutdown signal -- Shutting down the server.
Apache server interrupted...
Apache server interrupted...
Apache server interrupted...
Apache server interrupted...
4304:tid 444] AH00364: Child: All worker threads have exited.
[Tue Nov 25 23:05:50.523552 2025] [mpm_winnt:notice] [pid 3924:tid 448] AH00430: Parent: Child process 4304 exited successfully.
[Wed Nov 26 14:04:52.245206 2025] [mpm_winnt:notice] [pid 11468:tid 448] AH00455: Apache/2.4.62 (Win64) OpenSSL/3.0.15 PHP/8.3.26 configured -- resuming normal operations
[Wed Nov 26 14:04:52.252172 2025] [mpm_winnt:notice] [pid 11468:tid 448] AH00456: Apache Lounge VS17 Server built: Sep  4 2024 10:31:52
[Wed Nov 26 14:04:52.252172 2025] [core:notice] [pid 11468:tid 448] AH00094: Command line: 'C:\\laragon\\bin\\apache\\httpd-2.4.62-240904-win64-VS17\\bin\\httpd -d C:/laragon/bin/apache/httpd-2.4.62-240904-win64-VS17'
[Wed Nov 26 14:04:52.260122 2025] [mpm_winnt:notice] [pid 11468:tid 448] AH00418: Parent: Created child process 16000
Apache server interrupted...
025] [mpm_winnt:notice] [pid 16000:tid 444] AH00354: Child: Starting 64 worker threads.
[Wed Nov 26 16:55:45.881944 2025] [mpm_winnt:notice] [pid 11468:tid 448] AH00422: Parent: Received shutdown signal -- Shutting down the server.
Apache server interrupted...
Apache server interrupted...
[Wed Nov 26 16:55:47.908700 2025] [mpm_winnt:notice] [pid 16000:tid 444] AH00364: Child: All worker threads have exited.
[Wed Nov 26 16:55:48.008069 2025] [mpm_winnt:notice] [pid 11468:tid 448] AH00430: Parent: Child process 16000 exited successfully.
[Wed Nov 26 22:05:52.218346 2025] [mpm_winnt:notice] [pid 1972:tid 448] AH00455: Apache/2.4.62 (Win64) OpenSSL/3.0.15 PHP/8.3.26 configured -- resuming normal operations
[Wed Nov 26 22:05:52.219338 2025] [mpm_winnt:notice] [pid 1972:tid 448] AH00456: Apache Lounge VS17 Server built: Sep  4 2024 10:31:52
[Wed Nov 26 22:05:52.219338 2025] [core:notice] [pid 1972:tid 448] AH00094: Command line: 'C:\\laragon\\bin\\apache\\httpd-2.4.62-240904-win64-VS17\\bin\\httpd -d C:/laragon/bin/apache/httpd-2.4.62-240904-win64-VS17'
[Wed Nov 26 22:05:52.237291 2025] [mpm_winnt:notice] [pid 1972:tid 448] AH00418: Parent: Created child process 732
Apache server interrupted...
025] [mpm_winnt:notice] [pid 732:tid 440] AH00354: Child: Starting 64 worker threads.
[Thu Nov 27 01:46:23.449431 2025] [mpm_winnt:notice] [pid 1972:tid 448] AH00422: Parent: Received shutdown signal -- Shutting down the server.
Apache server interrupted...
Apache server interrupted...
Apache server interrupted...
732:tid 440] AH00364: Child: All worker threads have exited.
[Thu Nov 27 01:46:28.563615 2025] [mpm_winnt:notice] [pid 1972:tid 448] AH00430: Parent: Child process 732 exited successfully.
[Thu Nov 27 10:00:33.553029 2025] [mpm_winnt:notice] [pid 13836:tid 448] AH00455: Apache/2.4.62 (Win64) OpenSSL/3.0.15 PHP/8.3.26 configured -- resuming normal operations
[Thu Nov 27 10:00:33.663750 2025] [mpm_winnt:notice] [pid 13836:tid 448] AH00456: Apache Lounge VS17 Server built: Sep  4 2024 10:31:52
[Thu Nov 27 10:00:33.663750 2025] [core:notice] [pid 13836:tid 448] AH00094: Command line: 'C:\\laragon\\bin\\apache\\httpd-2.4.62-240904-win64-VS17\\bin\\httpd -d C:/laragon/bin/apache/httpd-2.4.62-240904-win64-VS17'
[Thu Nov 27 10:00:33.711236 2025] [mpm_winnt:notice] [pid 13836:tid 448] AH00418: Parent: Created child process 11616
[Thu Nov 27 10:00:44.288645 2025] [mpm_winnt:notice] [pid 11616:tid 444] AH00354: Child: Starting 64 worker threads.
[Thu Nov 27 20:57:13.751438 2025] [core:warn] [pid 9048:tid 448] AH00098: pid file C:/laragon/bin/apache/httpd-2.4.62-240904-win64-VS17/logs/httpd.pid overwritten -- Unclean shutdown of previous Apache run?
[Thu Nov 27 20:57:16.168750 2025] [mpm_winnt:notice] [pid 9048:tid 448] AH00455: Apache/2.4.62 (Win64) OpenSSL/3.0.15 PHP/8.3.26 configured -- resuming normal operations
[Thu Nov 27 20:57:16.168750 2025] [mpm_winnt:notice] [pid 9048:tid 448] AH00456: Apache Lounge VS17 Server built: Sep  4 2024 10:31:52
[Thu Nov 27 20:57:16.168750 2025] [core:notice] [pid 9048:tid 448] AH00094: Command line: 'C:\\laragon\\bin\\apache\\httpd-2.4.62-240904-win64-VS17\\bin\\httpd -d C:/laragon/bin/apache/httpd-2.4.62-240904-win64-VS17'
[Thu Nov 27 20:57:16.186547 2025] [mpm_winnt:notice] [pid 9048:tid 448] AH00418: Parent: Created child process 14684
Apache server interrupted...
025] [mpm_winnt:notice] [pid 14684:tid 444] AH00354: Child: Starting 64 worker threads.
[Fri Nov 28 00:14:00.012065 2025] [mpm_winnt:notice] [pid 9048:tid 448] AH00422: Parent: Received shutdown signal -- Shutting down the server.
Apache server interrupted...
Apache server interrupted...
Apache server interrupted...
Apache server interrupted...
14684:tid 444] AH00364: Child: All worker threads have exited.
[Fri Nov 28 00:14:04.208774 2025] [mpm_winnt:notice] [pid 9048:tid 448] AH00430: Parent: Child process 14684 exited successfully.
[Fri Nov 28 15:37:57.985849 2025] [mpm_winnt:notice] [pid 3020:tid 448] AH00455: Apache/2.4.62 (Win64) OpenSSL/3.0.15 PHP/8.3.26 configured -- resuming normal operations
[Fri Nov 28 15:37:57.986842 2025] [mpm_winnt:notice] [pid 3020:tid 448] AH00456: Apache Lounge VS17 Server built: Sep  4 2024 10:31:52
[Fri Nov 28 15:37:57.986842 2025] [core:notice] [pid 3020:tid 448] AH00094: Command line: 'C:\\laragon\\bin\\apache\\httpd-2.4.62-240904-win64-VS17\\bin\\httpd -d C:/laragon/bin/apache/httpd-2.4.62-240904-win64-VS17'
[Fri Nov 28 15:37:58.003731 2025] [mpm_winnt:notice] [pid 3020:tid 448] AH00418: Parent: Created child process 13344
Apache server interrupted...
025] [mpm_winnt:notice] [pid 13344:tid 176] AH00354: Child: Starting 64 worker threads.
[Fri Nov 28 15:55:21.315016 2025] [mpm_winnt:notice] [pid 3020:tid 448] AH00422: Parent: Received shutdown signal -- Shutting down the server.
Apache server interrupted...
Apache server interrupted...
Apache server interrupted...
Apache server interrupted...
Apache server interrupted...
Apache server interrupted...
ted.
[Fri Nov 28 15:55:30.172372 2025] [mpm_winnt:notice] [pid 3020:tid 448] AH00430: Parent: Child process 13344 exited successfully.
[Sat Nov 29 00:35:12.871218 2025] [mpm_winnt:notice] [pid 9608:tid 448] AH00455: Apache/2.4.62 (Win64) OpenSSL/3.0.15 PHP/8.3.26 configured -- resuming normal operations
[Sat Nov 29 00:35:12.872217 2025] [mpm_winnt:notice] [pid 9608:tid 448] AH00456: Apache Lounge VS17 Server built: Sep  4 2024 10:31:52
[Sat Nov 29 00:35:12.872217 2025] [core:notice] [pid 9608:tid 448] AH00094: Command line: 'C:\\laragon\\bin\\apache\\httpd-2.4.62-240904-win64-VS17\\bin\\httpd -d C:/laragon/bin/apache/httpd-2.4.62-240904-win64-VS17'
[Sat Nov 29 00:35:12.884651 2025] [mpm_winnt:notice] [pid 9608:tid 448] AH00418: Parent: Created child process 13320
Apache server interrupted...
025] [mpm_winnt:notice] [pid 13320:tid 444] AH00354: Child: Starting 64 worker threads.
[Sat Nov 29 02:03:17.874472 2025] [mpm_winnt:notice] [pid 9608:tid 448] AH00422: Parent: Received shutdown signal -- Shutting down the server.
Apache server interrupted...
Apache server interrupted...
[Sat Nov 29 02:03:19.891111 2025] [mpm_winnt:notice] [pid 13320:tid 444] AH00364: Child: All worker threads have exited.
[Sat Nov 29 02:03:20.149691 2025] [mpm_winnt:notice] [pid 9608:tid 448] AH00430: Parent: Child process 13320 exited successfully.
[Sun Nov 30 18:47:44.491781 2025] [mpm_winnt:notice] [pid 11168:tid 448] AH00455: Apache/2.4.62 (Win64) OpenSSL/3.0.15 PHP/8.3.26 configured -- resuming normal operations
[Sun Nov 30 18:47:44.493768 2025] [mpm_winnt:notice] [pid 11168:tid 448] AH00456: Apache Lounge VS17 Server built: Sep  4 2024 10:31:52
[Sun Nov 30 18:47:44.493768 2025] [core:notice] [pid 11168:tid 448] AH00094: Command line: 'C:\\laragon\\bin\\apache\\httpd-2.4.62-240904-win64-VS17\\bin\\httpd -d C:/laragon/bin/apache/httpd-2.4.62-240904-win64-VS17'
[Sun Nov 30 18:47:44.504695 2025] [mpm_winnt:notice] [pid 11168:tid 448] AH00418: Parent: Created child process 972
Apache server interrupted...
025] [mpm_winnt:notice] [pid 972:tid 444] AH00354: Child: Starting 64 worker threads.
[Sun Nov 30 18:48:42.188394 2025] [mpm_winnt:notice] [pid 11168:tid 448] AH00422: Parent: Received shutdown signal -- Shutting down the server.
Apache server interrupted...
[Sun Nov 30 18:48:44.200910 2025] [mpm_winnt:notice] [pid 972:tid 444] AH00364: Child: All worker threads have exited.
[Sun Nov 30 18:48:44.250103 2025] [mpm_winnt:notice] [pid 11168:tid 448] AH00430: Parent: Child process 972 exited successfully.
[Sun Nov 30 18:59:05.845176 2025] [mpm_winnt:notice] [pid 13288:tid 448] AH00455: Apache/2.4.62 (Win64) OpenSSL/3.0.15 PHP/8.3.26 configured -- resuming normal operations
[Sun Nov 30 18:59:05.859083 2025] [mpm_winnt:notice] [pid 13288:tid 448] AH00456: Apache Lounge VS17 Server built: Sep  4 2024 10:31:52
[Sun Nov 30 18:59:05.859083 2025] [core:notice] [pid 13288:tid 448] AH00094: Command line: 'C:\\laragon\\bin\\apache\\httpd-2.4.62-240904-win64-VS17\\bin\\httpd -d C:/laragon/bin/apache/httpd-2.4.62-240904-win64-VS17'
[Sun Nov 30 18:59:05.889877 2025] [mpm_winnt:notice] [pid 13288:tid 448] AH00418: Parent: Created child process 8048
Apache server interrupted...
025] [mpm_winnt:notice] [pid 8048:tid 416] AH00354: Child: Starting 64 worker threads.
[Sun Nov 30 21:06:07.678632 2025] [mpm_winnt:notice] [pid 13288:tid 448] AH00422: Parent: Received shutdown signal -- Shutting down the server.
Apache server interrupted...
Apache server interrupted...
Apache server interrupted...
Apache server interrupted...
8048:tid 416] AH00364: Child: All worker threads have exited.
[Sun Nov 30 21:06:12.341918 2025] [mpm_winnt:notice] [pid 13288:tid 448] AH00430: Parent: Child process 8048 exited successfully.
[Mon Dec 01 09:50:44.209951 2025] [mpm_winnt:notice] [pid 9308:tid 448] AH00455: Apache/2.4.62 (Win64) OpenSSL/3.0.15 PHP/8.3.26 configured -- resuming normal operations
[Mon Dec 01 09:50:44.210945 2025] [mpm_winnt:notice] [pid 9308:tid 448] AH00456: Apache Lounge VS17 Server built: Sep  4 2024 10:31:52
[Mon Dec 01 09:50:44.210945 2025] [core:notice] [pid 9308:tid 448] AH00094: Command line: 'C:\\laragon\\bin\\apache\\httpd-2.4.62-240904-win64-VS17\\bin\\httpd -d C:/laragon/bin/apache/httpd-2.4.62-240904-win64-VS17'
[Mon Dec 01 09:50:44.321099 2025] [mpm_winnt:notice] [pid 9308:tid 448] AH00418: Parent: Created child process 7468
Apache server interrupted...
025] [mpm_winnt:notice] [pid 7468:tid 448] AH00354: Child: Starting 64 worker threads.
[Mon Dec 01 11:34:26.857734 2025] [mpm_winnt:notice] [pid 9308:tid 448] AH00422: Parent: Received shutdown signal -- Shutting down the server.
Apache server interrupted...
Apache server interrupted...
Apache server interrupted...
Apache server interrupted...
7468:tid 448] AH00364: Child: All worker threads have exited.
[Mon Dec 01 11:34:31.418996 2025] [mpm_winnt:notice] [pid 9308:tid 448] AH00430: Parent: Child process 7468 exited successfully.
[Mon Dec 01 22:11:23.007154 2025] [mpm_winnt:notice] [pid 11084:tid 448] AH00455: Apache/2.4.62 (Win64) OpenSSL/3.0.15 PHP/8.3.26 configured -- resuming normal operations
[Mon Dec 01 22:11:23.008651 2025] [mpm_winnt:notice] [pid 11084:tid 448] AH00456: Apache Lounge VS17 Server built: Sep  4 2024 10:31:52
[Mon Dec 01 22:11:23.008651 2025] [core:notice] [pid 11084:tid 448] AH00094: Command line: 'C:\\laragon\\bin\\apache\\httpd-2.4.62-240904-win64-VS17\\bin\\httpd -d C:/laragon/bin/apache/httpd-2.4.62-240904-win64-VS17'
[Mon Dec 01 22:11:23.146594 2025] [mpm_winnt:notice] [pid 11084:tid 448] AH00418: Parent: Created child process 1148
[Mon Dec 01 22:11:29.862311 2025] [mpm_winnt:notice] [pid 1148:tid 444] AH00354: Child: Starting 64 worker threads.
[Tue Dec 02 07:46:11.344786 2025] [core:warn] [pid 14256:tid 448] AH00098: pid file C:/laragon/bin/apache/httpd-2.4.62-240904-win64-VS17/logs/httpd.pid overwritten -- Unclean shutdown of previous Apache run?
[Tue Dec 02 07:46:11.950464 2025] [mpm_winnt:notice] [pid 14256:tid 448] AH00455: Apache/2.4.62 (Win64) OpenSSL/3.0.15 PHP/8.3.26 configured -- resuming normal operations
[Tue Dec 02 07:46:11.950464 2025] [mpm_winnt:notice] [pid 14256:tid 448] AH00456: Apache Lounge VS17 Server built: Sep  4 2024 10:31:52
[Tue Dec 02 07:46:11.950464 2025] [core:notice] [pid 14256:tid 448] AH00094: Command line: 'C:\\laragon\\bin\\apache\\httpd-2.4.62-240904-win64-VS17\\bin\\httpd -d C:/laragon/bin/apache/httpd-2.4.62-240904-win64-VS17'
[Tue Dec 02 07:46:11.963023 2025] [mpm_winnt:notice] [pid 14256:tid 448] AH00418: Parent: Created child process 3376
Apache server interrupted...
025] [mpm_winnt:notice] [pid 3376:tid 448] AH00354: Child: Starting 64 worker threads.
[Tue Dec 02 12:03:24.125631 2025] [mpm_winnt:notice] [pid 14256:tid 448] AH00422: Parent: Received shutdown signal -- Shutting down the server.
Apache server interrupted...
Apache server interrupted...
Apache server interrupted...
Apache server interrupted...
3376:tid 448] AH00364: Child: All worker threads have exited.
[Tue Dec 02 12:03:28.849825 2025] [mpm_winnt:notice] [pid 14256:tid 448] AH00430: Parent: Child process 3376 exited successfully.
[Tue Dec 02 19:28:16.253530 2025] [mpm_winnt:notice] [pid 21196:tid 448] AH00455: Apache/2.4.62 (Win64) OpenSSL/3.0.15 PHP/8.3.26 configured -- resuming normal operations
[Tue Dec 02 19:28:16.254523 2025] [mpm_winnt:notice] [pid 21196:tid 448] AH00456: Apache Lounge VS17 Server built: Sep  4 2024 10:31:52
[Tue Dec 02 19:28:16.254523 2025] [core:notice] [pid 21196:tid 448] AH00094: Command line: 'C:\\laragon\\bin\\apache\\httpd-2.4.62-240904-win64-VS17\\bin\\httpd -d C:/laragon/bin/apache/httpd-2.4.62-240904-win64-VS17'
[Tue Dec 02 19:28:16.265957 2025] [mpm_winnt:notice] [pid 21196:tid 448] AH00418: Parent: Created child process 9536
[Tue Dec 02 19:28:20.699820 2025] [mpm_winnt:notice] [pid 9536:tid 444] AH00354: Child: Starting 64 worker threads.
[Wed Dec 03 11:51:28.866799 2025] [core:warn] [pid 14648:tid 448] AH00098: pid file C:/laragon/bin/apache/httpd-2.4.62-240904-win64-VS17/logs/httpd.pid overwritten -- Unclean shutdown of previous Apache run?
[Wed Dec 03 11:51:30.165874 2025] [mpm_winnt:notice] [pid 14648:tid 448] AH00455: Apache/2.4.62 (Win64) OpenSSL/3.0.15 PHP/8.3.26 configured -- resuming normal operations
[Wed Dec 03 11:51:30.165874 2025] [mpm_winnt:notice] [pid 14648:tid 448] AH00456: Apache Lounge VS17 Server built: Sep  4 2024 10:31:52
[Wed Dec 03 11:51:30.165874 2025] [core:notice] [pid 14648:tid 448] AH00094: Command line: 'C:\\laragon\\bin\\apache\\httpd-2.4.62-240904-win64-VS17\\bin\\httpd -d C:/laragon/bin/apache/httpd-2.4.62-240904-win64-VS17'
[Wed Dec 03 11:51:30.278647 2025] [mpm_winnt:notice] [pid 14648:tid 448] AH00418: Parent: Created child process 3908
[Wed Dec 03 11:51:37.207327 2025] [mpm_winnt:notice] [pid 3908:tid 444] AH00354: Child: Starting 64 worker threads.
[Wed Dec 03 21:13:44.952296 2025] [core:warn] [pid 11588:tid 452] AH00098: pid file C:/laragon/bin/apache/httpd-2.4.62-240904-win64-VS17/logs/httpd.pid overwritten -- Unclean shutdown of previous Apache run?
[Wed Dec 03 21:13:49.081083 2025] [mpm_winnt:notice] [pid 11588:tid 452] AH00455: Apache/2.4.62 (Win64) OpenSSL/3.0.15 PHP/8.3.26 configured -- resuming normal operations
[Wed Dec 03 21:13:49.081083 2025] [mpm_winnt:notice] [pid 11588:tid 452] AH00456: Apache Lounge VS17 Server built: Sep  4 2024 10:31:52
[Wed Dec 03 21:13:49.081083 2025] [core:notice] [pid 11588:tid 452] AH00094: Command line: 'C:\\laragon\\bin\\apache\\httpd-2.4.62-240904-win64-VS17\\bin\\httpd -d C:/laragon/bin/apache/httpd-2.4.62-240904-win64-VS17'
[Wed Dec 03 21:13:49.098489 2025] [mpm_winnt:notice] [pid 11588:tid 452] AH00418: Parent: Created child process 7116
Apache server interrupted...
025] [mpm_winnt:notice] [pid 7116:tid 444] AH00354: Child: Starting 64 worker threads.
[Thu Dec 04 00:35:33.702665 2025] [mpm_winnt:notice] [pid 11588:tid 452] AH00422: Parent: Received shutdown signal -- Shutting down the server.
Apache server interrupted...
Apache server interrupted...
[Thu Dec 04 00:35:35.713007 2025] [mpm_winnt:notice] [pid 7116:tid 444] AH00364: Child: All worker threads have exited.
[Thu Dec 04 00:35:35.926016 2025] [mpm_winnt:notice] [pid 11588:tid 452] AH00430: Parent: Child process 7116 exited successfully.
[Thu Dec 04 09:06:18.566932 2025] [mpm_winnt:notice] [pid 16164:tid 192] AH00455: Apache/2.4.62 (Win64) OpenSSL/3.0.15 PHP/8.3.26 configured -- resuming normal operations
[Thu Dec 04 09:06:18.570903 2025] [mpm_winnt:notice] [pid 16164:tid 192] AH00456: Apache Lounge VS17 Server built: Sep  4 2024 10:31:52
[Thu Dec 04 09:06:18.570903 2025] [core:notice] [pid 16164:tid 192] AH00094: Command line: 'C:\\laragon\\bin\\apache\\httpd-2.4.62-240904-win64-VS17\\bin\\httpd -d C:/laragon/bin/apache/httpd-2.4.62-240904-win64-VS17'
[Thu Dec 04 09:06:18.580838 2025] [mpm_winnt:notice] [pid 16164:tid 192] AH00418: Parent: Created child process 14664
Apache server interrupted...
025] [mpm_winnt:notice] [pid 14664:tid 448] AH00354: Child: Starting 64 worker threads.
[Thu Dec 04 13:24:18.843295 2025] [mpm_winnt:notice] [pid 16164:tid 192] AH00422: Parent: Received shutdown signal -- Shutting down the server.
Apache server interrupted...
Apache server interrupted...
Apache server interrupted...
Apache server interrupted...
14664:tid 448] AH00364: Child: All worker threads have exited.
[Thu Dec 04 13:24:22.976363 2025] [mpm_winnt:notice] [pid 16164:tid 192] AH00430: Parent: Child process 14664 exited successfully.
[Fri Dec 05 11:30:58.157754 2025] [mpm_winnt:notice] [pid 15012:tid 448] AH00455: Apache/2.4.62 (Win64) OpenSSL/3.0.15 PHP/8.3.26 configured -- resuming normal operations
[Fri Dec 05 11:30:58.158747 2025] [mpm_winnt:notice] [pid 15012:tid 448] AH00456: Apache Lounge VS17 Server built: Sep  4 2024 10:31:52
[Fri Dec 05 11:30:58.158747 2025] [core:notice] [pid 15012:tid 448] AH00094: Command line: 'C:\\laragon\\bin\\apache\\httpd-2.4.62-240904-win64-VS17\\bin\\httpd -d C:/laragon/bin/apache/httpd-2.4.62-240904-win64-VS17'
[Fri Dec 05 11:30:58.166694 2025] [mpm_winnt:notice] [pid 15012:tid 448] AH00418: Parent: Created child process 13972
Apache server interrupted...
025] [mpm_winnt:notice] [pid 13972:tid 444] AH00354: Child: Starting 64 worker threads.
[Fri Dec 05 13:34:38.155868 2025] [mpm_winnt:notice] [pid 15012:tid 448] AH00422: Parent: Received shutdown signal -- Shutting down the server.
Apache server interrupted...
Apache server interrupted...
[Fri Dec 05 13:34:40.175377 2025] [mpm_winnt:notice] [pid 13972:tid 444] AH00364: Child: All worker threads have exited.
[Fri Dec 05 13:34:40.308402 2025] [mpm_winnt:notice] [pid 15012:tid 448] AH00430: Parent: Child process 13972 exited successfully.
[Sat Dec 06 09:33:48.966667 2025] [mpm_winnt:notice] [pid 1392:tid 448] AH00455: Apache/2.4.62 (Win64) OpenSSL/3.0.15 PHP/8.3.26 configured -- resuming normal operations
[Sat Dec 06 09:33:48.969197 2025] [mpm_winnt:notice] [pid 1392:tid 448] AH00456: Apache Lounge VS17 Server built: Sep  4 2024 10:31:52
[Sat Dec 06 09:33:48.969197 2025] [core:notice] [pid 1392:tid 448] AH00094: Command line: 'C:\\laragon\\bin\\apache\\httpd-2.4.62-240904-win64-VS17\\bin\\httpd -d C:/laragon/bin/apache/httpd-2.4.62-240904-win64-VS17'
[Sat Dec 06 09:33:48.990138 2025] [mpm_winnt:notice] [pid 1392:tid 448] AH00418: Parent: Created child process 14264
[Sat Dec 06 09:33:50.659556 2025] [mpm_winnt:notice] [pid 14264:tid 448] AH00354: Child: Starting 64 worker threads.
[Sun Dec 07 20:22:35.046659 2025] [core:warn] [pid 15392:tid 448] AH00098: pid file C:/laragon/bin/apache/httpd-2.4.62-240904-win64-VS17/logs/httpd.pid overwritten -- Unclean shutdown of previous Apache run?
[Sun Dec 07 20:22:36.910643 2025] [mpm_winnt:notice] [pid 15392:tid 448] AH00455: Apache/2.4.62 (Win64) OpenSSL/3.0.15 PHP/8.3.26 configured -- resuming normal operations
[Sun Dec 07 20:22:36.910643 2025] [mpm_winnt:notice] [pid 15392:tid 448] AH00456: Apache Lounge VS17 Server built: Sep  4 2024 10:31:52
[Sun Dec 07 20:22:36.910643 2025] [core:notice] [pid 15392:tid 448] AH00094: Command line: 'C:\\laragon\\bin\\apache\\httpd-2.4.62-240904-win64-VS17\\bin\\httpd -d C:/laragon/bin/apache/httpd-2.4.62-240904-win64-VS17'
[Sun Dec 07 20:22:36.970056 2025] [mpm_winnt:notice] [pid 15392:tid 448] AH00418: Parent: Created child process 18356
Apache server interrupted...
025] [mpm_winnt:notice] [pid 18356:tid 444] AH00354: Child: Starting 64 worker threads.
[Tue Dec 09 00:50:57.826930 2025] [mpm_winnt:notice] [pid 15392:tid 448] AH00422: Parent: Received shutdown signal -- Shutting down the server.
Apache server interrupted...
Apache server interrupted...
18356:tid 444] AH00364: Child: All worker threads have exited.
[Tue Dec 09 00:51:02.237254 2025] [mpm_winnt:notice] [pid 15392:tid 448] AH00430: Parent: Child process 18356 exited successfully.
[Tue Dec 09 07:45:57.583238 2025] [mpm_winnt:notice] [pid 1996:tid 452] AH00455: Apache/2.4.62 (Win64) OpenSSL/3.0.15 PHP/8.3.26 configured -- resuming normal operations
[Tue Dec 09 07:45:57.584232 2025] [mpm_winnt:notice] [pid 1996:tid 452] AH00456: Apache Lounge VS17 Server built: Sep  4 2024 10:31:52
[Tue Dec 09 07:45:57.584232 2025] [core:notice] [pid 1996:tid 452] AH00094: Command line: 'C:\\laragon\\bin\\apache\\httpd-2.4.62-240904-win64-VS17\\bin\\httpd -d C:/laragon/bin/apache/httpd-2.4.62-240904-win64-VS17'
[Tue Dec 09 07:45:57.676612 2025] [mpm_winnt:notice] [pid 1996:tid 452] AH00418: Parent: Created child process 7936
Apache server interrupted...
025] [mpm_winnt:notice] [pid 7936:tid 448] AH00354: Child: Starting 64 worker threads.
[Tue Dec 09 09:17:45.205697 2025] [mpm_winnt:notice] [pid 1996:tid 452] AH00422: Parent: Received shutdown signal -- Shutting down the server.
Apache server interrupted...
Apache server interrupted...
Apache server interrupted...
Apache server interrupted...
7936:tid 448] AH00364: Child: All worker threads have exited.
[Tue Dec 09 09:17:49.162197 2025] [mpm_winnt:notice] [pid 1996:tid 452] AH00430: Parent: Child process 7936 exited successfully.
[Tue Dec 09 10:09:11.715961 2025] [mpm_winnt:notice] [pid 8984:tid 448] AH00455: Apache/2.4.62 (Win64) OpenSSL/3.0.15 PHP/8.3.26 configured -- resuming normal operations
[Tue Dec 09 10:09:11.716955 2025] [mpm_winnt:notice] [pid 8984:tid 448] AH00456: Apache Lounge VS17 Server built: Sep  4 2024 10:31:52
[Tue Dec 09 10:09:11.716955 2025] [core:notice] [pid 8984:tid 448] AH00094: Command line: 'C:\\laragon\\bin\\apache\\httpd-2.4.62-240904-win64-VS17\\bin\\httpd -d C:/laragon/bin/apache/httpd-2.4.62-240904-win64-VS17'
[Tue Dec 09 10:09:11.733931 2025] [mpm_winnt:notice] [pid 8984:tid 448] AH00418: Parent: Created child process 7604
Apache server interrupted...
025] [mpm_winnt:notice] [pid 7604:tid 444] AH00354: Child: Starting 64 worker threads.
[Tue Dec 09 10:58:29.895602 2025] [mpm_winnt:notice] [pid 8984:tid 448] AH00422: Parent: Received shutdown signal -- Shutting down the server.
Apache server interrupted...
Apache server interrupted...
Apache server interrupted...
Apache server interrupted...
7604:tid 444] AH00364: Child: All worker threads have exited.
[Tue Dec 09 10:58:34.310279 2025] [mpm_winnt:notice] [pid 8984:tid 448] AH00430: Parent: Child process 7604 exited successfully.
[Wed Dec 10 11:48:15.665940 2025] [mpm_winnt:notice] [pid 11040:tid 448] AH00455: Apache/2.4.62 (Win64) OpenSSL/3.0.15 PHP/8.3.26 configured -- resuming normal operations
[Wed Dec 10 11:48:15.665940 2025] [mpm_winnt:notice] [pid 11040:tid 448] AH00456: Apache Lounge VS17 Server built: Sep  4 2024 10:31:52
[Wed Dec 10 11:48:15.665940 2025] [core:notice] [pid 11040:tid 448] AH00094: Command line: 'C:\\laragon\\bin\\apache\\httpd-2.4.62-240904-win64-VS17\\bin\\httpd -d C:/laragon/bin/apache/httpd-2.4.62-240904-win64-VS17'
[Wed Dec 10 11:48:15.673887 2025] [mpm_winnt:notice] [pid 11040:tid 448] AH00418: Parent: Created child process 9596
Apache server interrupted...
025] [mpm_winnt:notice] [pid 9596:tid 444] AH00354: Child: Starting 64 worker threads.
[Wed Dec 10 14:08:06.787101 2025] [mpm_winnt:notice] [pid 11040:tid 448] AH00422: Parent: Received shutdown signal -- Shutting down the server.
Apache server interrupted...
[Wed Dec 10 14:08:08.802363 2025] [mpm_winnt:notice] [pid 9596:tid 444] AH00364: Child: All worker threads have exited.
[Wed Dec 10 14:08:08.978347 2025] [mpm_winnt:notice] [pid 11040:tid 448] AH00430: Parent: Child process 9596 exited successfully.
[Thu Dec 11 07:06:55.437835 2025] [mpm_winnt:notice] [pid 16112:tid 448] AH00455: Apache/2.4.62 (Win64) OpenSSL/3.0.15 PHP/8.3.26 configured -- resuming normal operations
[Thu Dec 11 07:06:55.439821 2025] [mpm_winnt:notice] [pid 16112:tid 448] AH00456: Apache Lounge VS17 Server built: Sep  4 2024 10:31:52
[Thu Dec 11 07:06:55.439821 2025] [core:notice] [pid 16112:tid 448] AH00094: Command line: 'C:\\laragon\\bin\\apache\\httpd-2.4.62-240904-win64-VS17\\bin\\httpd -d C:/laragon/bin/apache/httpd-2.4.62-240904-win64-VS17'
[Thu Dec 11 07:06:55.450750 2025] [mpm_winnt:notice] [pid 16112:tid 448] AH00418: Parent: Created child process 7612
[Thu Dec 11 07:06:57.172616 2025] [mpm_winnt:notice] [pid 7612:tid 452] AH00354: Child: Starting 64 worker threads.
[Fri Dec 12 07:58:04.175870 2025] [core:warn] [pid 11992:tid 456] AH00098: pid file C:/laragon/bin/apache/httpd-2.4.62-240904-win64-VS17/logs/httpd.pid overwritten -- Unclean shutdown of previous Apache run?
[Fri Dec 12 07:58:05.200326 2025] [mpm_winnt:notice] [pid 11992:tid 456] AH00455: Apache/2.4.62 (Win64) OpenSSL/3.0.15 PHP/8.3.26 configured -- resuming normal operations
[Fri Dec 12 07:58:05.200326 2025] [mpm_winnt:notice] [pid 11992:tid 456] AH00456: Apache Lounge VS17 Server built: Sep  4 2024 10:31:52
[Fri Dec 12 07:58:05.200326 2025] [core:notice] [pid 11992:tid 456] AH00094: Command line: 'C:\\laragon\\bin\\apache\\httpd-2.4.62-240904-win64-VS17\\bin\\httpd -d C:/laragon/bin/apache/httpd-2.4.62-240904-win64-VS17'
[Fri Dec 12 07:58:05.250351 2025] [mpm_winnt:notice] [pid 11992:tid 456] AH00418: Parent: Created child process 6996
[Fri Dec 12 07:58:16.234475 2025] [mpm_winnt:notice] [pid 6996:tid 444] AH00354: Child: Starting 64 worker threads.
[Sat Dec 13 04:27:39.836199 2025] [core:warn] [pid 17288:tid 448] AH00098: pid file C:/laragon/bin/apache/httpd-2.4.62-240904-win64-VS17/logs/httpd.pid overwritten -- Unclean shutdown of previous Apache run?
[Sat Dec 13 04:27:40.222687 2025] [mpm_winnt:notice] [pid 17288:tid 448] AH00455: Apache/2.4.62 (Win64) OpenSSL/3.0.15 PHP/8.3.26 configured -- resuming normal operations
[Sat Dec 13 04:27:40.222687 2025] [mpm_winnt:notice] [pid 17288:tid 448] AH00456: Apache Lounge VS17 Server built: Sep  4 2024 10:31:52
[Sat Dec 13 04:27:40.222687 2025] [core:notice] [pid 17288:tid 448] AH00094: Command line: 'C:\\laragon\\bin\\apache\\httpd-2.4.62-240904-win64-VS17\\bin\\httpd -d C:/laragon/bin/apache/httpd-2.4.62-240904-win64-VS17'
[Sat Dec 13 04:27:40.337439 2025] [mpm_winnt:notice] [pid 17288:tid 448] AH00418: Parent: Created child process 13132
[Sat Dec 13 04:27:50.842451 2025] [mpm_winnt:notice] [pid 13132:tid 444] AH00354: Child: Starting 64 worker threads.
[Sat Dec 13 17:36:55.425949 2025] [core:warn] [pid 9936:tid 460] AH00098: pid file C:/laragon/bin/apache/httpd-2.4.62-240904-win64-VS17/logs/httpd.pid overwritten -- Unclean shutdown of previous Apache run?
[Sat Dec 13 17:36:55.857155 2025] [mpm_winnt:notice] [pid 9936:tid 460] AH00455: Apache/2.4.62 (Win64) OpenSSL/3.0.15 PHP/8.3.26 configured -- resuming normal operations
[Sat Dec 13 17:36:55.857155 2025] [mpm_winnt:notice] [pid 9936:tid 460] AH00456: Apache Lounge VS17 Server built: Sep  4 2024 10:31:52
[Sat Dec 13 17:36:55.857155 2025] [core:notice] [pid 9936:tid 460] AH00094: Command line: 'C:\\laragon\\bin\\apache\\httpd-2.4.62-240904-win64-VS17\\bin\\httpd -d C:/laragon/bin/apache/httpd-2.4.62-240904-win64-VS17'
[Sat Dec 13 17:36:55.878014 2025] [mpm_winnt:notice] [pid 9936:tid 460] AH00418: Parent: Created child process 17716
Apache server interrupted...
025] [mpm_winnt:notice] [pid 17716:tid 444] AH00354: Child: Starting 64 worker threads.
[Mon Dec 15 06:21:57.868081 2025] [mpm_winnt:notice] [pid 9936:tid 460] AH00422: Parent: Received shutdown signal -- Shutting down the server.
Apache server interrupted...
Apache server interrupted...
Apache server interrupted...
[Mon Dec 15 06:21:59.911481 2025] [mpm_winnt:notice] [pid 17716:tid 444] AH00364: Child: All worker threads have exited.
[Mon Dec 15 06:22:00.177094 2025] [mpm_winnt:notice] [pid 9936:tid 460] AH00430: Parent: Child process 17716 exited successfully.
[Mon Dec 15 06:55:29.385322 2025] [mpm_winnt:notice] [pid 7888:tid 448] AH00455: Apache/2.4.62 (Win64) OpenSSL/3.0.15 PHP/8.3.26 configured -- resuming normal operations
[Mon Dec 15 06:55:29.385322 2025] [mpm_winnt:notice] [pid 7888:tid 448] AH00456: Apache Lounge VS17 Server built: Sep  4 2024 10:31:52
[Mon Dec 15 06:55:29.385322 2025] [core:notice] [pid 7888:tid 448] AH00094: Command line: 'C:\\laragon\\bin\\apache\\httpd-2.4.62-240904-win64-VS17\\bin\\httpd -d C:/laragon/bin/apache/httpd-2.4.62-240904-win64-VS17'
[Mon Dec 15 06:55:29.393268 2025] [mpm_winnt:notice] [pid 7888:tid 448] AH00418: Parent: Created child process 13648
Apache server interrupted...
025] [mpm_winnt:notice] [pid 13648:tid 444] AH00354: Child: Starting 64 worker threads.
[Mon Dec 15 15:04:51.630851 2025] [mpm_winnt:notice] [pid 7888:tid 448] AH00422: Parent: Received shutdown signal -- Shutting down the server.
Apache server interrupted...
Apache server interrupted...
Apache server interrupted...
Apache server interrupted...
13648:tid 444] AH00364: Child: All worker threads have exited.
[Mon Dec 15 15:04:55.848537 2025] [mpm_winnt:notice] [pid 7888:tid 448] AH00430: Parent: Child process 13648 exited successfully.
[Mon Dec 15 22:40:17.195304 2025] [mpm_winnt:notice] [pid 19000:tid 472] AH00455: Apache/2.4.62 (Win64) OpenSSL/3.0.15 PHP/8.3.26 configured -- resuming normal operations
[Mon Dec 15 22:40:17.196304 2025] [mpm_winnt:notice] [pid 19000:tid 472] AH00456: Apache Lounge VS17 Server built: Sep  4 2024 10:31:52
[Mon Dec 15 22:40:17.196304 2025] [core:notice] [pid 19000:tid 472] AH00094: Command line: 'C:\\laragon\\bin\\apache\\httpd-2.4.62-240904-win64-VS17\\bin\\httpd -d C:/laragon/bin/apache/httpd-2.4.62-240904-win64-VS17'
[Mon Dec 15 22:40:17.209215 2025] [mpm_winnt:notice] [pid 19000:tid 472] AH00418: Parent: Created child process 14972
Apache server interrupted...
025] [mpm_winnt:notice] [pid 14972:tid 444] AH00354: Child: Starting 64 worker threads.
[Tue Dec 16 10:07:42.839834 2025] [mpm_winnt:notice] [pid 19000:tid 472] AH00422: Parent: Received shutdown signal -- Shutting down the server.
Apache server interrupted...
Apache server interrupted...
Apache server interrupted...
Apache server interrupted...
Apache server interrupted...
14972:tid 444] AH00364: Child: All worker threads have exited.
[Tue Dec 16 10:07:48.117865 2025] [mpm_winnt:notice] [pid 19000:tid 472] AH00430: Parent: Child process 14972 exited successfully.
[Tue Dec 16 22:42:56.873824 2025] [mpm_winnt:notice] [pid 18044:tid 448] AH00455: Apache/2.4.62 (Win64) OpenSSL/3.0.15 PHP/8.3.26 configured -- resuming normal operations
[Tue Dec 16 22:42:56.886299 2025] [mpm_winnt:notice] [pid 18044:tid 448] AH00456: Apache Lounge VS17 Server built: Sep  4 2024 10:31:52
[Tue Dec 16 22:42:56.886299 2025] [core:notice] [pid 18044:tid 448] AH00094: Command line: 'C:\\laragon\\bin\\apache\\httpd-2.4.62-240904-win64-VS17\\bin\\httpd -d C:/laragon/bin/apache/httpd-2.4.62-240904-win64-VS17'
[Tue Dec 16 22:42:56.910714 2025] [mpm_winnt:notice] [pid 18044:tid 448] AH00418: Parent: Created child process 16732
Apache server interrupted...
025] [mpm_winnt:notice] [pid 16732:tid 444] AH00354: Child: Starting 64 worker threads.
[Wed Dec 17 10:08:14.518091 2025] [mpm_winnt:notice] [pid 18044:tid 448] AH00422: Parent: Received shutdown signal -- Shutting down the server.
Apache server interrupted...
Apache server interrupted...
[Wed Dec 17 10:08:16.546817 2025] [mpm_winnt:notice] [pid 16732:tid 444] AH00364: Child: All worker threads have exited.
[Wed Dec 17 10:08:16.726325 2025] [mpm_winnt:notice] [pid 18044:tid 448] AH00430: Parent: Child process 16732 exited successfully.
[Wed Dec 17 10:18:17.549909 2025] [mpm_winnt:notice] [pid 2236:tid 448] AH00455: Apache/2.4.62 (Win64) OpenSSL/3.0.15 PHP/8.3.26 configured -- resuming normal operations
[Wed Dec 17 10:18:17.550903 2025] [mpm_winnt:notice] [pid 2236:tid 448] AH00456: Apache Lounge VS17 Server built: Sep  4 2024 10:31:52
[Wed Dec 17 10:18:17.550903 2025] [core:notice] [pid 2236:tid 448] AH00094: Command line: 'C:\\laragon\\bin\\apache\\httpd-2.4.62-240904-win64-VS17\\bin\\httpd -d C:/laragon/bin/apache/httpd-2.4.62-240904-win64-VS17'
[Wed Dec 17 10:18:17.558850 2025] [mpm_winnt:notice] [pid 2236:tid 448] AH00418: Parent: Created child process 25256
Apache server interrupted...
025] [mpm_winnt:notice] [pid 25256:tid 444] AH00354: Child: Starting 64 worker threads.
[Wed Dec 17 14:11:30.769392 2025] [mpm_winnt:notice] [pid 2236:tid 448] AH00422: Parent: Received shutdown signal -- Shutting down the server.
Apache server interrupted...
Apache server interrupted...
Apache server interrupted...
Apache server interrupted...
Apache server interrupted...
: All worker threads have exited.
[Wed Dec 17 14:11:35.409709 2025] [mpm_winnt:notice] [pid 2236:tid 448] AH00430: Parent: Child process 25256 exited successfully.
[Fri Dec 26 09:49:19.700408 2025] [mpm_winnt:notice] [pid 8604:tid 452] AH00455: Apache/2.4.62 (Win64) OpenSSL/3.0.15 PHP/8.3.26 configured -- resuming normal operations
[Fri Dec 26 09:49:19.710530 2025] [mpm_winnt:notice] [pid 8604:tid 452] AH00456: Apache Lounge VS17 Server built: Sep  4 2024 10:31:52
[Fri Dec 26 09:49:19.710530 2025] [core:notice] [pid 8604:tid 452] AH00094: Command line: 'C:\\laragon\\bin\\apache\\httpd-2.4.62-240904-win64-VS17\\bin\\httpd -d C:/laragon/bin/apache/httpd-2.4.62-240904-win64-VS17'
[Fri Dec 26 09:49:19.747063 2025] [mpm_winnt:notice] [pid 8604:tid 452] AH00418: Parent: Created child process 13200
[Fri Dec 26 09:49:22.212586 2025] [mpm_winnt:notice] [pid 13200:tid 444] AH00354: Child: Starting 64 worker threads.
[Fri Dec 26 10:10:15.898945 2025] [core:warn] [pid 2028:tid 448] AH00098: pid file C:/laragon/bin/apache/httpd-2.4.62-240904-win64-VS17/logs/httpd.pid overwritten -- Unclean shutdown of previous Apache run?
[Fri Dec 26 10:10:16.461613 2025] [mpm_winnt:notice] [pid 2028:tid 448] AH00455: Apache/2.4.62 (Win64) OpenSSL/3.0.15 PHP/8.3.26 configured -- resuming normal operations
[Fri Dec 26 10:10:16.463640 2025] [mpm_winnt:notice] [pid 2028:tid 448] AH00456: Apache Lounge VS17 Server built: Sep  4 2024 10:31:52
[Fri Dec 26 10:10:16.463640 2025] [core:notice] [pid 2028:tid 448] AH00094: Command line: 'C:\\laragon\\bin\\apache\\httpd-2.4.62-240904-win64-VS17\\bin\\httpd -d C:/laragon/bin/apache/httpd-2.4.62-240904-win64-VS17'
[Fri Dec 26 10:10:16.477456 2025] [mpm_winnt:notice] [pid 2028:tid 448] AH00418: Parent: Created child process 5408
[Fri Dec 26 10:10:18.600199 2025] [mpm_winnt:notice] [pid 5408:tid 444] AH00354: Child: Starting 64 worker threads.
[Sun Dec 28 14:59:45.454237 2025] [core:warn] [pid 15660:tid 448] AH00098: pid file C:/laragon/bin/apache/httpd-2.4.62-240904-win64-VS17/logs/httpd.pid overwritten -- Unclean shutdown of previous Apache run?
[Sun Dec 28 14:59:46.486554 2025] [mpm_winnt:notice] [pid 15660:tid 448] AH00455: Apache/2.4.62 (Win64) OpenSSL/3.0.15 PHP/8.3.26 configured -- resuming normal operations
[Sun Dec 28 14:59:46.486554 2025] [mpm_winnt:notice] [pid 15660:tid 448] AH00456: Apache Lounge VS17 Server built: Sep  4 2024 10:31:52
[Sun Dec 28 14:59:46.486554 2025] [core:notice] [pid 15660:tid 448] AH00094: Command line: 'C:\\laragon\\bin\\apache\\httpd-2.4.62-240904-win64-VS17\\bin\\httpd -d C:/laragon/bin/apache/httpd-2.4.62-240904-win64-VS17'
[Sun Dec 28 14:59:46.600304 2025] [mpm_winnt:notice] [pid 15660:tid 448] AH00418: Parent: Created child process 1436
[Sun Dec 28 14:59:50.321938 2025] [mpm_winnt:notice] [pid 1436:tid 444] AH00354: Child: Starting 64 worker threads.
[Mon Dec 29 19:02:35.719084 2025] [core:warn] [pid 12352:tid 448] AH00098: pid file C:/laragon/bin/apache/httpd-2.4.62-240904-win64-VS17/logs/httpd.pid overwritten -- Unclean shutdown of previous Apache run?
[Mon Dec 29 19:02:36.194891 2025] [mpm_winnt:notice] [pid 12352:tid 448] AH00455: Apache/2.4.62 (Win64) OpenSSL/3.0.15 PHP/8.3.26 configured -- resuming normal operations
[Mon Dec 29 19:02:36.194891 2025] [mpm_winnt:notice] [pid 12352:tid 448] AH00456: Apache Lounge VS17 Server built: Sep  4 2024 10:31:52
[Mon Dec 29 19:02:36.194891 2025] [core:notice] [pid 12352:tid 448] AH00094: Command line: 'C:\\laragon\\bin\\apache\\httpd-2.4.62-240904-win64-VS17\\bin\\httpd -d C:/laragon/bin/apache/httpd-2.4.62-240904-win64-VS17'
[Mon Dec 29 19:02:36.208799 2025] [mpm_winnt:notice] [pid 12352:tid 448] AH00418: Parent: Created child process 22720
[Mon Dec 29 19:02:37.613373 2025] [mpm_winnt:notice] [pid 22720:tid 204] AH00354: Child: Starting 64 worker threads.
[Mon Dec 29 19:21:30.910322 2025] [core:warn] [pid 10288:tid 448] AH00098: pid file C:/laragon/bin/apache/httpd-2.4.62-240904-win64-VS17/logs/httpd.pid overwritten -- Unclean shutdown of previous Apache run?
[Mon Dec 29 19:21:42.899600 2025] [mpm_winnt:notice] [pid 10288:tid 448] AH00455: Apache/2.4.62 (Win64) OpenSSL/3.0.15 PHP/8.3.26 configured -- resuming normal operations
[Mon Dec 29 19:21:42.899600 2025] [mpm_winnt:notice] [pid 10288:tid 448] AH00456: Apache Lounge VS17 Server built: Sep  4 2024 10:31:52
[Mon Dec 29 19:21:42.899600 2025] [core:notice] [pid 10288:tid 448] AH00094: Command line: 'C:\\laragon\\bin\\apache\\httpd-2.4.62-240904-win64-VS17\\bin\\httpd -d C:/laragon/bin/apache/httpd-2.4.62-240904-win64-VS17'
[Mon Dec 29 19:21:43.016071 2025] [mpm_winnt:notice] [pid 10288:tid 448] AH00418: Parent: Created child process 2892
[Mon Dec 29 19:21:50.652287 2025] [mpm_winnt:notice] [pid 2892:tid 444] AH00354: Child: Starting 64 worker threads.
[Mon Dec 29 20:15:05.834382 2025] [core:warn] [pid 15672:tid 448] AH00098: pid file C:/laragon/bin/apache/httpd-2.4.62-240904-win64-VS17/logs/httpd.pid overwritten -- Unclean shutdown of previous Apache run?
[Mon Dec 29 20:15:06.213919 2025] [mpm_winnt:notice] [pid 15672:tid 448] AH00455: Apache/2.4.62 (Win64) OpenSSL/3.0.15 PHP/8.3.26 configured -- resuming normal operations
[Mon Dec 29 20:15:06.213919 2025] [mpm_winnt:notice] [pid 15672:tid 448] AH00456: Apache Lounge VS17 Server built: Sep  4 2024 10:31:52
[Mon Dec 29 20:15:06.213919 2025] [core:notice] [pid 15672:tid 448] AH00094: Command line: 'C:\\laragon\\bin\\apache\\httpd-2.4.62-240904-win64-VS17\\bin\\httpd -d C:/laragon/bin/apache/httpd-2.4.62-240904-win64-VS17'
[Mon Dec 29 20:15:06.222859 2025] [mpm_winnt:notice] [pid 15672:tid 448] AH00418: Parent: Created child process 14388
Apache server interrupted...
025] [mpm_winnt:notice] [pid 14388:tid 448] AH00354: Child: Starting 64 worker threads.
[Tue Dec 30 14:39:13.404218 2025] [mpm_winnt:notice] [pid 15672:tid 448] AH00422: Parent: Received shutdown signal -- Shutting down the server.
Apache server interrupted...
Apache server interrupted...
Apache server interrupted...
Apache server interrupted...
14388:tid 448] AH00364: Child: All worker threads have exited.
[Tue Dec 30 14:39:18.666522 2025] [mpm_winnt:notice] [pid 15672:tid 448] AH00430: Parent: Child process 14388 exited successfully.
[Tue Dec 30 17:11:47.264137 2025] [mpm_winnt:notice] [pid 256:tid 452] AH00455: Apache/2.4.62 (Win64) OpenSSL/3.0.15 PHP/8.3.26 configured -- resuming normal operations
[Tue Dec 30 17:11:47.264137 2025] [mpm_winnt:notice] [pid 256:tid 452] AH00456: Apache Lounge VS17 Server built: Sep  4 2024 10:31:52
[Tue Dec 30 17:11:47.264137 2025] [core:notice] [pid 256:tid 452] AH00094: Command line: 'C:\\laragon\\bin\\apache\\httpd-2.4.62-240904-win64-VS17\\bin\\httpd -d C:/laragon/bin/apache/httpd-2.4.62-240904-win64-VS17'
[Tue Dec 30 17:11:47.278043 2025] [mpm_winnt:notice] [pid 256:tid 452] AH00418: Parent: Created child process 15340
[Tue Dec 30 17:11:49.703387 2025] [mpm_winnt:notice] [pid 15340:tid 448] AH00354: Child: Starting 64 worker threads.
[Thu Jan 01 01:31:55.796658 2026] [core:warn] [pid 6852:tid 452] AH00098: pid file C:/laragon/bin/apache/httpd-2.4.62-240904-win64-VS17/logs/httpd.pid overwritten -- Unclean shutdown of previous Apache run?
[Thu Jan 01 01:31:56.026118 2026] [mpm_winnt:notice] [pid 6852:tid 452] AH00455: Apache/2.4.62 (Win64) OpenSSL/3.0.15 PHP/8.3.26 configured -- resuming normal operations
[Thu Jan 01 01:31:56.026118 2026] [mpm_winnt:notice] [pid 6852:tid 452] AH00456: Apache Lounge VS17 Server built: Sep  4 2024 10:31:52
[Thu Jan 01 01:31:56.026118 2026] [core:notice] [pid 6852:tid 452] AH00094: Command line: 'C:\\laragon\\bin\\apache\\httpd-2.4.62-240904-win64-VS17\\bin\\httpd -d C:/laragon/bin/apache/httpd-2.4.62-240904-win64-VS17'
[Thu Jan 01 01:31:56.034065 2026] [mpm_winnt:notice] [pid 6852:tid 452] AH00418: Parent: Created child process 17220
[Thu Jan 01 01:31:57.390806 2026] [mpm_winnt:notice] [pid 17220:tid 444] AH00354: Child: Starting 64 worker threads.
[Fri Jan 02 10:10:50.258100 2026] [core:warn] [pid 1608:tid 448] AH00098: pid file C:/laragon/bin/apache/httpd-2.4.62-240904-win64-VS17/logs/httpd.pid overwritten -- Unclean shutdown of previous Apache run?
[Fri Jan 02 10:10:50.679588 2026] [mpm_winnt:notice] [pid 1608:tid 448] AH00455: Apache/2.4.62 (Win64) OpenSSL/3.0.15 PHP/8.3.26 configured -- resuming normal operations
[Fri Jan 02 10:10:50.679588 2026] [mpm_winnt:notice] [pid 1608:tid 448] AH00456: Apache Lounge VS17 Server built: Sep  4 2024 10:31:52
[Fri Jan 02 10:10:50.679588 2026] [core:notice] [pid 1608:tid 448] AH00094: Command line: 'C:\\laragon\\bin\\apache\\httpd-2.4.62-240904-win64-VS17\\bin\\httpd -d C:/laragon/bin/apache/httpd-2.4.62-240904-win64-VS17'
[Fri Jan 02 10:10:50.697120 2026] [mpm_winnt:notice] [pid 1608:tid 448] AH00418: Parent: Created child process 11692
Apache server interrupted...
026] [mpm_winnt:notice] [pid 11692:tid 444] AH00354: Child: Starting 64 worker threads.
[Sat Jan 03 02:08:26.667574 2026] [mpm_winnt:notice] [pid 1608:tid 448] AH00422: Parent: Received shutdown signal -- Shutting down the server.
Apache server interrupted...
Apache server interrupted...
Apache server interrupted...
Apache server interrupted...
11692:tid 444] AH00364: Child: All worker threads have exited.
[Sat Jan 03 02:08:30.943739 2026] [mpm_winnt:notice] [pid 1608:tid 448] AH00430: Parent: Child process 11692 exited successfully.
[Sat Jan 03 02:11:29.206721 2026] [mpm_winnt:notice] [pid 2092:tid 464] AH00455: Apache/2.4.62 (Win64) OpenSSL/3.0.15 PHP/8.3.26 configured -- resuming normal operations
[Sat Jan 03 02:11:29.207715 2026] [mpm_winnt:notice] [pid 2092:tid 464] AH00456: Apache Lounge VS17 Server built: Sep  4 2024 10:31:52
[Sat Jan 03 02:11:29.207715 2026] [core:notice] [pid 2092:tid 464] AH00094: Command line: 'C:\\laragon\\bin\\apache\\httpd-2.4.62-240904-win64-VS17\\bin\\httpd -d C:/laragon/bin/apache/httpd-2.4.62-240904-win64-VS17'
[Sat Jan 03 02:11:29.219635 2026] [mpm_winnt:notice] [pid 2092:tid 464] AH00418: Parent: Created child process 10128
Apache server interrupted...
026] [mpm_winnt:notice] [pid 10128:tid 456] AH00354: Child: Starting 64 worker threads.
[Tue Jan 06 11:32:04.419461 2026] [mpm_winnt:notice] [pid 2092:tid 464] AH00422: Parent: Received shutdown signal -- Shutting down the server.
Apache server interrupted...
Apache server interrupted...
Apache server interrupted...
Apache server interrupted...
10128:tid 456] AH00364: Child: All worker threads have exited.
[Tue Jan 06 11:32:09.312723 2026] [mpm_winnt:notice] [pid 2092:tid 464] AH00430: Parent: Child process 10128 exited successfully.
[Tue Jan 06 11:36:50.631710 2026] [mpm_winnt:notice] [pid 22376:tid 452] AH00455: Apache/2.4.62 (Win64) OpenSSL/3.0.15 PHP/8.3.26 configured -- resuming normal operations
[Tue Jan 06 11:36:50.632703 2026] [mpm_winnt:notice] [pid 22376:tid 452] AH00456: Apache Lounge VS17 Server built: Sep  4 2024 10:31:52
[Tue Jan 06 11:36:50.632703 2026] [core:notice] [pid 22376:tid 452] AH00094: Command line: 'C:\\laragon\\bin\\apache\\httpd-2.4.62-240904-win64-VS17\\bin\\httpd -d C:/laragon/bin/apache/httpd-2.4.62-240904-win64-VS17'
[Tue Jan 06 11:36:50.697270 2026] [mpm_winnt:notice] [pid 22376:tid 452] AH00418: Parent: Created child process 17920
Apache server interrupted...
026] [mpm_winnt:notice] [pid 17920:tid 184] AH00354: Child: Starting 64 worker threads.
[Tue Jan 06 11:38:55.452155 2026] [mpm_winnt:notice] [pid 22376:tid 452] AH00422: Parent: Received shutdown signal -- Shutting down the server.
Apache server interrupted...
Apache server interrupted...
Apache server interrupted...
Apache server interrupted...
17920:tid 184] AH00364: Child: All worker threads have exited.
[Sat Jan 10 18:21:34.784030 2026] [core:warn] [pid 19428:tid 448] AH00098: pid file C:/laragon/bin/apache/httpd-2.4.62-240904-win64-VS17/logs/httpd.pid overwritten -- Unclean shutdown of previous Apache run?
[Sat Jan 10 18:21:35.932116 2026] [mpm_winnt:notice] [pid 19428:tid 448] AH00455: Apache/2.4.62 (Win64) OpenSSL/3.0.15 PHP/8.3.26 configured -- resuming normal operations
[Sat Jan 10 18:21:35.932116 2026] [mpm_winnt:notice] [pid 19428:tid 448] AH00456: Apache Lounge VS17 Server built: Sep  4 2024 10:31:52
[Sat Jan 10 18:21:35.932116 2026] [core:notice] [pid 19428:tid 448] AH00094: Command line: 'C:\\laragon\\bin\\apache\\httpd-2.4.62-240904-win64-VS17\\bin\\httpd -d C:/laragon/bin/apache/httpd-2.4.62-240904-win64-VS17'
[Sat Jan 10 18:21:35.945031 2026] [mpm_winnt:notice] [pid 19428:tid 448] AH00418: Parent: Created child process 18952
Apache server interrupted...
026] [mpm_winnt:notice] [pid 18952:tid 444] AH00354: Child: Starting 64 worker threads.
[Mon Jan 12 18:50:18.371949 2026] [mpm_winnt:notice] [pid 19428:tid 448] AH00422: Parent: Received shutdown signal -- Shutting down the server.
Apache server interrupted...
Apache server interrupted...
026] [mpm_winnt:notice] [pid 18952:tid 444] AH00364: Child: All worker threads have exited.
[Mon Jan 12 18:50:23.044075 2026] [mpm_winnt:notice] [pid 19428:tid 448] AH00430: Parent: Child process 18952 exited successfully.
[Mon Jan 12 20:55:40.750686 2026] [mpm_winnt:notice] [pid 8220:tid 448] AH00455: Apache/2.4.62 (Win64) OpenSSL/3.0.15 PHP/8.3.26 configured -- resuming normal operations
[Mon Jan 12 20:55:40.751679 2026] [mpm_winnt:notice] [pid 8220:tid 448] AH00456: Apache Lounge VS17 Server built: Sep  4 2024 10:31:52
[Mon Jan 12 20:55:40.751679 2026] [core:notice] [pid 8220:tid 448] AH00094: Command line: 'C:\\laragon\\bin\\apache\\httpd-2.4.62-240904-win64-VS17\\bin\\httpd -d C:/laragon/bin/apache/httpd-2.4.62-240904-win64-VS17'
[Mon Jan 12 20:55:40.786960 2026] [mpm_winnt:notice] [pid 8220:tid 448] AH00418: Parent: Created child process 9292
Apache server interrupted...
026] [mpm_winnt:notice] [pid 9292:tid 444] AH00354: Child: Starting 64 worker threads.
[Tue Jan 13 00:48:31.965771 2026] [mpm_winnt:notice] [pid 8220:tid 448] AH00422: Parent: Received shutdown signal -- Shutting down the server.
Apache server interrupted...
Apache server interrupted...
Apache server interrupted...
9292:tid 444] AH00364: Child: All worker threads have exited.
[Tue Jan 13 00:48:36.022137 2026] [mpm_winnt:notice] [pid 8220:tid 448] AH00430: Parent: Child process 9292 exited successfully.
[Tue Jan 13 07:22:20.444840 2026] [mpm_winnt:notice] [pid 17360:tid 440] AH00455: Apache/2.4.62 (Win64) OpenSSL/3.0.15 PHP/8.3.26 configured -- resuming normal operations
[Tue Jan 13 07:22:20.445833 2026] [mpm_winnt:notice] [pid 17360:tid 440] AH00456: Apache Lounge VS17 Server built: Sep  4 2024 10:31:52
[Tue Jan 13 07:22:20.445833 2026] [core:notice] [pid 17360:tid 440] AH00094: Command line: 'C:\\laragon\\bin\\apache\\httpd-2.4.62-240904-win64-VS17\\bin\\httpd -d C:/laragon/bin/apache/httpd-2.4.62-240904-win64-VS17'
[Tue Jan 13 07:22:20.658406 2026] [mpm_winnt:notice] [pid 17360:tid 440] AH00418: Parent: Created child process 25456
Apache server interrupted...
026] [mpm_winnt:notice] [pid 25456:tid 448] AH00354: Child: Starting 64 worker threads.
[Tue Jan 13 11:21:52.815537 2026] [mpm_winnt:notice] [pid 17360:tid 440] AH00422: Parent: Received shutdown signal -- Shutting down the server.
Apache server interrupted...
Apache server interrupted...
Apache server interrupted...
Apache server interrupted...
25456:tid 448] AH00364: Child: All worker threads have exited.
[Tue Jan 13 11:21:56.901993 2026] [mpm_winnt:notice] [pid 17360:tid 440] AH00430: Parent: Child process 25456 exited successfully.
[Tue Jan 13 12:16:44.144812 2026] [mpm_winnt:notice] [pid 2760:tid 452] AH00455: Apache/2.4.62 (Win64) OpenSSL/3.0.15 PHP/8.3.26 configured -- resuming normal operations
[Tue Jan 13 12:16:44.144812 2026] [mpm_winnt:notice] [pid 2760:tid 452] AH00456: Apache Lounge VS17 Server built: Sep  4 2024 10:31:52
[Tue Jan 13 12:16:44.144812 2026] [core:notice] [pid 2760:tid 452] AH00094: Command line: 'C:\\laragon\\bin\\apache\\httpd-2.4.62-240904-win64-VS17\\bin\\httpd -d C:/laragon/bin/apache/httpd-2.4.62-240904-win64-VS17'
[Tue Jan 13 12:16:44.153752 2026] [mpm_winnt:notice] [pid 2760:tid 452] AH00418: Parent: Created child process 16660
Apache server interrupted...
026] [mpm_winnt:notice] [pid 16660:tid 444] AH00354: Child: Starting 64 worker threads.
[Tue Jan 13 14:18:22.167008 2026] [mpm_winnt:notice] [pid 2760:tid 452] AH00422: Parent: Received shutdown signal -- Shutting down the server.
Apache server interrupted...
Apache server interrupted...
Apache server interrupted...
Apache server interrupted...
16660:tid 444] AH00364: Child: All worker threads have exited.
[Tue Jan 13 14:18:26.969750 2026] [mpm_winnt:notice] [pid 2760:tid 452] AH00430: Parent: Child process 16660 exited successfully.
Apache server interrupted...
[Tue Jan 13 22:52:53.844713 2026] [mpm_winnt:notice] [pid 24692:tid 448] AH00455: Apache/2.4.62 (Win64) OpenSSL/3.0.15 PHP/8.3.26 configured -- resuming normal operations
[Tue Jan 13 22:52:53.858144 2026] [mpm_winnt:notice] [pid 24692:tid 448] AH00456: Apache Lounge VS17 Server built: Sep  4 2024 10:31:52
[Tue Jan 13 22:52:53.858144 2026] [core:notice] [pid 24692:tid 448] AH00094: Command line: 'C:\\laragon\\bin\\apache\\httpd-2.4.62-240904-win64-VS17\\bin\\httpd -d C:/laragon/bin/apache/httpd-2.4.62-240904-win64-VS17'
[Tue Jan 13 22:52:53.969881 2026] [mpm_winnt:notice] [pid 24692:tid 448] AH00418: Parent: Created child process 15008
Apache server interrupted...
026] [mpm_winnt:notice] [pid 15008:tid 444] AH00354: Child: Starting 64 worker threads.
[Thu Jan 15 13:13:39.148274 2026] [mpm_winnt:notice] [pid 24692:tid 448] AH00422: Parent: Received shutdown signal -- Shutting down the server.
Apache server interrupted...
[Thu Jan 15 13:13:41.174710 2026] [mpm_winnt:notice] [pid 15008:tid 444] AH00364: Child: All worker threads have exited.
[Thu Jan 15 13:13:43.170780 2026] [mpm_winnt:notice] [pid 24692:tid 448] AH00430: Parent: Child process 15008 exited successfully.
[Fri Jan 16 13:33:55.745983 2026] [mpm_winnt:notice] [pid 3640:tid 448] AH00455: Apache/2.4.62 (Win64) OpenSSL/3.0.15 PHP/8.3.26 configured -- resuming normal operations
[Fri Jan 16 13:33:55.807400 2026] [mpm_winnt:notice] [pid 3640:tid 448] AH00456: Apache Lounge VS17 Server built: Sep  4 2024 10:31:52
[Fri Jan 16 13:33:55.807400 2026] [core:notice] [pid 3640:tid 448] AH00094: Command line: 'C:\\laragon\\bin\\apache\\httpd-2.4.62-240904-win64-VS17\\bin\\httpd -d C:/laragon/bin/apache/httpd-2.4.62-240904-win64-VS17'
[Fri Jan 16 13:33:55.928156 2026] [mpm_winnt:notice] [pid 3640:tid 448] AH00418: Parent: Created child process 2020
Apache server interrupted...
026] [mpm_winnt:notice] [pid 2020:tid 444] AH00354: Child: Starting 64 worker threads.
[Sun Jan 18 12:57:06.971671 2026] [mpm_winnt:notice] [pid 3640:tid 448] AH00422: Parent: Received shutdown signal -- Shutting down the server.
Apache server interrupted...
Apache server interrupted...
Apache server interrupted...
Apache server interrupted...
Apache server interrupted...
Apache server interrupted...
Apache server interrupted...
Apache server interrupted...
Apache server interrupted...
Apache server interrupted...
[Sun Jan 18 15:53:47.426149 2026] [core:warn] [pid 3224:tid 448] AH00098: pid file C:/laragon/bin/apache/httpd-2.4.62-240904-win64-VS17/logs/httpd.pid overwritten -- Unclean shutdown of previous Apache run?
[Sun Jan 18 15:53:51.315051 2026] [mpm_winnt:notice] [pid 3224:tid 448] AH00455: Apache/2.4.62 (Win64) OpenSSL/3.0.15 PHP/8.3.26 configured -- resuming normal operations
[Sun Jan 18 15:53:51.315051 2026] [mpm_winnt:notice] [pid 3224:tid 448] AH00456: Apache Lounge VS17 Server built: Sep  4 2024 10:31:52
[Sun Jan 18 15:53:51.315051 2026] [core:notice] [pid 3224:tid 448] AH00094: Command line: 'C:\\laragon\\bin\\apache\\httpd-2.4.62-240904-win64-VS17\\bin\\httpd -d C:/laragon/bin/apache/httpd-2.4.62-240904-win64-VS17'
[Sun Jan 18 15:53:51.548485 2026] [mpm_winnt:notice] [pid 3224:tid 448] AH00418: Parent: Created child process 5700
[Sun Jan 18 15:54:15.567588 2026] [mpm_winnt:notice] [pid 5700:tid 444] AH00354: Child: Starting 64 worker threads.
[Sun Jan 18 17:00:00.860234 2026] [core:warn] [pid 1916:tid 452] AH00098: pid file C:/laragon/bin/apache/httpd-2.4.62-240904-win64-VS17/logs/httpd.pid overwritten -- Unclean shutdown of previous Apache run?
[Sun Jan 18 17:00:01.245527 2026] [mpm_winnt:notice] [pid 1916:tid 452] AH00455: Apache/2.4.62 (Win64) OpenSSL/3.0.15 PHP/8.3.26 configured -- resuming normal operations
[Sun Jan 18 17:00:01.245527 2026] [mpm_winnt:notice] [pid 1916:tid 452] AH00456: Apache Lounge VS17 Server built: Sep  4 2024 10:31:52
[Sun Jan 18 17:00:01.245527 2026] [core:notice] [pid 1916:tid 452] AH00094: Command line: 'C:\\laragon\\bin\\apache\\httpd-2.4.62-240904-win64-VS17\\bin\\httpd -d C:/laragon/bin/apache/httpd-2.4.62-240904-win64-VS17'
[Sun Jan 18 17:00:01.263855 2026] [mpm_winnt:notice] [pid 1916:tid 452] AH00418: Parent: Created child process 196
Apache server interrupted...
026] [mpm_winnt:notice] [pid 196:tid 448] AH00354: Child: Starting 64 worker threads.
[Mon Jan 19 02:29:25.781936 2026] [mpm_winnt:notice] [pid 1916:tid 452] AH00422: Parent: Received shutdown signal -- Shutting down the server.
Apache server interrupted...
Apache server interrupted...
Apache server interrupted...
Apache server interrupted...
Apache server interrupted...
Apache server interrupted...
[Mon Jan 19 02:29:37.225479 2026] [mpm_winnt:notice] [pid 1916:tid 452] AH00430: Parent: Child process 196 exited successfully.
[Mon Jan 19 08:06:39.787546 2026] [mpm_winnt:notice] [pid 11636:tid 456] AH00455: Apache/2.4.62 (Win64) OpenSSL/3.0.15 PHP/8.3.26 configured -- resuming normal operations
[Mon Jan 19 08:06:39.795574 2026] [mpm_winnt:notice] [pid 11636:tid 456] AH00456: Apache Lounge VS17 Server built: Sep  4 2024 10:31:52
[Mon Jan 19 08:06:39.795574 2026] [core:notice] [pid 11636:tid 456] AH00094: Command line: 'C:\\laragon\\bin\\apache\\httpd-2.4.62-240904-win64-VS17\\bin\\httpd -d C:/laragon/bin/apache/httpd-2.4.62-240904-win64-VS17'
[Mon Jan 19 08:06:39.809357 2026] [mpm_winnt:notice] [pid 11636:tid 456] AH00418: Parent: Created child process 4076
Apache server interrupted...
026] [mpm_winnt:notice] [pid 4076:tid 444] AH00354: Child: Starting 64 worker threads.
[Tue Jan 20 02:33:46.025886 2026] [mpm_winnt:notice] [pid 11636:tid 456] AH00422: Parent: Received shutdown signal -- Shutting down the server.
Apache server interrupted...
Apache server interrupted...
Apache server interrupted...
Apache server interrupted...
Apache server interrupted...
Apache server interrupted...
Apache server interrupted...
Apache server interrupted...
[Tue Jan 20 02:33:55.257783 2026] [mpm_winnt:notice] [pid 11636:tid 456] AH00430: Parent: Child process 4076 exited successfully.
[Wed Jan 21 12:56:33.335347 2026] [mpm_winnt:notice] [pid 21184:tid 448] AH00455: Apache/2.4.62 (Win64) OpenSSL/3.0.15 PHP/8.3.26 configured -- resuming normal operations
[Wed Jan 21 12:56:33.341308 2026] [mpm_winnt:notice] [pid 21184:tid 448] AH00456: Apache Lounge VS17 Server built: Sep  4 2024 10:31:52
[Wed Jan 21 12:56:33.341308 2026] [core:notice] [pid 21184:tid 448] AH00094: Command line: 'C:\\laragon\\bin\\apache\\httpd-2.4.62-240904-win64-VS17\\bin\\httpd -d C:/laragon/bin/apache/httpd-2.4.62-240904-win64-VS17'
[Wed Jan 21 12:56:33.349253 2026] [mpm_winnt:notice] [pid 21184:tid 448] AH00418: Parent: Created child process 12748
[Wed Jan 21 12:56:34.587280 2026] [mpm_winnt:notice] [pid 12748:tid 444] AH00354: Child: Starting 64 worker threads.
[Fri Jan 23 19:55:49.135753 2026] [core:warn] [pid 4108:tid 448] AH00098: pid file C:/laragon/bin/apache/httpd-2.4.62-240904-win64-VS17/logs/httpd.pid overwritten -- Unclean shutdown of previous Apache run?
[Fri Jan 23 19:55:50.112909 2026] [mpm_winnt:notice] [pid 4108:tid 448] AH00455: Apache/2.4.62 (Win64) OpenSSL/3.0.15 PHP/8.3.26 configured -- resuming normal operations
[Fri Jan 23 19:55:50.112909 2026] [mpm_winnt:notice] [pid 4108:tid 448] AH00456: Apache Lounge VS17 Server built: Sep  4 2024 10:31:52
[Fri Jan 23 19:55:50.112909 2026] [core:notice] [pid 4108:tid 448] AH00094: Command line: 'C:\\laragon\\bin\\apache\\httpd-2.4.62-240904-win64-VS17\\bin\\httpd -d C:/laragon/bin/apache/httpd-2.4.62-240904-win64-VS17'
[Fri Jan 23 19:55:50.187926 2026] [mpm_winnt:notice] [pid 4108:tid 448] AH00418: Parent: Created child process 17236
[Fri Jan 23 19:57:33.468661 2026] [mpm_winnt:notice] [pid 17236:tid 448] AH00354: Child: Starting 64 worker threads.
[Mon Jan 26 00:31:14.958221 2026] [core:warn] [pid 17124:tid 452] AH00098: pid file C:/laragon/bin/apache/httpd-2.4.62-240904-win64-VS17/logs/httpd.pid overwritten -- Unclean shutdown of previous Apache run?
[Mon Jan 26 00:31:15.549376 2026] [mpm_winnt:notice] [pid 17124:tid 452] AH00455: Apache/2.4.62 (Win64) OpenSSL/3.0.15 PHP/8.3.26 configured -- resuming normal operations
[Mon Jan 26 00:31:15.549376 2026] [mpm_winnt:notice] [pid 17124:tid 452] AH00456: Apache Lounge VS17 Server built: Sep  4 2024 10:31:52
[Mon Jan 26 00:31:15.549376 2026] [core:notice] [pid 17124:tid 452] AH00094: Command line: 'C:\\laragon\\bin\\apache\\httpd-2.4.62-240904-win64-VS17\\bin\\httpd -d C:/laragon/bin/apache/httpd-2.4.62-240904-win64-VS17'
[Mon Jan 26 00:31:15.558317 2026] [mpm_winnt:notice] [pid 17124:tid 452] AH00418: Parent: Created child process 14952
Apache server interrupted...
026] [mpm_winnt:notice] [pid 14952:tid 444] AH00354: Child: Starting 64 worker threads.
[Mon Jan 26 01:47:29.376378 2026] [mpm_winnt:notice] [pid 17124:tid 452] AH00422: Parent: Received shutdown signal -- Shutting down the server.
Apache server interrupted...
Apache server interrupted...
Apache server interrupted...
Apache server interrupted...
14952:tid 444] AH00364: Child: All worker threads have exited.
[Mon Jan 26 10:28:23.738871 2026] [core:warn] [pid 2712:tid 444] AH00098: pid file C:/laragon/bin/apache/httpd-2.4.62-240904-win64-VS17/logs/httpd.pid overwritten -- Unclean shutdown of previous Apache run?
[Mon Jan 26 10:28:25.268741 2026] [mpm_winnt:notice] [pid 2712:tid 444] AH00455: Apache/2.4.62 (Win64) OpenSSL/3.0.15 PHP/8.3.26 configured -- resuming normal operations
[Mon Jan 26 10:28:25.268741 2026] [mpm_winnt:notice] [pid 2712:tid 444] AH00456: Apache Lounge VS17 Server built: Sep  4 2024 10:31:52
[Mon Jan 26 10:28:25.268741 2026] [core:notice] [pid 2712:tid 444] AH00094: Command line: 'C:\\laragon\\bin\\apache\\httpd-2.4.62-240904-win64-VS17\\bin\\httpd -d C:/laragon/bin/apache/httpd-2.4.62-240904-win64-VS17'
[Mon Jan 26 10:28:25.293218 2026] [mpm_winnt:notice] [pid 2712:tid 444] AH00418: Parent: Created child process 17012
Apache server interrupted...
026] [mpm_winnt:notice] [pid 17012:tid 444] AH00354: Child: Starting 64 worker threads.
[Tue Jan 27 11:17:06.924102 2026] [mpm_winnt:notice] [pid 2712:tid 444] AH00422: Parent: Received shutdown signal -- Shutting down the server.
Apache server interrupted...
Apache server interrupted...
Apache server interrupted...
Apache server interrupted...
: All worker threads have exited.
[Tue Jan 27 11:17:26.029687 2026] [mpm_winnt:notice] [pid 2712:tid 444] AH00430: Parent: Child process 17012 exited successfully.
[Wed Jan 28 23:37:14.099849 2026] [mpm_winnt:notice] [pid 11600:tid 436] AH00455: Apache/2.4.62 (Win64) OpenSSL/3.0.15 PHP/8.3.26 configured -- resuming normal operations
[Wed Jan 28 23:37:14.106318 2026] [mpm_winnt:notice] [pid 11600:tid 436] AH00456: Apache Lounge VS17 Server built: Sep  4 2024 10:31:52
[Wed Jan 28 23:37:14.106318 2026] [core:notice] [pid 11600:tid 436] AH00094: Command line: 'C:\\laragon\\bin\\apache\\httpd-2.4.62-240904-win64-VS17\\bin\\httpd -d C:/laragon/bin/apache/httpd-2.4.62-240904-win64-VS17'
[Wed Jan 28 23:37:14.158177 2026] [mpm_winnt:notice] [pid 11600:tid 436] AH00418: Parent: Created child process 11452
Apache server interrupted...
026] [mpm_winnt:notice] [pid 11452:tid 444] AH00354: Child: Starting 64 worker threads.
[Thu Jan 29 15:23:56.218368 2026] [mpm_winnt:notice] [pid 11600:tid 436] AH00422: Parent: Received shutdown signal -- Shutting down the server.
Apache server interrupted...
Apache server interrupted...
Apache server interrupted...
Apache server interrupted...
11452:tid 444] AH00364: Child: All worker threads have exited.
[Thu Jan 29 15:24:00.716322 2026] [mpm_winnt:notice] [pid 11600:tid 436] AH00430: Parent: Child process 11452 exited successfully.
[Thu Jan 29 16:20:14.303925 2026] [mpm_winnt:notice] [pid 14092:tid 448] AH00455: Apache/2.4.62 (Win64) OpenSSL/3.0.15 PHP/8.3.26 configured -- resuming normal operations
[Thu Jan 29 16:20:14.304921 2026] [mpm_winnt:notice] [pid 14092:tid 448] AH00456: Apache Lounge VS17 Server built: Sep  4 2024 10:31:52
[Thu Jan 29 16:20:14.304921 2026] [core:notice] [pid 14092:tid 448] AH00094: Command line: 'C:\\laragon\\bin\\apache\\httpd-2.4.62-240904-win64-VS17\\bin\\httpd -d C:/laragon/bin/apache/httpd-2.4.62-240904-win64-VS17'
[Thu Jan 29 16:20:14.315852 2026] [mpm_winnt:notice] [pid 14092:tid 448] AH00418: Parent: Created child process 10620
[Thu Jan 29 16:20:15.622938 2026] [mpm_winnt:notice] [pid 10620:tid 444] AH00354: Child: Starting 64 worker threads.
[Mon Feb 02 10:53:10.538585 2026] [core:warn] [pid 14268:tid 448] AH00098: pid file C:/laragon/bin/apache/httpd-2.4.62-240904-win64-VS17/logs/httpd.pid overwritten -- Unclean shutdown of previous Apache run?
[Mon Feb 02 10:53:11.190364 2026] [mpm_winnt:notice] [pid 14268:tid 448] AH00455: Apache/2.4.62 (Win64) OpenSSL/3.0.15 PHP/8.3.26 configured -- resuming normal operations
[Mon Feb 02 10:53:11.190364 2026] [mpm_winnt:notice] [pid 14268:tid 448] AH00456: Apache Lounge VS17 Server built: Sep  4 2024 10:31:52
[Mon Feb 02 10:53:11.190364 2026] [core:notice] [pid 14268:tid 448] AH00094: Command line: 'C:\\laragon\\bin\\apache\\httpd-2.4.62-240904-win64-VS17\\bin\\httpd -d C:/laragon/bin/apache/httpd-2.4.62-240904-win64-VS17'
[Mon Feb 02 10:53:11.209753 2026] [mpm_winnt:notice] [pid 14268:tid 448] AH00418: Parent: Created child process 9020
Apache server interrupted...
026] [mpm_winnt:notice] [pid 9020:tid 444] AH00354: Child: Starting 64 worker threads.
[Tue Feb 03 02:40:27.755762 2026] [mpm_winnt:notice] [pid 14268:tid 448] AH00422: Parent: Received shutdown signal -- Shutting down the server.
Apache server interrupted...
Apache server interrupted...
Apache server interrupted...
Apache server interrupted...
Apache server interrupted...
Apache server interrupted...
[Tue Feb 03 02:40:57.834430 2026] [mpm_winnt:notice] [pid 14268:tid 448] AH00431: Parent: Forcing termination of child process 9020
[Tue Feb 03 10:00:51.867259 2026] [mpm_winnt:notice] [pid 1832:tid 448] AH00455: Apache/2.4.62 (Win64) OpenSSL/3.0.15 PHP/8.3.26 configured -- resuming normal operations
[Tue Feb 03 10:00:51.867259 2026] [mpm_winnt:notice] [pid 1832:tid 448] AH00456: Apache Lounge VS17 Server built: Sep  4 2024 10:31:52
[Tue Feb 03 10:00:51.867259 2026] [core:notice] [pid 1832:tid 448] AH00094: Command line: 'C:\\laragon\\bin\\apache\\httpd-2.4.62-240904-win64-VS17\\bin\\httpd -d C:/laragon/bin/apache/httpd-2.4.62-240904-win64-VS17'
[Tue Feb 03 10:00:51.876199 2026] [mpm_winnt:notice] [pid 1832:tid 448] AH00418: Parent: Created child process 14296
Apache server interrupted...
026] [mpm_winnt:notice] [pid 14296:tid 468] AH00354: Child: Starting 64 worker threads.
[Tue Feb 03 11:35:23.253505 2026] [mpm_winnt:notice] [pid 1832:tid 448] AH00422: Parent: Received shutdown signal -- Shutting down the server.
Apache server interrupted...
Apache server interrupted...
Apache server interrupted...
Apache server interrupted...
14296:tid 468] AH00364: Child: All worker threads have exited.
[Tue Feb 03 11:35:27.658070 2026] [mpm_winnt:notice] [pid 1832:tid 448] AH00430: Parent: Child process 14296 exited successfully.
[Tue Feb 03 11:40:30.457006 2026] [mpm_winnt:notice] [pid 11236:tid 448] AH00455: Apache/2.4.62 (Win64) OpenSSL/3.0.15 PHP/8.3.26 configured -- resuming normal operations
[Tue Feb 03 11:40:30.457999 2026] [mpm_winnt:notice] [pid 11236:tid 448] AH00456: Apache Lounge VS17 Server built: Sep  4 2024 10:31:52
[Tue Feb 03 11:40:30.457999 2026] [core:notice] [pid 11236:tid 448] AH00094: Command line: 'C:\\laragon\\bin\\apache\\httpd-2.4.62-240904-win64-VS17\\bin\\httpd -d C:/laragon/bin/apache/httpd-2.4.62-240904-win64-VS17'
[Tue Feb 03 11:40:31.451331 2026] [mpm_winnt:notice] [pid 11236:tid 448] AH00418: Parent: Created child process 12208
[Tue Feb 03 11:40:42.662908 2026] [mpm_winnt:notice] [pid 12208:tid 452] AH00354: Child: Starting 64 worker threads.
[Wed Feb 04 13:26:08.937625 2026] [core:warn] [pid 20724:tid 448] AH00098: pid file C:/laragon/bin/apache/httpd-2.4.62-240904-win64-VS17/logs/httpd.pid overwritten -- Unclean shutdown of previous Apache run?
[Wed Feb 04 13:26:09.347953 2026] [mpm_winnt:notice] [pid 20724:tid 448] AH00455: Apache/2.4.62 (Win64) OpenSSL/3.0.15 PHP/8.3.26 configured -- resuming normal operations
[Wed Feb 04 13:26:09.347953 2026] [mpm_winnt:notice] [pid 20724:tid 448] AH00456: Apache Lounge VS17 Server built: Sep  4 2024 10:31:52
[Wed Feb 04 13:26:09.347953 2026] [core:notice] [pid 20724:tid 448] AH00094: Command line: 'C:\\laragon\\bin\\apache\\httpd-2.4.62-240904-win64-VS17\\bin\\httpd -d C:/laragon/bin/apache/httpd-2.4.62-240904-win64-VS17'
[Wed Feb 04 13:26:09.357401 2026] [mpm_winnt:notice] [pid 20724:tid 448] AH00418: Parent: Created child process 10688
Apache server interrupted...
026] [mpm_winnt:notice] [pid 10688:tid 444] AH00354: Child: Starting 64 worker threads.
[Thu Feb 05 21:36:21.455787 2026] [mpm_winnt:notice] [pid 20724:tid 448] AH00422: Parent: Received shutdown signal -- Shutting down the server.
Apache server interrupted...
Apache server interrupted...
Apache server interrupted...
Apache server interrupted...
Apache server interrupted...
Apache server interrupted...
[Thu Feb 05 21:36:32.759609 2026] [mpm_winnt:notice] [pid 20724:tid 448] AH00430: Parent: Child process 10688 exited successfully.
[Thu Feb 05 21:40:55.961159 2026] [mpm_winnt:notice] [pid 14516:tid 448] AH00455: Apache/2.4.62 (Win64) OpenSSL/3.0.15 PHP/8.3.26 configured -- resuming normal operations
[Thu Feb 05 21:40:55.985990 2026] [mpm_winnt:notice] [pid 14516:tid 448] AH00456: Apache Lounge VS17 Server built: Sep  4 2024 10:31:52
[Thu Feb 05 21:40:55.986985 2026] [core:notice] [pid 14516:tid 448] AH00094: Command line: 'C:\\laragon\\bin\\apache\\httpd-2.4.62-240904-win64-VS17\\bin\\httpd -d C:/laragon/bin/apache/httpd-2.4.62-240904-win64-VS17'
[Thu Feb 05 21:40:55.995925 2026] [mpm_winnt:notice] [pid 14516:tid 448] AH00418: Parent: Created child process 11136
Apache server interrupted...
026] [mpm_winnt:notice] [pid 11136:tid 444] AH00354: Child: Starting 64 worker threads.
[Sat Feb 07 01:56:18.049158 2026] [mpm_winnt:notice] [pid 14516:tid 448] AH00422: Parent: Received shutdown signal -- Shutting down the server.
Apache server interrupted...
Apache server interrupted...
Apache server interrupted...
Apache server interrupted...
11136:tid 444] AH00364: Child: All worker threads have exited.
[Sat Feb 07 01:56:22.590374 2026] [mpm_winnt:notice] [pid 14516:tid 448] AH00430: Parent: Child process 11136 exited successfully.
[Mon Feb 09 10:28:50.360193 2026] [mpm_winnt:notice] [pid 15724:tid 448] AH00455: Apache/2.4.62 (Win64) OpenSSL/3.0.15 PHP/8.3.26 configured -- resuming normal operations
[Mon Feb 09 10:28:50.361184 2026] [mpm_winnt:notice] [pid 15724:tid 448] AH00456: Apache Lounge VS17 Server built: Sep  4 2024 10:31:52
[Mon Feb 09 10:28:50.361184 2026] [core:notice] [pid 15724:tid 448] AH00094: Command line: 'C:\\laragon\\bin\\apache\\httpd-2.4.62-240904-win64-VS17\\bin\\httpd -d C:/laragon/bin/apache/httpd-2.4.62-240904-win64-VS17'
[Mon Feb 09 10:28:50.375091 2026] [mpm_winnt:notice] [pid 15724:tid 448] AH00418: Parent: Created child process 9848
Apache server interrupted...
026] [mpm_winnt:notice] [pid 9848:tid 444] AH00354: Child: Starting 64 worker threads.
[Mon Feb 09 15:09:38.473454 2026] [mpm_winnt:notice] [pid 15724:tid 448] AH00422: Parent: Received shutdown signal -- Shutting down the server.
Apache server interrupted...
Apache server interrupted...
Apache server interrupted...
Apache server interrupted...
 All worker threads have exited.
[Mon Feb 09 15:09:44.693648 2026] [mpm_winnt:notice] [pid 15724:tid 448] AH00430: Parent: Child process 9848 exited successfully.
[Mon Feb 09 17:04:26.953962 2026] [mpm_winnt:notice] [pid 16748:tid 448] AH00455: Apache/2.4.62 (Win64) OpenSSL/3.0.15 PHP/8.3.26 configured -- resuming normal operations
[Mon Feb 09 17:04:26.954958 2026] [mpm_winnt:notice] [pid 16748:tid 448] AH00456: Apache Lounge VS17 Server built: Sep  4 2024 10:31:52
[Mon Feb 09 17:04:26.954958 2026] [core:notice] [pid 16748:tid 448] AH00094: Command line: 'C:\\laragon\\bin\\apache\\httpd-2.4.62-240904-win64-VS17\\bin\\httpd -d C:/laragon/bin/apache/httpd-2.4.62-240904-win64-VS17'
[Mon Feb 09 17:04:26.967868 2026] [mpm_winnt:notice] [pid 16748:tid 448] AH00418: Parent: Created child process 9932
[Mon Feb 09 17:04:28.310121 2026] [mpm_winnt:notice] [pid 9932:tid 444] AH00354: Child: Starting 64 worker threads.
[Tue Feb 10 07:22:06.931451 2026] [core:warn] [pid 3476:tid 448] AH00098: pid file C:/laragon/bin/apache/httpd-2.4.62-240904-win64-VS17/logs/httpd.pid overwritten -- Unclean shutdown of previous Apache run?
[Tue Feb 10 07:22:07.914850 2026] [mpm_winnt:notice] [pid 3476:tid 448] AH00455: Apache/2.4.62 (Win64) OpenSSL/3.0.15 PHP/8.3.26 configured -- resuming normal operations
[Tue Feb 10 07:22:07.914850 2026] [mpm_winnt:notice] [pid 3476:tid 448] AH00456: Apache Lounge VS17 Server built: Sep  4 2024 10:31:52
[Tue Feb 10 07:22:07.914850 2026] [core:notice] [pid 3476:tid 448] AH00094: Command line: 'C:\\laragon\\bin\\apache\\httpd-2.4.62-240904-win64-VS17\\bin\\httpd -d C:/laragon/bin/apache/httpd-2.4.62-240904-win64-VS17'
[Tue Feb 10 07:22:07.964516 2026] [mpm_winnt:notice] [pid 3476:tid 448] AH00418: Parent: Created child process 16012
Apache server interrupted...
026] [mpm_winnt:notice] [pid 16012:tid 188] AH00354: Child: Starting 64 worker threads.
[Tue Feb 10 11:45:39.692292 2026] [mpm_winnt:notice] [pid 3476:tid 448] AH00422: Parent: Received shutdown signal -- Shutting down the server.
Apache server interrupted...
Apache server interrupted...
Apache server interrupted...
Apache server interrupted...
16012:tid 188] AH00364: Child: All worker threads have exited.
[Tue Feb 10 11:45:44.485830 2026] [mpm_winnt:notice] [pid 3476:tid 448] AH00430: Parent: Child process 16012 exited successfully.
[Tue Feb 10 16:25:20.273454 2026] [mpm_winnt:notice] [pid 12156:tid 448] AH00455: Apache/2.4.62 (Win64) OpenSSL/3.0.15 PHP/8.3.26 configured -- resuming normal operations
[Tue Feb 10 16:25:20.274446 2026] [mpm_winnt:notice] [pid 12156:tid 448] AH00456: Apache Lounge VS17 Server built: Sep  4 2024 10:31:52
[Tue Feb 10 16:25:20.274446 2026] [core:notice] [pid 12156:tid 448] AH00094: Command line: 'C:\\laragon\\bin\\apache\\httpd-2.4.62-240904-win64-VS17\\bin\\httpd -d C:/laragon/bin/apache/httpd-2.4.62-240904-win64-VS17'
[Tue Feb 10 16:25:20.286366 2026] [mpm_winnt:notice] [pid 12156:tid 448] AH00418: Parent: Created child process 800
Apache server interrupted...
026] [mpm_winnt:notice] [pid 800:tid 460] AH00354: Child: Starting 64 worker threads.
[Thu Feb 12 19:23:18.347061 2026] [mpm_winnt:notice] [pid 12156:tid 448] AH00422: Parent: Received shutdown signal -- Shutting down the server.
Apache server interrupted...
Apache server interrupted...
[Thu Feb 12 19:23:21.587052 2026] [mpm_winnt:notice] [pid 800:tid 460] AH00364: Child: All worker threads have exited.
[Thu Feb 12 19:23:21.849860 2026] [mpm_winnt:notice] [pid 12156:tid 448] AH00430: Parent: Child process 800 exited successfully.
[Sat Feb 14 23:44:21.951278 2026] [mpm_winnt:notice] [pid 4752:tid 448] AH00455: Apache/2.4.62 (Win64) OpenSSL/3.0.15 PHP/8.3.26 configured -- resuming normal operations
[Sat Feb 14 23:44:21.954258 2026] [mpm_winnt:notice] [pid 4752:tid 448] AH00456: Apache Lounge VS17 Server built: Sep  4 2024 10:31:52
[Sat Feb 14 23:44:21.954258 2026] [core:notice] [pid 4752:tid 448] AH00094: Command line: 'C:\\laragon\\bin\\apache\\httpd-2.4.62-240904-win64-VS17\\bin\\httpd -d C:/laragon/bin/apache/httpd-2.4.62-240904-win64-VS17'
[Sat Feb 14 23:44:21.973130 2026] [mpm_winnt:notice] [pid 4752:tid 448] AH00418: Parent: Created child process 13016
Apache server interrupted...
026] [mpm_winnt:notice] [pid 13016:tid 444] AH00354: Child: Starting 64 worker threads.
[Tue Feb 17 02:23:44.952941 2026] [mpm_winnt:notice] [pid 4752:tid 448] AH00422: Parent: Received shutdown signal -- Shutting down the server.
Apache server interrupted...
Apache server interrupted...
Apache server interrupted...
026] [mpm_winnt:notice] [pid 13016:tid 444] AH00364: Child: All worker threads have exited.
[Tue Feb 17 02:23:49.973939 2026] [mpm_winnt:notice] [pid 4752:tid 448] AH00430: Parent: Child process 13016 exited successfully.
[Tue Feb 17 18:35:24.320035 2026] [mpm_winnt:notice] [pid 10900:tid 452] AH00455: Apache/2.4.62 (Win64) OpenSSL/3.0.15 PHP/8.3.26 configured -- resuming normal operations
[Tue Feb 17 18:35:24.325995 2026] [mpm_winnt:notice] [pid 10900:tid 452] AH00456: Apache Lounge VS17 Server built: Sep  4 2024 10:31:52
[Tue Feb 17 18:35:24.325995 2026] [core:notice] [pid 10900:tid 452] AH00094: Command line: 'C:\\laragon\\bin\\apache\\httpd-2.4.62-240904-win64-VS17\\bin\\httpd -d C:/laragon/bin/apache/httpd-2.4.62-240904-win64-VS17'
[Tue Feb 17 18:35:24.338907 2026] [mpm_winnt:notice] [pid 10900:tid 452] AH00418: Parent: Created child process 12624
Apache server interrupted...
026] [mpm_winnt:notice] [pid 12624:tid 444] AH00354: Child: Starting 64 worker threads.
[Wed Feb 18 03:00:57.388469 2026] [mpm_winnt:notice] [pid 10900:tid 452] AH00422: Parent: Received shutdown signal -- Shutting down the server.
Apache server interrupted...
Apache server interrupted...
Apache server interrupted...
Apache server interrupted...
026] [mpm_winnt:notice] [pid 12624:tid 444] AH00364: Child: All worker threads have exited.
[Wed Feb 18 03:01:01.375947 2026] [mpm_winnt:notice] [pid 10900:tid 452] AH00430: Parent: Child process 12624 exited successfully.
Apache server interrupted...
[Wed Feb 18 11:06:22.170810 2026] [mpm_winnt:notice] [pid 21040:tid 448] AH00455: Apache/2.4.62 (Win64) OpenSSL/3.0.15 PHP/8.3.26 configured -- resuming normal operations
[Wed Feb 18 11:06:22.171804 2026] [mpm_winnt:notice] [pid 21040:tid 448] AH00456: Apache Lounge VS17 Server built: Sep  4 2024 10:31:52
[Wed Feb 18 11:06:22.172798 2026] [core:notice] [pid 21040:tid 448] AH00094: Command line: 'C:\\laragon\\bin\\apache\\httpd-2.4.62-240904-win64-VS17\\bin\\httpd -d C:/laragon/bin/apache/httpd-2.4.62-240904-win64-VS17'
[Wed Feb 18 11:06:22.181737 2026] [mpm_winnt:notice] [pid 21040:tid 448] AH00418: Parent: Created child process 7848
Apache server interrupted...
026] [mpm_winnt:notice] [pid 7848:tid 444] AH00354: Child: Starting 64 worker threads.
[Wed Feb 18 11:12:22.546914 2026] [mpm_winnt:notice] [pid 21040:tid 448] AH00422: Parent: Received shutdown signal -- Shutting down the server.
Apache server interrupted...
Apache server interrupted...
Apache server interrupted...
026] [mpm_winnt:notice] [pid 7848:tid 444] AH00364: Child: All worker threads have exited.
[Wed Feb 18 11:12:26.425144 2026] [mpm_winnt:notice] [pid 21040:tid 448] AH00430: Parent: Child process 7848 exited successfully.
[Wed Feb 18 11:15:38.104203 2026] [mpm_winnt:notice] [pid 6820:tid 448] AH00455: Apache/2.4.62 (Win64) OpenSSL/3.0.15 PHP/8.3.26 configured -- resuming normal operations
[Wed Feb 18 11:15:38.126055 2026] [mpm_winnt:notice] [pid 6820:tid 448] AH00456: Apache Lounge VS17 Server built: Sep  4 2024 10:31:52
[Wed Feb 18 11:15:38.126055 2026] [core:notice] [pid 6820:tid 448] AH00094: Command line: 'C:\\laragon\\bin\\apache\\httpd-2.4.62-240904-win64-VS17\\bin\\httpd -d C:/laragon/bin/apache/httpd-2.4.62-240904-win64-VS17'
[Wed Feb 18 11:15:38.260155 2026] [mpm_winnt:notice] [pid 6820:tid 448] AH00418: Parent: Created child process 18836
Apache server interrupted...
026] [mpm_winnt:notice] [pid 18836:tid 444] AH00354: Child: Starting 64 worker threads.
[Wed Feb 18 11:15:44.539524 2026] [mpm_winnt:notice] [pid 6820:tid 448] AH00422: Parent: Received shutdown signal -- Shutting down the server.
Apache server interrupted...
[Wed Feb 18 11:15:46.606647 2026] [mpm_winnt:notice] [pid 18836:tid 444] AH00364: Child: All worker threads have exited.
[Wed Feb 18 11:15:46.848027 2026] [mpm_winnt:notice] [pid 6820:tid 448] AH00430: Parent: Child process 18836 exited successfully.
Apache server interrupted...
[Wed Feb 18 12:03:40.857083 2026] [mpm_winnt:notice] [pid 6636:tid 448] AH00455: Apache/2.4.62 (Win64) OpenSSL/3.0.15 PHP/8.3.26 configured -- resuming normal operations
[Wed Feb 18 12:03:40.862096 2026] [mpm_winnt:notice] [pid 6636:tid 448] AH00456: Apache Lounge VS17 Server built: Sep  4 2024 10:31:52
[Wed Feb 18 12:03:40.863090 2026] [core:notice] [pid 6636:tid 448] AH00094: Command line: 'C:\\laragon\\bin\\apache\\httpd-2.4.62-240904-win64-VS17\\bin\\httpd -d C:/laragon/bin/apache/httpd-2.4.62-240904-win64-VS17'
[Wed Feb 18 12:03:40.880191 2026] [mpm_winnt:notice] [pid 6636:tid 448] AH00418: Parent: Created child process 52
Apache server interrupted...
026] [mpm_winnt:notice] [pid 52:tid 444] AH00354: Child: Starting 64 worker threads.
[Thu Feb 19 19:14:36.700908 2026] [mpm_winnt:notice] [pid 6636:tid 448] AH00422: Parent: Received shutdown signal -- Shutting down the server.
Apache server interrupted...
Apache server interrupted...
Apache server interrupted...
Apache server interrupted...
Apache server interrupted...
Apache server interrupted...
.
[Thu Feb 19 19:14:45.036238 2026] [mpm_winnt:notice] [pid 6636:tid 448] AH00430: Parent: Child process 52 exited successfully.
[Thu Feb 19 19:38:44.720442 2026] [mpm_winnt:notice] [pid 11736:tid 448] AH00455: Apache/2.4.62 (Win64) OpenSSL/3.0.15 PHP/8.3.26 configured -- resuming normal operations
[Thu Feb 19 19:38:44.721434 2026] [mpm_winnt:notice] [pid 11736:tid 448] AH00456: Apache Lounge VS17 Server built: Sep  4 2024 10:31:52
[Thu Feb 19 19:38:44.721434 2026] [core:notice] [pid 11736:tid 448] AH00094: Command line: 'C:\\laragon\\bin\\apache\\httpd-2.4.62-240904-win64-VS17\\bin\\httpd -d C:/laragon/bin/apache/httpd-2.4.62-240904-win64-VS17'
[Thu Feb 19 19:38:44.745790 2026] [mpm_winnt:notice] [pid 11736:tid 448] AH00418: Parent: Created child process 11464
Apache server interrupted...
026] [mpm_winnt:notice] [pid 11464:tid 444] AH00354: Child: Starting 64 worker threads.
[Fri Feb 20 02:29:13.494214 2026] [mpm_winnt:notice] [pid 11736:tid 448] AH00422: Parent: Received shutdown signal -- Shutting down the server.
Apache server interrupted...
Apache server interrupted...
Apache server interrupted...
Apache server interrupted...
11464:tid 444] AH00364: Child: All worker threads have exited.
[Fri Feb 20 02:29:17.368251 2026] [mpm_winnt:notice] [pid 11736:tid 448] AH00430: Parent: Child process 11464 exited successfully.
[Fri Feb 20 02:31:17.690843 2026] [mpm_winnt:notice] [pid 18836:tid 448] AH00455: Apache/2.4.62 (Win64) OpenSSL/3.0.15 PHP/8.3.26 configured -- resuming normal operations
[Fri Feb 20 02:31:17.699784 2026] [mpm_winnt:notice] [pid 18836:tid 448] AH00456: Apache Lounge VS17 Server built: Sep  4 2024 10:31:52
[Fri Feb 20 02:31:17.699784 2026] [core:notice] [pid 18836:tid 448] AH00094: Command line: 'C:\\laragon\\bin\\apache\\httpd-2.4.62-240904-win64-VS17\\bin\\httpd -d C:/laragon/bin/apache/httpd-2.4.62-240904-win64-VS17'
[Fri Feb 20 02:31:17.748456 2026] [mpm_winnt:notice] [pid 18836:tid 448] AH00418: Parent: Created child process 6724
Apache server interrupted...
026] [mpm_winnt:notice] [pid 6724:tid 444] AH00354: Child: Starting 64 worker threads.
[Fri Feb 20 08:29:24.335910 2026] [mpm_winnt:notice] [pid 18836:tid 448] AH00422: Parent: Received shutdown signal -- Shutting down the server.
Apache server interrupted...
Apache server interrupted...
Apache server interrupted...
Apache server interrupted...
Apache server interrupted...
Apache server interrupted...
ed.
[Fri Feb 20 08:29:37.099450 2026] [mpm_winnt:notice] [pid 18836:tid 448] AH00430: Parent: Child process 6724 exited successfully.
[Fri Feb 20 08:33:51.804183 2026] [mpm_winnt:notice] [pid 10852:tid 448] AH00455: Apache/2.4.62 (Win64) OpenSSL/3.0.15 PHP/8.3.26 configured -- resuming normal operations
[Fri Feb 20 08:33:51.804183 2026] [mpm_winnt:notice] [pid 10852:tid 448] AH00456: Apache Lounge VS17 Server built: Sep  4 2024 10:31:52
[Fri Feb 20 08:33:51.804183 2026] [core:notice] [pid 10852:tid 448] AH00094: Command line: 'C:\\laragon\\bin\\apache\\httpd-2.4.62-240904-win64-VS17\\bin\\httpd -d C:/laragon/bin/apache/httpd-2.4.62-240904-win64-VS17'
[Fri Feb 20 08:33:51.833981 2026] [mpm_winnt:notice] [pid 10852:tid 448] AH00418: Parent: Created child process 20684
Apache server interrupted...
026] [mpm_winnt:notice] [pid 20684:tid 444] AH00354: Child: Starting 64 worker threads.
[Fri Feb 20 08:50:49.894993 2026] [mpm_winnt:notice] [pid 10852:tid 448] AH00422: Parent: Received shutdown signal -- Shutting down the server.
Apache server interrupted...
Apache server interrupted...
[Fri Feb 20 08:50:51.912721 2026] [mpm_winnt:notice] [pid 20684:tid 444] AH00364: Child: All worker threads have exited.
[Fri Feb 20 08:50:52.039891 2026] [mpm_winnt:notice] [pid 10852:tid 448] AH00430: Parent: Child process 20684 exited successfully.
[Fri Feb 20 09:04:43.327049 2026] [mpm_winnt:notice] [pid 5136:tid 448] AH00455: Apache/2.4.62 (Win64) OpenSSL/3.0.15 PHP/8.3.26 configured -- resuming normal operations
[Fri Feb 20 09:04:43.328042 2026] [mpm_winnt:notice] [pid 5136:tid 448] AH00456: Apache Lounge VS17 Server built: Sep  4 2024 10:31:52
[Fri Feb 20 09:04:43.328042 2026] [core:notice] [pid 5136:tid 448] AH00094: Command line: 'C:\\laragon\\bin\\apache\\httpd-2.4.62-240904-win64-VS17\\bin\\httpd -d C:/laragon/bin/apache/httpd-2.4.62-240904-win64-VS17'
[Fri Feb 20 09:04:43.361019 2026] [mpm_winnt:notice] [pid 5136:tid 448] AH00418: Parent: Created child process 15916
Apache server interrupted...
026] [mpm_winnt:notice] [pid 15916:tid 444] AH00354: Child: Starting 64 worker threads.
[Sat Feb 21 09:40:59.254337 2026] [mpm_winnt:notice] [pid 5136:tid 448] AH00422: Parent: Received shutdown signal -- Shutting down the server.
Apache server interrupted...
Apache server interrupted...
026] [mpm_winnt:notice] [pid 15916:tid 444] AH00364: Child: All worker threads have exited.
[Sat Feb 21 09:41:09.342331 2026] [mpm_winnt:notice] [pid 5136:tid 448] AH00430: Parent: Child process 15916 exited successfully.
[Sat Feb 21 15:30:06.499907 2026] [mpm_winnt:notice] [pid 18404:tid 448] AH00455: Apache/2.4.62 (Win64) OpenSSL/3.0.15 PHP/8.3.26 configured -- resuming normal operations
[Sat Feb 21 15:30:06.500899 2026] [mpm_winnt:notice] [pid 18404:tid 448] AH00456: Apache Lounge VS17 Server built: Sep  4 2024 10:31:52
[Sat Feb 21 15:30:06.500899 2026] [core:notice] [pid 18404:tid 448] AH00094: Command line: 'C:\\laragon\\bin\\apache\\httpd-2.4.62-240904-win64-VS17\\bin\\httpd -d C:/laragon/bin/apache/httpd-2.4.62-240904-win64-VS17'
[Sat Feb 21 15:30:06.515799 2026] [mpm_winnt:notice] [pid 18404:tid 448] AH00418: Parent: Created child process 10924
Apache server interrupted...
026] [mpm_winnt:notice] [pid 10924:tid 444] AH00354: Child: Starting 64 worker threads.
[Sun Feb 22 02:53:55.823668 2026] [mpm_winnt:notice] [pid 18404:tid 448] AH00422: Parent: Received shutdown signal -- Shutting down the server.
Apache server interrupted...
Apache server interrupted...
Apache server interrupted...
Apache server interrupted...
: All worker threads have exited.
[Sun Feb 22 02:54:22.448012 2026] [mpm_winnt:notice] [pid 18404:tid 448] AH00430: Parent: Child process 10924 exited successfully.
[Sun Feb 22 08:57:22.200214 2026] [mpm_winnt:notice] [pid 3796:tid 448] AH00455: Apache/2.4.62 (Win64) OpenSSL/3.0.15 PHP/8.3.26 configured -- resuming normal operations
[Sun Feb 22 08:57:22.201207 2026] [mpm_winnt:notice] [pid 3796:tid 448] AH00456: Apache Lounge VS17 Server built: Sep  4 2024 10:31:52
[Sun Feb 22 08:57:22.201207 2026] [core:notice] [pid 3796:tid 448] AH00094: Command line: 'C:\\laragon\\bin\\apache\\httpd-2.4.62-240904-win64-VS17\\bin\\httpd -d C:/laragon/bin/apache/httpd-2.4.62-240904-win64-VS17'
[Sun Feb 22 08:57:22.210145 2026] [mpm_winnt:notice] [pid 3796:tid 448] AH00418: Parent: Created child process 7804
Apache server interrupted...
026] [mpm_winnt:notice] [pid 7804:tid 444] AH00354: Child: Starting 64 worker threads.
[Tue Feb 24 00:33:40.127384 2026] [mpm_winnt:notice] [pid 3796:tid 448] AH00422: Parent: Received shutdown signal -- Shutting down the server.
Apache server interrupted...
Apache server interrupted...
Apache server interrupted...
Apache server interrupted...
7804:tid 444] AH00364: Child: All worker threads have exited.
[Tue Feb 24 00:33:49.172468 2026] [mpm_winnt:notice] [pid 3796:tid 448] AH00430: Parent: Child process 7804 exited successfully.
[Mon Mar 09 12:36:47.956210 2026] [mpm_winnt:notice] [pid 8188:tid 448] AH00455: Apache/2.4.62 (Win64) OpenSSL/3.0.15 PHP/8.3.26 configured -- resuming normal operations
[Mon Mar 09 12:36:47.957965 2026] [mpm_winnt:notice] [pid 8188:tid 448] AH00456: Apache Lounge VS17 Server built: Sep  4 2024 10:31:52
[Mon Mar 09 12:36:47.957965 2026] [core:notice] [pid 8188:tid 448] AH00094: Command line: 'C:\\laragon\\bin\\apache\\httpd-2.4.62-240904-win64-VS17\\bin\\httpd -d C:/laragon/bin/apache/httpd-2.4.62-240904-win64-VS17'
[Mon Mar 09 12:36:47.977836 2026] [mpm_winnt:notice] [pid 8188:tid 448] AH00418: Parent: Created child process 11172
[Mon Mar 09 12:36:49.711090 2026] [mpm_winnt:notice] [pid 11172:tid 444] AH00354: Child: Starting 64 worker threads.
[Mon Mar 09 15:45:05.082402 2026] [core:warn] [pid 268:tid 448] AH00098: pid file C:/laragon/bin/apache/httpd-2.4.62-240904-win64-VS17/logs/httpd.pid overwritten -- Unclean shutdown of previous Apache run?
[Mon Mar 09 15:45:07.190783 2026] [mpm_winnt:notice] [pid 268:tid 448] AH00455: Apache/2.4.62 (Win64) OpenSSL/3.0.15 PHP/8.3.26 configured -- resuming normal operations
[Mon Mar 09 15:45:07.190783 2026] [mpm_winnt:notice] [pid 268:tid 448] AH00456: Apache Lounge VS17 Server built: Sep  4 2024 10:31:52
[Mon Mar 09 15:45:07.190783 2026] [core:notice] [pid 268:tid 448] AH00094: Command line: 'C:\\laragon\\bin\\apache\\httpd-2.4.62-240904-win64-VS17\\bin\\httpd -d C:/laragon/bin/apache/httpd-2.4.62-240904-win64-VS17'
[Mon Mar 09 15:45:07.573954 2026] [mpm_winnt:notice] [pid 268:tid 448] AH00418: Parent: Created child process 18244
[Mon Mar 09 15:45:12.752172 2026] [mpm_winnt:notice] [pid 18244:tid 444] AH00354: Child: Starting 64 worker threads.
[Mon Mar 09 16:28:21.859507 2026] [core:warn] [pid 12584:tid 448] AH00098: pid file C:/laragon/bin/apache/httpd-2.4.62-240904-win64-VS17/logs/httpd.pid overwritten -- Unclean shutdown of previous Apache run?
[Mon Mar 09 16:28:22.494448 2026] [mpm_winnt:notice] [pid 12584:tid 448] AH00455: Apache/2.4.62 (Win64) OpenSSL/3.0.15 PHP/8.3.26 configured -- resuming normal operations
[Mon Mar 09 16:28:22.494448 2026] [mpm_winnt:notice] [pid 12584:tid 448] AH00456: Apache Lounge VS17 Server built: Sep  4 2024 10:31:52
[Mon Mar 09 16:28:22.494448 2026] [core:notice] [pid 12584:tid 448] AH00094: Command line: 'C:\\laragon\\bin\\apache\\httpd-2.4.62-240904-win64-VS17\\bin\\httpd -d C:/laragon/bin/apache/httpd-2.4.62-240904-win64-VS17'
[Mon Mar 09 16:28:22.548133 2026] [mpm_winnt:notice] [pid 12584:tid 448] AH00418: Parent: Created child process 2612
Apache server interrupted...
026] [mpm_winnt:notice] [pid 2612:tid 444] AH00354: Child: Starting 64 worker threads.
[Mon Mar 09 16:59:10.739846 2026] [mpm_winnt:notice] [pid 12584:tid 448] AH00422: Parent: Received shutdown signal -- Shutting down the server.
Apache server interrupted...
026] [mpm_winnt:notice] [pid 2612:tid 444] AH00364: Child: All worker threads have exited.
[Mon Mar 09 16:59:25.626947 2026] [mpm_winnt:notice] [pid 12584:tid 448] AH00430: Parent: Child process 2612 exited successfully.
[Sat Mar 14 18:18:51.862339 2026] [mpm_winnt:notice] [pid 11488:tid 448] AH00455: Apache/2.4.62 (Win64) OpenSSL/3.0.15 PHP/8.3.26 configured -- resuming normal operations
[Sat Mar 14 18:18:51.864355 2026] [mpm_winnt:notice] [pid 11488:tid 448] AH00456: Apache Lounge VS17 Server built: Sep  4 2024 10:31:52
[Sat Mar 14 18:18:51.864355 2026] [core:notice] [pid 11488:tid 448] AH00094: Command line: 'C:\\laragon\\bin\\apache\\httpd-2.4.62-240904-win64-VS17\\bin\\httpd -d C:/laragon/bin/apache/httpd-2.4.62-240904-win64-VS17'
[Sat Mar 14 18:18:51.888037 2026] [mpm_winnt:notice] [pid 11488:tid 448] AH00418: Parent: Created child process 14028
Apache server interrupted...
026] [mpm_winnt:notice] [pid 14028:tid 444] AH00354: Child: Starting 64 worker threads.
[Sun Mar 15 07:01:06.964384 2026] [mpm_winnt:notice] [pid 11488:tid 448] AH00422: Parent: Received shutdown signal -- Shutting down the server.
Apache server interrupted...
Apache server interrupted...
[Sun Mar 15 07:01:08.997497 2026] [mpm_winnt:notice] [pid 14028:tid 444] AH00364: Child: All worker threads have exited.
[Sun Mar 15 07:01:09.210565 2026] [mpm_winnt:notice] [pid 11488:tid 448] AH00430: Parent: Child process 14028 exited successfully.
[Sun Mar 15 10:24:27.761770 2026] [mpm_winnt:notice] [pid 22244:tid 448] AH00455: Apache/2.4.62 (Win64) OpenSSL/3.0.15 PHP/8.3.26 configured -- resuming normal operations
[Sun Mar 15 10:24:27.761770 2026] [mpm_winnt:notice] [pid 22244:tid 448] AH00456: Apache Lounge VS17 Server built: Sep  4 2024 10:31:52
[Sun Mar 15 10:24:27.761770 2026] [core:notice] [pid 22244:tid 448] AH00094: Command line: 'C:\\laragon\\bin\\apache\\httpd-2.4.62-240904-win64-VS17\\bin\\httpd -d C:/laragon/bin/apache/httpd-2.4.62-240904-win64-VS17'
[Sun Mar 15 10:24:27.770773 2026] [mpm_winnt:notice] [pid 22244:tid 448] AH00418: Parent: Created child process 21624
Apache server interrupted...
026] [mpm_winnt:notice] [pid 21624:tid 444] AH00354: Child: Starting 64 worker threads.
[Tue Mar 17 00:37:09.198692 2026] [mpm_winnt:notice] [pid 22244:tid 448] AH00422: Parent: Received shutdown signal -- Shutting down the server.
Apache server interrupted...
Apache server interrupted...
Apache server interrupted...
Apache server interrupted...
Apache server interrupted...
Apache server interrupted...
Apache server interrupted...
Apache server interrupted...
Apache server interrupted...
[Tue Mar 17 00:37:32.812349 2026] [mpm_winnt:notice] [pid 22244:tid 448] AH00430: Parent: Child process 21624 exited successfully.
[Tue Mar 17 21:56:13.451940 2026] [mpm_winnt:notice] [pid 6580:tid 448] AH00455: Apache/2.4.62 (Win64) OpenSSL/3.0.15 PHP/8.3.26 configured -- resuming normal operations
[Tue Mar 17 21:56:13.453939 2026] [mpm_winnt:notice] [pid 6580:tid 448] AH00456: Apache Lounge VS17 Server built: Sep  4 2024 10:31:52
[Tue Mar 17 21:56:13.453939 2026] [core:notice] [pid 6580:tid 448] AH00094: Command line: 'C:\\laragon\\bin\\apache\\httpd-2.4.62-240904-win64-VS17\\bin\\httpd -d C:/laragon/bin/apache/httpd-2.4.62-240904-win64-VS17'
[Tue Mar 17 21:56:13.476025 2026] [mpm_winnt:notice] [pid 6580:tid 448] AH00418: Parent: Created child process 304
Apache server interrupted...
026] [mpm_winnt:notice] [pid 304:tid 444] AH00354: Child: Starting 64 worker threads.
[Wed Mar 18 23:07:56.498226 2026] [mpm_winnt:notice] [pid 6580:tid 448] AH00422: Parent: Received shutdown signal -- Shutting down the server.
[Wed Mar 18 23:07:59.563355 2026] [mpm_winnt:notice] [pid 304:tid 444] AH00364: Child: All worker threads have exited.
[Wed Mar 18 23:08:00.665274 2026] [mpm_winnt:notice] [pid 6580:tid 448] AH00430: Parent: Child process 304 exited successfully.
[Thu Mar 19 10:00:33.067088 2026] [mpm_winnt:notice] [pid 16912:tid 452] AH00455: Apache/2.4.62 (Win64) OpenSSL/3.0.15 PHP/8.3.26 configured -- resuming normal operations
[Thu Mar 19 10:00:33.067088 2026] [mpm_winnt:notice] [pid 16912:tid 452] AH00456: Apache Lounge VS17 Server built: Sep  4 2024 10:31:52
[Thu Mar 19 10:00:33.067088 2026] [core:notice] [pid 16912:tid 452] AH00094: Command line: 'C:\\laragon\\bin\\apache\\httpd-2.4.62-240904-win64-VS17\\bin\\httpd -d C:/laragon/bin/apache/httpd-2.4.62-240904-win64-VS17'
[Thu Mar 19 10:00:33.084685 2026] [mpm_winnt:notice] [pid 16912:tid 452] AH00418: Parent: Created child process 12784
Apache server interrupted...
026] [mpm_winnt:notice] [pid 12784:tid 444] AH00354: Child: Starting 64 worker threads.
[Thu Mar 19 13:43:23.956915 2026] [mpm_winnt:notice] [pid 16912:tid 452] AH00422: Parent: Received shutdown signal -- Shutting down the server.
Apache server interrupted...
Apache server interrupted...
Apache server interrupted...
Apache server interrupted...
Apache server interrupted...
Apache server interrupted...
Apache server interrupted...
[Thu Mar 19 13:43:36.634785 2026] [mpm_winnt:notice] [pid 16912:tid 452] AH00430: Parent: Child process 12784 exited successfully.
[Sat Mar 21 12:06:45.463128 2026] [mpm_winnt:notice] [pid 6392:tid 436] AH00455: Apache/2.4.62 (Win64) OpenSSL/3.0.15 PHP/8.3.26 configured -- resuming normal operations
[Sat Mar 21 12:06:45.585961 2026] [mpm_winnt:notice] [pid 6392:tid 436] AH00456: Apache Lounge VS17 Server built: Sep  4 2024 10:31:52
[Sat Mar 21 12:06:45.585961 2026] [core:notice] [pid 6392:tid 436] AH00094: Command line: 'C:\\laragon\\bin\\apache\\httpd-2.4.62-240904-win64-VS17\\bin\\httpd -d C:/laragon/bin/apache/httpd-2.4.62-240904-win64-VS17'
[Sat Mar 21 12:06:46.025773 2026] [mpm_winnt:notice] [pid 6392:tid 436] AH00418: Parent: Created child process 1764
Apache server interrupted...
026] [mpm_winnt:notice] [pid 1764:tid 444] AH00354: Child: Starting 64 worker threads.
[Sun Mar 22 23:59:15.740910 2026] [mpm_winnt:notice] [pid 6392:tid 436] AH00422: Parent: Received shutdown signal -- Shutting down the server.
Apache server interrupted...
Apache server interrupted...
Apache server interrupted...
Apache server interrupted...
Apache server interrupted...
Apache server interrupted...
Apache server interrupted...
Apache server interrupted...
[Sun Mar 22 23:59:27.964175 2026] [mpm_winnt:notice] [pid 6392:tid 436] AH00430: Parent: Child process 1764 exited successfully.
[Mon Mar 23 11:10:57.562065 2026] [mpm_winnt:notice] [pid 10468:tid 420] AH00455: Apache/2.4.62 (Win64) OpenSSL/3.0.15 PHP/8.3.26 configured -- resuming normal operations
[Mon Mar 23 11:10:57.566098 2026] [mpm_winnt:notice] [pid 10468:tid 420] AH00456: Apache Lounge VS17 Server built: Sep  4 2024 10:31:52
[Mon Mar 23 11:10:57.566098 2026] [core:notice] [pid 10468:tid 420] AH00094: Command line: 'C:\\laragon\\bin\\apache\\httpd-2.4.62-240904-win64-VS17\\bin\\httpd -d C:/laragon/bin/apache/httpd-2.4.62-240904-win64-VS17'
[Mon Mar 23 11:10:57.585976 2026] [mpm_winnt:notice] [pid 10468:tid 420] AH00418: Parent: Created child process 8424
[Mon Mar 23 11:10:58.853617 2026] [mpm_winnt:notice] [pid 8424:tid 416] AH00354: Child: Starting 64 worker threads.
[Tue Mar 24 22:22:02.578372 2026] [core:warn] [pid 5224:tid 420] AH00098: pid file C:/laragon/bin/apache/httpd-2.4.62-240904-win64-VS17/logs/httpd.pid overwritten -- Unclean shutdown of previous Apache run?
[Tue Mar 24 22:22:03.919408 2026] [mpm_winnt:notice] [pid 5224:tid 420] AH00455: Apache/2.4.62 (Win64) OpenSSL/3.0.15 PHP/8.3.26 configured -- resuming normal operations
[Tue Mar 24 22:22:03.919408 2026] [mpm_winnt:notice] [pid 5224:tid 420] AH00456: Apache Lounge VS17 Server built: Sep  4 2024 10:31:52
[Tue Mar 24 22:22:03.919408 2026] [core:notice] [pid 5224:tid 420] AH00094: Command line: 'C:\\laragon\\bin\\apache\\httpd-2.4.62-240904-win64-VS17\\bin\\httpd -d C:/laragon/bin/apache/httpd-2.4.62-240904-win64-VS17'
[Tue Mar 24 22:22:03.939920 2026] [mpm_winnt:notice] [pid 5224:tid 420] AH00418: Parent: Created child process 21436
Apache server interrupted...
026] [mpm_winnt:notice] [pid 21436:tid 448] AH00354: Child: Starting 64 worker threads.
[Mon Mar 30 12:20:28.441013 2026] [mpm_winnt:notice] [pid 5224:tid 420] AH00422: Parent: Received shutdown signal -- Shutting down the server.
Apache server interrupted...
Apache server interrupted...
Apache server interrupted...
Apache server interrupted...
Apache server interrupted...
Apache server interrupted...
[Mon Mar 30 12:20:58.875331 2026] [mpm_winnt:notice] [pid 5224:tid 420] AH00431: Parent: Forcing termination of child process 21436
[Wed Apr 01 00:28:26.717460 2026] [mpm_winnt:notice] [pid 21060:tid 444] AH00455: Apache/2.4.62 (Win64) OpenSSL/3.0.15 PHP/8.3.26 configured -- resuming normal operations
[Wed Apr 01 00:28:26.718462 2026] [mpm_winnt:notice] [pid 21060:tid 444] AH00456: Apache Lounge VS17 Server built: Sep  4 2024 10:31:52
[Wed Apr 01 00:28:26.718462 2026] [core:notice] [pid 21060:tid 444] AH00094: Command line: 'C:\\laragon\\bin\\apache\\httpd-2.4.62-240904-win64-VS17\\bin\\httpd -d C:/laragon/bin/apache/httpd-2.4.62-240904-win64-VS17'
[Wed Apr 01 00:28:26.733529 2026] [mpm_winnt:notice] [pid 21060:tid 444] AH00418: Parent: Created child process 23704
Apache server interrupted...
026] [mpm_winnt:notice] [pid 23704:tid 448] AH00354: Child: Starting 64 worker threads.
[Wed Apr 01 19:11:45.482117 2026] [mpm_winnt:notice] [pid 21060:tid 444] AH00422: Parent: Received shutdown signal -- Shutting down the server.
Apache server interrupted...
Apache server interrupted...
Apache server interrupted...
026] [mpm_winnt:notice] [pid 23704:tid 448] AH00364: Child: All worker threads have exited.
[Wed Apr 01 19:11:50.264867 2026] [mpm_winnt:notice] [pid 21060:tid 444] AH00430: Parent: Child process 23704 exited successfully.
[Thu Apr 02 00:15:34.602654 2026] [mpm_winnt:notice] [pid 3936:tid 448] AH00455: Apache/2.4.62 (Win64) OpenSSL/3.0.15 PHP/8.3.26 configured -- resuming normal operations
[Thu Apr 02 00:15:34.605655 2026] [mpm_winnt:notice] [pid 3936:tid 448] AH00456: Apache Lounge VS17 Server built: Sep  4 2024 10:31:52
[Thu Apr 02 00:15:34.605655 2026] [core:notice] [pid 3936:tid 448] AH00094: Command line: 'C:\\laragon\\bin\\apache\\httpd-2.4.62-240904-win64-VS17\\bin\\httpd -d C:/laragon/bin/apache/httpd-2.4.62-240904-win64-VS17'
[Thu Apr 02 00:15:34.643658 2026] [mpm_winnt:notice] [pid 3936:tid 448] AH00418: Parent: Created child process 17056
Apache server interrupted...
026] [mpm_winnt:notice] [pid 17056:tid 444] AH00354: Child: Starting 64 worker threads.
[Fri Apr 03 15:30:30.352487 2026] [mpm_winnt:notice] [pid 3936:tid 448] AH00422: Parent: Received shutdown signal -- Shutting down the server.
Apache server interrupted...
Apache server interrupted...
Apache server interrupted...
Apache server interrupted...
17056:tid 444] AH00364: Child: All worker threads have exited.
[Fri Apr 03 15:30:34.804547 2026] [mpm_winnt:notice] [pid 3936:tid 448] AH00430: Parent: Child process 17056 exited successfully.
[Fri Apr 03 16:12:41.657714 2026] [mpm_winnt:notice] [pid 13060:tid 444] AH00455: Apache/2.4.62 (Win64) OpenSSL/3.0.15 PHP/8.3.26 configured -- resuming normal operations
[Fri Apr 03 16:12:41.666875 2026] [mpm_winnt:notice] [pid 13060:tid 444] AH00456: Apache Lounge VS17 Server built: Sep  4 2024 10:31:52
[Fri Apr 03 16:12:41.666875 2026] [core:notice] [pid 13060:tid 444] AH00094: Command line: 'C:\\laragon\\bin\\apache\\httpd-2.4.62-240904-win64-VS17\\bin\\httpd -d C:/laragon/bin/apache/httpd-2.4.62-240904-win64-VS17'
[Fri Apr 03 16:12:41.688725 2026] [mpm_winnt:notice] [pid 13060:tid 444] AH00418: Parent: Created child process 13148
[Fri Apr 03 16:12:43.367566 2026] [mpm_winnt:notice] [pid 13148:tid 444] AH00354: Child: Starting 64 worker threads.
[Sun Apr 05 12:36:47.382549 2026] [core:warn] [pid 7480:tid 448] AH00098: pid file C:/laragon/bin/apache/httpd-2.4.62-240904-win64-VS17/logs/httpd.pid overwritten -- Unclean shutdown of previous Apache run?
[Sun Apr 05 12:36:54.744349 2026] [mpm_winnt:notice] [pid 7480:tid 448] AH00455: Apache/2.4.62 (Win64) OpenSSL/3.0.15 PHP/8.3.26 configured -- resuming normal operations
[Sun Apr 05 12:36:54.744349 2026] [mpm_winnt:notice] [pid 7480:tid 448] AH00456: Apache Lounge VS17 Server built: Sep  4 2024 10:31:52
[Sun Apr 05 12:36:54.744349 2026] [core:notice] [pid 7480:tid 448] AH00094: Command line: 'C:\\laragon\\bin\\apache\\httpd-2.4.62-240904-win64-VS17\\bin\\httpd -d C:/laragon/bin/apache/httpd-2.4.62-240904-win64-VS17'
[Sun Apr 05 12:36:56.108446 2026] [mpm_winnt:notice] [pid 7480:tid 448] AH00418: Parent: Created child process 11856
[Sun Apr 05 12:37:32.569117 2026] [mpm_winnt:notice] [pid 11856:tid 444] AH00354: Child: Starting 64 worker threads.
[Sun Apr 05 22:34:34.873959 2026] [core:warn] [pid 11460:tid 452] AH00098: pid file C:/laragon/bin/apache/httpd-2.4.62-240904-win64-VS17/logs/httpd.pid overwritten -- Unclean shutdown of previous Apache run?
[Sun Apr 05 22:34:35.580982 2026] [mpm_winnt:notice] [pid 11460:tid 452] AH00455: Apache/2.4.62 (Win64) OpenSSL/3.0.15 PHP/8.3.26 configured -- resuming normal operations
[Sun Apr 05 22:34:35.580982 2026] [mpm_winnt:notice] [pid 11460:tid 452] AH00456: Apache Lounge VS17 Server built: Sep  4 2024 10:31:52
[Sun Apr 05 22:34:35.580982 2026] [core:notice] [pid 11460:tid 452] AH00094: Command line: 'C:\\laragon\\bin\\apache\\httpd-2.4.62-240904-win64-VS17\\bin\\httpd -d C:/laragon/bin/apache/httpd-2.4.62-240904-win64-VS17'
[Sun Apr 05 22:34:35.672336 2026] [mpm_winnt:notice] [pid 11460:tid 452] AH00418: Parent: Created child process 11144
[Sun Apr 05 22:34:44.747931 2026] [mpm_winnt:notice] [pid 11144:tid 448] AH00354: Child: Starting 64 worker threads.
[Sun Apr 05 22:49:18.037599 2026] [core:warn] [pid 11384:tid 444] AH00098: pid file C:/laragon/bin/apache/httpd-2.4.62-240904-win64-VS17/logs/httpd.pid overwritten -- Unclean shutdown of previous Apache run?
[Sun Apr 05 22:49:18.388679 2026] [mpm_winnt:notice] [pid 11384:tid 444] AH00455: Apache/2.4.62 (Win64) OpenSSL/3.0.15 PHP/8.3.26 configured -- resuming normal operations
[Sun Apr 05 22:49:18.388679 2026] [mpm_winnt:notice] [pid 11384:tid 444] AH00456: Apache Lounge VS17 Server built: Sep  4 2024 10:31:52
[Sun Apr 05 22:49:18.388679 2026] [core:notice] [pid 11384:tid 444] AH00094: Command line: 'C:\\laragon\\bin\\apache\\httpd-2.4.62-240904-win64-VS17\\bin\\httpd -d C:/laragon/bin/apache/httpd-2.4.62-240904-win64-VS17'
[Sun Apr 05 22:49:18.404531 2026] [mpm_winnt:notice] [pid 11384:tid 444] AH00418: Parent: Created child process 9684
Apache server interrupted...
026] [mpm_winnt:notice] [pid 9684:tid 440] AH00354: Child: Starting 64 worker threads.
[Mon Apr 06 04:20:02.911813 2026] [mpm_winnt:notice] [pid 11384:tid 444] AH00422: Parent: Received shutdown signal -- Shutting down the server.
Apache server interrupted...
Apache server interrupted...
Apache server interrupted...
Apache server interrupted...
Apache server interrupted...
Apache server interrupted...
Apache server interrupted...
Apache server interrupted...
[Mon Apr 06 04:20:16.914420 2026] [mpm_winnt:notice] [pid 11384:tid 444] AH00430: Parent: Child process 9684 exited successfully.
[Mon Apr 06 14:31:50.062939 2026] [mpm_winnt:notice] [pid 12684:tid 448] AH00455: Apache/2.4.62 (Win64) OpenSSL/3.0.15 PHP/8.3.26 configured -- resuming normal operations
[Mon Apr 06 14:31:50.065936 2026] [mpm_winnt:notice] [pid 12684:tid 448] AH00456: Apache Lounge VS17 Server built: Sep  4 2024 10:31:52
[Mon Apr 06 14:31:50.065936 2026] [core:notice] [pid 12684:tid 448] AH00094: Command line: 'C:\\laragon\\bin\\apache\\httpd-2.4.62-240904-win64-VS17\\bin\\httpd -d C:/laragon/bin/apache/httpd-2.4.62-240904-win64-VS17'
[Mon Apr 06 14:31:50.074934 2026] [mpm_winnt:notice] [pid 12684:tid 448] AH00418: Parent: Created child process 1712
[Mon Apr 06 14:31:51.485953 2026] [mpm_winnt:notice] [pid 1712:tid 444] AH00354: Child: Starting 64 worker threads.
[Wed Apr 08 04:16:46.574736 2026] [core:warn] [pid 14984:tid 444] AH00098: pid file C:/laragon/bin/apache/httpd-2.4.62-240904-win64-VS17/logs/httpd.pid overwritten -- Unclean shutdown of previous Apache run?
[Wed Apr 08 04:16:46.992870 2026] [mpm_winnt:notice] [pid 14984:tid 444] AH00455: Apache/2.4.62 (Win64) OpenSSL/3.0.15 PHP/8.3.26 configured -- resuming normal operations
[Wed Apr 08 04:16:46.992870 2026] [mpm_winnt:notice] [pid 14984:tid 444] AH00456: Apache Lounge VS17 Server built: Sep  4 2024 10:31:52
[Wed Apr 08 04:16:46.992870 2026] [core:notice] [pid 14984:tid 444] AH00094: Command line: 'C:\\laragon\\bin\\apache\\httpd-2.4.62-240904-win64-VS17\\bin\\httpd -d C:/laragon/bin/apache/httpd-2.4.62-240904-win64-VS17'
[Wed Apr 08 04:16:47.001867 2026] [mpm_winnt:notice] [pid 14984:tid 444] AH00418: Parent: Created child process 11080
Apache server interrupted...
026] [mpm_winnt:notice] [pid 11080:tid 444] AH00354: Child: Starting 64 worker threads.
[Wed Apr 08 16:52:44.621963 2026] [mpm_winnt:notice] [pid 14984:tid 444] AH00422: Parent: Received shutdown signal -- Shutting down the server.
Apache server interrupted...
[Wed Apr 08 16:52:47.248976 2026] [mpm_winnt:notice] [pid 11080:tid 444] AH00364: Child: All worker threads have exited.
[Mon Apr 13 15:18:03.542610 2026] [core:warn] [pid 13236:tid 448] AH00098: pid file C:/laragon/bin/apache/httpd-2.4.62-240904-win64-VS17/logs/httpd.pid overwritten -- Unclean shutdown of previous Apache run?
[Mon Apr 13 15:18:04.136760 2026] [mpm_winnt:notice] [pid 13236:tid 448] AH00455: Apache/2.4.62 (Win64) OpenSSL/3.0.15 PHP/8.3.26 configured -- resuming normal operations
[Mon Apr 13 15:18:04.136760 2026] [mpm_winnt:notice] [pid 13236:tid 448] AH00456: Apache Lounge VS17 Server built: Sep  4 2024 10:31:52
[Mon Apr 13 15:18:04.136760 2026] [core:notice] [pid 13236:tid 448] AH00094: Command line: 'C:\\laragon\\bin\\apache\\httpd-2.4.62-240904-win64-VS17\\bin\\httpd -d C:/laragon/bin/apache/httpd-2.4.62-240904-win64-VS17'
[Mon Apr 13 15:18:04.150508 2026] [mpm_winnt:notice] [pid 13236:tid 448] AH00418: Parent: Created child process 14548
Apache server interrupted...
026] [mpm_winnt:notice] [pid 14548:tid 184] AH00354: Child: Starting 64 worker threads.
[Mon Apr 13 20:26:52.564443 2026] [mpm_winnt:notice] [pid 13236:tid 448] AH00422: Parent: Received shutdown signal -- Shutting down the server.
Apache server interrupted...
Apache server interrupted...
[Mon Apr 13 20:26:54.603769 2026] [mpm_winnt:notice] [pid 14548:tid 184] AH00364: Child: All worker threads have exited.
[Mon Apr 13 20:27:01.157906 2026] [mpm_winnt:notice] [pid 13236:tid 448] AH00430: Parent: Child process 14548 exited successfully.
[Thu Apr 23 12:31:58.587803 2026] [mpm_winnt:notice] [pid 14160:tid 448] AH00455: Apache/2.4.62 (Win64) OpenSSL/3.0.15 PHP/8.3.26 configured -- resuming normal operations
[Thu Apr 23 12:31:58.589818 2026] [mpm_winnt:notice] [pid 14160:tid 448] AH00456: Apache Lounge VS17 Server built: Sep  4 2024 10:31:52
[Thu Apr 23 12:31:58.589818 2026] [core:notice] [pid 14160:tid 448] AH00094: Command line: 'C:\\laragon\\bin\\apache\\httpd-2.4.62-240904-win64-VS17\\bin\\httpd -d C:/laragon/bin/apache/httpd-2.4.62-240904-win64-VS17'
[Thu Apr 23 12:31:58.597906 2026] [mpm_winnt:notice] [pid 14160:tid 448] AH00418: Parent: Created child process 9424
[Thu Apr 23 12:32:00.188162 2026] [mpm_winnt:notice] [pid 9424:tid 444] AH00354: Child: Starting 64 worker threads.
[Thu Apr 23 22:50:16.052184 2026] [core:warn] [pid 4120:tid 464] AH00098: pid file C:/laragon/bin/apache/httpd-2.4.62-240904-win64-VS17/logs/httpd.pid overwritten -- Unclean shutdown of previous Apache run?
[Thu Apr 23 22:50:16.673111 2026] [mpm_winnt:notice] [pid 4120:tid 464] AH00455: Apache/2.4.62 (Win64) OpenSSL/3.0.15 PHP/8.3.26 configured -- resuming normal operations
[Thu Apr 23 22:50:16.673111 2026] [mpm_winnt:notice] [pid 4120:tid 464] AH00456: Apache Lounge VS17 Server built: Sep  4 2024 10:31:52
[Thu Apr 23 22:50:16.673111 2026] [core:notice] [pid 4120:tid 464] AH00094: Command line: 'C:\\laragon\\bin\\apache\\httpd-2.4.62-240904-win64-VS17\\bin\\httpd -d C:/laragon/bin/apache/httpd-2.4.62-240904-win64-VS17'
[Thu Apr 23 22:50:16.695754 2026] [mpm_winnt:notice] [pid 4120:tid 464] AH00418: Parent: Created child process 10208
[Thu Apr 23 22:50:19.530883 2026] [mpm_winnt:notice] [pid 10208:tid 444] AH00354: Child: Starting 64 worker threads.
[Fri Apr 24 10:40:12.770553 2026] [core:warn] [pid 4044:tid 448] AH00098: pid file C:/laragon/bin/apache/httpd-2.4.62-240904-win64-VS17/logs/httpd.pid overwritten -- Unclean shutdown of previous Apache run?
[Fri Apr 24 10:40:13.802276 2026] [mpm_winnt:notice] [pid 4044:tid 448] AH00455: Apache/2.4.62 (Win64) OpenSSL/3.0.15 PHP/8.3.26 configured -- resuming normal operations
[Fri Apr 24 10:40:13.802276 2026] [mpm_winnt:notice] [pid 4044:tid 448] AH00456: Apache Lounge VS17 Server built: Sep  4 2024 10:31:52
[Fri Apr 24 10:40:13.802276 2026] [core:notice] [pid 4044:tid 448] AH00094: Command line: 'C:\\laragon\\bin\\apache\\httpd-2.4.62-240904-win64-VS17\\bin\\httpd -d C:/laragon/bin/apache/httpd-2.4.62-240904-win64-VS17'
[Fri Apr 24 10:40:13.816130 2026] [mpm_winnt:notice] [pid 4044:tid 448] AH00418: Parent: Created child process 13100
Apache server interrupted...
026] [mpm_winnt:notice] [pid 13100:tid 448] AH00354: Child: Starting 64 worker threads.
[Sat Apr 25 01:03:31.081441 2026] [mpm_winnt:notice] [pid 4044:tid 448] AH00422: Parent: Received shutdown signal -- Shutting down the server.
Apache server interrupted...
Apache server interrupted...
Apache server interrupted...
Apache server interrupted...
Apache server interrupted...
: All worker threads have exited.
[Sat Apr 25 01:03:40.269699 2026] [mpm_winnt:notice] [pid 4044:tid 448] AH00430: Parent: Child process 13100 exited successfully.
[Wed Apr 29 15:51:23.907290 2026] [mpm_winnt:notice] [pid 8940:tid 448] AH00455: Apache/2.4.62 (Win64) OpenSSL/3.0.15 PHP/8.3.26 configured -- resuming normal operations
[Wed Apr 29 15:51:23.907290 2026] [mpm_winnt:notice] [pid 8940:tid 448] AH00456: Apache Lounge VS17 Server built: Sep  4 2024 10:31:52
[Wed Apr 29 15:51:23.907290 2026] [core:notice] [pid 8940:tid 448] AH00094: Command line: 'C:\\laragon\\bin\\apache\\httpd-2.4.62-240904-win64-VS17\\bin\\httpd -d C:/laragon/bin/apache/httpd-2.4.62-240904-win64-VS17'
[Wed Apr 29 15:51:23.997828 2026] [mpm_winnt:notice] [pid 8940:tid 448] AH00418: Parent: Created child process 9732
Apache server interrupted...
026] [mpm_winnt:notice] [pid 9732:tid 448] AH00354: Child: Starting 64 worker threads.
[Thu Apr 30 23:28:28.019788 2026] [mpm_winnt:notice] [pid 8940:tid 448] AH00422: Parent: Received shutdown signal -- Shutting down the server.
Apache server interrupted...
[Thu Apr 30 23:28:30.111714 2026] [mpm_winnt:notice] [pid 9732:tid 448] AH00364: Child: All worker threads have exited.
[Thu Apr 30 23:28:30.583380 2026] [mpm_winnt:notice] [pid 8940:tid 448] AH00430: Parent: Child process 9732 exited successfully.
[Fri May 01 11:58:02.652262 2026] [mpm_winnt:notice] [pid 9208:tid 448] AH00455: Apache/2.4.62 (Win64) OpenSSL/3.0.15 PHP/8.3.26 configured -- resuming normal operations
[Fri May 01 11:58:02.652262 2026] [mpm_winnt:notice] [pid 9208:tid 448] AH00456: Apache Lounge VS17 Server built: Sep  4 2024 10:31:52
[Fri May 01 11:58:02.652262 2026] [core:notice] [pid 9208:tid 448] AH00094: Command line: 'C:\\laragon\\bin\\apache\\httpd-2.4.62-240904-win64-VS17\\bin\\httpd -d C:/laragon/bin/apache/httpd-2.4.62-240904-win64-VS17'
[Fri May 01 11:58:02.790253 2026] [mpm_winnt:notice] [pid 9208:tid 448] AH00418: Parent: Created child process 15824
Apache server interrupted...
026] [mpm_winnt:notice] [pid 15824:tid 468] AH00354: Child: Starting 64 worker threads.
[Sat May 02 15:03:49.432200 2026] [mpm_winnt:notice] [pid 9208:tid 448] AH00422: Parent: Received shutdown signal -- Shutting down the server.
Apache server interrupted...
Apache server interrupted...
Apache server interrupted...
Apache server interrupted...
Apache server interrupted...
Apache server interrupted...
Apache server interrupted...
Apache server interrupted...
[Sat May 02 15:04:19.463807 2026] [mpm_winnt:notice] [pid 9208:tid 448] AH00431: Parent: Forcing termination of child process 15824
[Mon May 04 12:22:11.177125 2026] [mpm_winnt:notice] [pid 14648:tid 356] AH00455: Apache/2.4.62 (Win64) OpenSSL/3.0.15 PHP/8.3.26 configured -- resuming normal operations
[Mon May 04 12:22:11.178123 2026] [mpm_winnt:notice] [pid 14648:tid 356] AH00456: Apache Lounge VS17 Server built: Sep  4 2024 10:31:52
[Mon May 04 12:22:11.178123 2026] [core:notice] [pid 14648:tid 356] AH00094: Command line: 'C:\\laragon\\bin\\apache\\httpd-2.4.62-240904-win64-VS17\\bin\\httpd -d C:/laragon/bin/apache/httpd-2.4.62-240904-win64-VS17'
[Mon May 04 12:22:11.194165 2026] [mpm_winnt:notice] [pid 14648:tid 356] AH00418: Parent: Created child process 13668
Apache server interrupted...
026] [mpm_winnt:notice] [pid 13668:tid 356] AH00354: Child: Starting 64 worker threads.
[Tue May 05 00:59:45.720860 2026] [mpm_winnt:notice] [pid 14648:tid 356] AH00422: Parent: Received shutdown signal -- Shutting down the server.
Apache server interrupted...
Apache server interrupted...
[Tue May 05 00:59:47.868811 2026] [mpm_winnt:notice] [pid 13668:tid 356] AH00364: Child: All worker threads have exited.
[Tue May 05 00:59:48.218778 2026] [mpm_winnt:notice] [pid 14648:tid 356] AH00430: Parent: Child process 13668 exited successfully.
[Thu May 07 07:59:16.712567 2026] [mpm_winnt:notice] [pid 17420:tid 352] AH00455: Apache/2.4.62 (Win64) OpenSSL/3.0.15 PHP/8.3.26 configured -- resuming normal operations
[Thu May 07 07:59:16.712567 2026] [mpm_winnt:notice] [pid 17420:tid 352] AH00456: Apache Lounge VS17 Server built: Sep  4 2024 10:31:52
[Thu May 07 07:59:16.712567 2026] [core:notice] [pid 17420:tid 352] AH00094: Command line: 'C:\\laragon\\bin\\apache\\httpd-2.4.62-240904-win64-VS17\\bin\\httpd -d C:/laragon/bin/apache/httpd-2.4.62-240904-win64-VS17'
[Thu May 07 07:59:16.724570 2026] [mpm_winnt:notice] [pid 17420:tid 352] AH00418: Parent: Created child process 15920
Apache server interrupted...
026] [mpm_winnt:notice] [pid 15920:tid 348] AH00354: Child: Starting 64 worker threads.
[Thu May 07 14:43:03.968612 2026] [mpm_winnt:notice] [pid 17420:tid 352] AH00422: Parent: Received shutdown signal -- Shutting down the server.
Apache server interrupted...
026] [mpm_winnt:notice] [pid 15920:tid 348] AH00364: Child: All worker threads have exited.
[Thu May 07 14:43:34.511785 2026] [mpm_winnt:notice] [pid 17420:tid 352] AH00431: Parent: Forcing termination of child process 15920
[Fri May 08 01:45:43.021675 2026] [mpm_winnt:notice] [pid 2292:tid 352] AH00455: Apache/2.4.62 (Win64) OpenSSL/3.0.15 PHP/8.3.26 configured -- resuming normal operations
[Fri May 08 01:45:43.021675 2026] [mpm_winnt:notice] [pid 2292:tid 352] AH00456: Apache Lounge VS17 Server built: Sep  4 2024 10:31:52
[Fri May 08 01:45:43.021675 2026] [core:notice] [pid 2292:tid 352] AH00094: Command line: 'C:\\laragon\\bin\\apache\\httpd-2.4.62-240904-win64-VS17\\bin\\httpd -d C:/laragon/bin/apache/httpd-2.4.62-240904-win64-VS17'
[Fri May 08 01:45:43.035766 2026] [mpm_winnt:notice] [pid 2292:tid 352] AH00418: Parent: Created child process 15748
Apache server restarting...
2026] [mpm_winnt:notice] [pid 15748:tid 348] AH00354: Child: Starting 64 worker threads.
[Fri May 08 10:52:37.485212 2026] [mpm_winnt:notice] [pid 2292:tid 352] AH00424: Parent: Received restart signal -- Restarting the server.
(OS 10048)Only one usage of each socket address (protocol/network address/port) is normally permitted.  : AH00072: make_sock: could not bind to address 0.0.0.0:80
AH00451: no listening sockets available, shutting down
[Fri May 08 10:52:38.057967 2026] [:emerg] [pid 2292:tid 352] AH00019: Unable to open logs, exiting
[Fri May 08 10:53:01.828307 2026] [core:warn] [pid 3612:tid 352] AH00098: pid file C:/laragon/bin/apache/httpd-2.4.62-240904-win64-VS17/logs/httpd.pid overwritten -- Unclean shutdown of previous Apache run?
[Fri May 08 10:53:02.169013 2026] [mpm_winnt:notice] [pid 3612:tid 352] AH00455: Apache/2.4.62 (Win64) OpenSSL/3.0.15 PHP/8.3.26 configured -- resuming normal operations
[Fri May 08 10:53:02.169013 2026] [mpm_winnt:notice] [pid 3612:tid 352] AH00456: Apache Lounge VS17 Server built: Sep  4 2024 10:31:52
[Fri May 08 10:53:02.169013 2026] [core:notice] [pid 3612:tid 352] AH00094: Command line: 'C:\\laragon\\bin\\apache\\httpd-2.4.62-240904-win64-VS17\\bin\\httpd -d C:/laragon/bin/apache/httpd-2.4.62-240904-win64-VS17'
[Fri May 08 10:53:02.178024 2026] [mpm_winnt:notice] [pid 3612:tid 352] AH00418: Parent: Created child process 13360
Apache server interrupted...
026] [mpm_winnt:notice] [pid 13360:tid 352] AH00354: Child: Starting 64 worker threads.
[Fri May 08 11:32:05.831530 2026] [mpm_winnt:notice] [pid 3612:tid 352] AH00422: Parent: Received shutdown signal -- Shutting down the server.
Apache server interrupted...
Apache server interrupted...
[Fri May 08 11:32:07.852033 2026] [mpm_winnt:notice] [pid 13360:tid 352] AH00364: Child: All worker threads have exited.
[Fri May 08 11:32:07.955173 2026] [mpm_winnt:notice] [pid 3612:tid 352] AH00430: Parent: Child process 13360 exited successfully.
[Fri May 08 11:32:24.668155 2026] [mpm_winnt:notice] [pid 4704:tid 352] AH00455: Apache/2.4.62 (Win64) OpenSSL/3.0.15 PHP/8.3.26 configured -- resuming normal operations
[Fri May 08 11:32:24.668155 2026] [mpm_winnt:notice] [pid 4704:tid 352] AH00456: Apache Lounge VS17 Server built: Sep  4 2024 10:31:52
[Fri May 08 11:32:24.668155 2026] [core:notice] [pid 4704:tid 352] AH00094: Command line: 'C:\\laragon\\bin\\apache\\httpd-2.4.62-240904-win64-VS17\\bin\\httpd -d C:/laragon/bin/apache/httpd-2.4.62-240904-win64-VS17'
[Fri May 08 11:32:24.684695 2026] [mpm_winnt:notice] [pid 4704:tid 352] AH00418: Parent: Created child process 6736
Apache server interrupted...
026] [mpm_winnt:notice] [pid 6736:tid 348] AH00354: Child: Starting 64 worker threads.
[Fri May 08 20:44:43.873118 2026] [mpm_winnt:notice] [pid 4704:tid 352] AH00422: Parent: Received shutdown signal -- Shutting down the server.
Apache server interrupted...
Apache server interrupted...
Apache server interrupted...
Apache server interrupted...
Apache server interrupted...
Apache server interrupted...
Apache server interrupted...
Apache server interrupted...
Apache server interrupted...
[Fri May 08 20:45:01.672046 2026] [mpm_winnt:notice] [pid 4704:tid 352] AH00430: Parent: Child process 6736 exited successfully.
[Tue May 12 10:29:17.550146 2026] [mpm_winnt:notice] [pid 16920:tid 320] AH00455: Apache/2.4.62 (Win64) OpenSSL/3.0.15 PHP/8.3.26 configured -- resuming normal operations
[Tue May 12 10:29:17.552157 2026] [mpm_winnt:notice] [pid 16920:tid 320] AH00456: Apache Lounge VS17 Server built: Sep  4 2024 10:31:52
[Tue May 12 10:29:17.552157 2026] [core:notice] [pid 16920:tid 320] AH00094: Command line: 'C:\\laragon\\bin\\apache\\httpd-2.4.62-240904-win64-VS17\\bin\\httpd -d C:/laragon/bin/apache/httpd-2.4.62-240904-win64-VS17'
[Tue May 12 10:29:17.621069 2026] [mpm_winnt:notice] [pid 16920:tid 320] AH00418: Parent: Created child process 15520
Apache server interrupted...
026] [mpm_winnt:notice] [pid 15520:tid 348] AH00354: Child: Starting 64 worker threads.
[Tue May 12 13:29:58.340928 2026] [mpm_winnt:notice] [pid 16920:tid 320] AH00422: Parent: Received shutdown signal -- Shutting down the server.
Apache server interrupted...
[Tue May 12 13:30:00.550660 2026] [mpm_winnt:notice] [pid 15520:tid 348] AH00364: Child: All worker threads have exited.
[Tue May 12 13:30:01.617539 2026] [mpm_winnt:notice] [pid 16920:tid 320] AH00430: Parent: Child process 15520 exited successfully.
[Tue May 12 18:30:56.197129 2026] [mpm_winnt:notice] [pid 14232:tid 352] AH00455: Apache/2.4.62 (Win64) OpenSSL/3.0.15 PHP/8.3.26 configured -- resuming normal operations
[Tue May 12 18:30:56.205130 2026] [mpm_winnt:notice] [pid 14232:tid 352] AH00456: Apache Lounge VS17 Server built: Sep  4 2024 10:31:52
[Tue May 12 18:30:56.205130 2026] [core:notice] [pid 14232:tid 352] AH00094: Command line: 'C:\\laragon\\bin\\apache\\httpd-2.4.62-240904-win64-VS17\\bin\\httpd -d C:/laragon/bin/apache/httpd-2.4.62-240904-win64-VS17'
[Tue May 12 18:30:56.218126 2026] [mpm_winnt:notice] [pid 14232:tid 352] AH00418: Parent: Created child process 16172
Apache server interrupted...
026] [mpm_winnt:notice] [pid 16172:tid 348] AH00354: Child: Starting 64 worker threads.
[Wed May 13 16:33:16.372900 2026] [mpm_winnt:notice] [pid 14232:tid 352] AH00422: Parent: Received shutdown signal -- Shutting down the server.
Apache server interrupted...
Apache server interrupted...
Apache server interrupted...
Apache server interrupted...
Apache server interrupted...
Apache server interrupted...
Apache server interrupted...
[Wed May 13 16:33:46.404126 2026] [mpm_winnt:notice] [pid 14232:tid 352] AH00431: Parent: Forcing termination of child process 16172
[Sat May 16 19:30:06.755626 2026] [mpm_winnt:notice] [pid 12188:tid 352] AH00455: Apache/2.4.62 (Win64) OpenSSL/3.0.15 PHP/8.3.26 configured -- resuming normal operations
[Sat May 16 19:30:06.758637 2026] [mpm_winnt:notice] [pid 12188:tid 352] AH00456: Apache Lounge VS17 Server built: Sep  4 2024 10:31:52
[Sat May 16 19:30:06.760641 2026] [core:notice] [pid 12188:tid 352] AH00094: Command line: 'C:\\laragon\\bin\\apache\\httpd-2.4.62-240904-win64-VS17\\bin\\httpd -d C:/laragon/bin/apache/httpd-2.4.62-240904-win64-VS17'
[Sat May 16 19:30:06.772180 2026] [mpm_winnt:notice] [pid 12188:tid 352] AH00418: Parent: Created child process 15504
Apache server restarting...
2026] [mpm_winnt:notice] [pid 15504:tid 360] AH00354: Child: Starting 64 worker threads.
[Sat May 16 23:30:55.391368 2026] [mpm_winnt:notice] [pid 12188:tid 352] AH00424: Parent: Received restart signal -- Restarting the server.
[Sat May 16 23:30:56.356731 2026] [mpm_winnt:notice] [pid 12188:tid 352] AH00455: Apache/2.4.62 (Win64) OpenSSL/3.0.15 PHP/8.3.26 configured -- resuming normal operations
[Sat May 16 23:30:56.356731 2026] [mpm_winnt:notice] [pid 12188:tid 352] AH00456: Apache Lounge VS17 Server built: Sep  4 2024 10:31:52
[Sat May 16 23:30:56.356731 2026] [core:notice] [pid 12188:tid 352] AH00094: Command line: 'C:\\laragon\\bin\\apache\\httpd-2.4.62-240904-win64-VS17\\bin\\httpd -d C:/laragon/bin/apache/httpd-2.4.62-240904-win64-VS17'
[Sat May 16 23:30:56.363737 2026] [mpm_winnt:notice] [pid 12188:tid 352] AH00418: Parent: Created child process 16664
Apache server restarting...
2026] [mpm_winnt:notice] [pid 15504:tid 360] AH00364: Child: All worker threads have exited.
[Sat May 16 23:31:00.075427 2026] [mpm_winnt:notice] [pid 16664:tid 348] AH00354: Child: Starting 64 worker threads.
[Sat May 16 23:31:10.537162 2026] [mpm_winnt:notice] [pid 12188:tid 352] AH00424: Parent: Received restart signal -- Restarting the server.
[Sat May 16 23:31:10.914347 2026] [mpm_winnt:notice] [pid 12188:tid 352] AH00455: Apache/2.4.62 (Win64) OpenSSL/3.0.15 PHP/8.3.26 configured -- resuming normal operations
[Sat May 16 23:31:10.914347 2026] [mpm_winnt:notice] [pid 12188:tid 352] AH00456: Apache Lounge VS17 Server built: Sep  4 2024 10:31:52
[Sat May 16 23:31:10.914347 2026] [core:notice] [pid 12188:tid 352] AH00094: Command line: 'C:\\laragon\\bin\\apache\\httpd-2.4.62-240904-win64-VS17\\bin\\httpd -d C:/laragon/bin/apache/httpd-2.4.62-240904-win64-VS17'
[Sat May 16 23:31:11.398552 2026] [mpm_winnt:notice] [pid 12188:tid 352] AH00418: Parent: Created child process 15436
Apache server restarting...
2026] [mpm_winnt:notice] [pid 16664:tid 348] AH00364: Child: All worker threads have exited.
[Sat May 16 23:31:15.736688 2026] [mpm_winnt:notice] [pid 15436:tid 372] AH00354: Child: Starting 64 worker threads.
[Sat May 16 23:31:18.036078 2026] [mpm_winnt:notice] [pid 12188:tid 352] AH00424: Parent: Received restart signal -- Restarting the server.
[Sat May 16 23:31:18.414252 2026] [mpm_winnt:notice] [pid 12188:tid 352] AH00455: Apache/2.4.62 (Win64) OpenSSL/3.0.15 PHP/8.3.26 configured -- resuming normal operations
[Sat May 16 23:31:18.414252 2026] [mpm_winnt:notice] [pid 12188:tid 352] AH00456: Apache Lounge VS17 Server built: Sep  4 2024 10:31:52
[Sat May 16 23:31:18.414252 2026] [core:notice] [pid 12188:tid 352] AH00094: Command line: 'C:\\laragon\\bin\\apache\\httpd-2.4.62-240904-win64-VS17\\bin\\httpd -d C:/laragon/bin/apache/httpd-2.4.62-240904-win64-VS17'
[Sat May 16 23:31:18.419251 2026] [mpm_winnt:notice] [pid 12188:tid 352] AH00418: Parent: Created child process 3300
Apache server restarting...
2026] [mpm_winnt:notice] [pid 15436:tid 372] AH00364: Child: All worker threads have exited.
[Sat May 16 23:31:31.590328 2026] [mpm_winnt:notice] [pid 3300:tid 348] AH00354: Child: Starting 64 worker threads.
[Sat May 16 23:31:31.730408 2026] [mpm_winnt:notice] [pid 12188:tid 352] AH00424: Parent: Received restart signal -- Restarting the server.
[Sat May 16 23:31:31.983479 2026] [mpm_winnt:notice] [pid 12188:tid 352] AH00455: Apache/2.4.62 (Win64) OpenSSL/3.0.15 PHP/8.3.26 configured -- resuming normal operations
[Sat May 16 23:31:31.983479 2026] [mpm_winnt:notice] [pid 12188:tid 352] AH00456: Apache Lounge VS17 Server built: Sep  4 2024 10:31:52
[Sat May 16 23:31:31.983479 2026] [core:notice] [pid 12188:tid 352] AH00094: Command line: 'C:\\laragon\\bin\\apache\\httpd-2.4.62-240904-win64-VS17\\bin\\httpd -d C:/laragon/bin/apache/httpd-2.4.62-240904-win64-VS17'
[Sat May 16 23:31:31.988480 2026] [mpm_winnt:notice] [pid 12188:tid 352] AH00418: Parent: Created child process 3924
Apache server restarting...
2026] [mpm_winnt:notice] [pid 3924:tid 348] AH00354: Child: Starting 64 worker threads.
[Sat May 16 23:31:34.904580 2026] [mpm_winnt:notice] [pid 3300:tid 348] AH00364: Child: All worker threads have exited.
[Sat May 16 23:31:43.088851 2026] [mpm_winnt:notice] [pid 12188:tid 352] AH00424: Parent: Received restart signal -- Restarting the server.
[Sat May 16 23:31:43.384472 2026] [mpm_winnt:notice] [pid 12188:tid 352] AH00455: Apache/2.4.62 (Win64) OpenSSL/3.0.15 PHP/8.3.26 configured -- resuming normal operations
[Sat May 16 23:31:43.384472 2026] [mpm_winnt:notice] [pid 12188:tid 352] AH00456: Apache Lounge VS17 Server built: Sep  4 2024 10:31:52
[Sat May 16 23:31:43.384472 2026] [core:notice] [pid 12188:tid 352] AH00094: Command line: 'C:\\laragon\\bin\\apache\\httpd-2.4.62-240904-win64-VS17\\bin\\httpd -d C:/laragon/bin/apache/httpd-2.4.62-240904-win64-VS17'
[Sat May 16 23:31:43.389467 2026] [mpm_winnt:notice] [pid 12188:tid 352] AH00418: Parent: Created child process 14940
Apache server interrupted...
026] [mpm_winnt:notice] [pid 14940:tid 348] AH00354: Child: Starting 64 worker threads.
[Sat May 16 23:31:46.213250 2026] [mpm_winnt:notice] [pid 3924:tid 348] AH00364: Child: All worker threads have exited.
[Sat May 16 23:40:34.636626 2026] [mpm_winnt:notice] [pid 12188:tid 352] AH00422: Parent: Received shutdown signal -- Shutting down the server.
Apache server interrupted...
Apache server interrupted...
Apache server interrupted...
Apache server interrupted...
Apache server interrupted...
Apache server interrupted...
Apache server interrupted...
Apache server interrupted...
Apache server interrupted...
Apache server interrupted...
[Sat May 16 23:40:58.717120 2026] [core:warn] [pid 17016:tid 352] AH00098: pid file C:/laragon/bin/apache/httpd-2.4.62-240904-win64-VS17/logs/httpd.pid overwritten -- Unclean shutdown of previous Apache run?
[Sat May 16 23:40:58.914198 2026] [mpm_winnt:notice] [pid 17016:tid 352] AH00455: Apache/2.4.62 (Win64) OpenSSL/3.0.15 PHP/8.3.26 configured -- resuming normal operations
[Sat May 16 23:40:58.914198 2026] [mpm_winnt:notice] [pid 17016:tid 352] AH00456: Apache Lounge VS17 Server built: Sep  4 2024 10:31:52
[Sat May 16 23:40:58.914198 2026] [core:notice] [pid 17016:tid 352] AH00094: Command line: 'C:\\laragon\\bin\\apache\\httpd-2.4.62-240904-win64-VS17\\bin\\httpd -d C:/laragon/bin/apache/httpd-2.4.62-240904-win64-VS17'
[Sat May 16 23:40:58.922200 2026] [mpm_winnt:notice] [pid 17016:tid 352] AH00418: Parent: Created child process 7256
Apache server restarting...
2026] [mpm_winnt:notice] [pid 7256:tid 348] AH00354: Child: Starting 64 worker threads.
[Sat May 16 23:42:43.628232 2026] [mpm_winnt:notice] [pid 17016:tid 352] AH00424: Parent: Received restart signal -- Restarting the server.
[Sat May 16 23:42:43.750791 2026] [mpm_winnt:notice] [pid 17016:tid 352] AH00455: Apache/2.4.62 (Win64) OpenSSL/3.0.15 PHP/8.3.26 configured -- resuming normal operations
[Sat May 16 23:42:43.750791 2026] [mpm_winnt:notice] [pid 17016:tid 352] AH00456: Apache Lounge VS17 Server built: Sep  4 2024 10:31:52
[Sat May 16 23:42:43.750791 2026] [core:notice] [pid 17016:tid 352] AH00094: Command line: 'C:\\laragon\\bin\\apache\\httpd-2.4.62-240904-win64-VS17\\bin\\httpd -d C:/laragon/bin/apache/httpd-2.4.62-240904-win64-VS17'
[Sat May 16 23:42:43.756321 2026] [mpm_winnt:notice] [pid 17016:tid 352] AH00418: Parent: Created child process 11928
Apache server interrupted...
026] [mpm_winnt:notice] [pid 11928:tid 348] AH00354: Child: Starting 64 worker threads.
[Sat May 16 23:42:48.255151 2026] [mpm_winnt:notice] [pid 7256:tid 348] AH00364: Child: All worker threads have exited.
[Sat May 16 23:49:56.207610 2026] [mpm_winnt:notice] [pid 17016:tid 352] AH00422: Parent: Received shutdown signal -- Shutting down the server.
Apache server interrupted...
Apache server interrupted...
Apache server interrupted...
Apache server interrupted...
Apache server interrupted...
Apache server interrupted...
Apache server interrupted...
Apache server interrupted...
Apache server interrupted...
Apache server interrupted...
[Sat May 16 23:50:30.113405 2026] [core:warn] [pid 4880:tid 352] AH00098: pid file C:/laragon/bin/apache/httpd-2.4.62-240904-win64-VS17/logs/httpd.pid overwritten -- Unclean shutdown of previous Apache run?
[Sat May 16 23:50:30.382457 2026] [mpm_winnt:notice] [pid 4880:tid 352] AH00455: Apache/2.4.62 (Win64) OpenSSL/3.0.15 PHP/8.3.26 configured -- resuming normal operations
[Sat May 16 23:50:30.382457 2026] [mpm_winnt:notice] [pid 4880:tid 352] AH00456: Apache Lounge VS17 Server built: Sep  4 2024 10:31:52
[Sat May 16 23:50:30.382457 2026] [core:notice] [pid 4880:tid 352] AH00094: Command line: 'C:\\laragon\\bin\\apache\\httpd-2.4.62-240904-win64-VS17\\bin\\httpd -d C:/laragon/bin/apache/httpd-2.4.62-240904-win64-VS17'
[Sat May 16 23:50:30.431978 2026] [mpm_winnt:notice] [pid 4880:tid 352] AH00418: Parent: Created child process 11064
Apache server interrupted...
026] [mpm_winnt:notice] [pid 11064:tid 356] AH00354: Child: Starting 64 worker threads.
[Sun May 17 00:08:52.842799 2026] [mpm_winnt:notice] [pid 4880:tid 352] AH00422: Parent: Received shutdown signal -- Shutting down the server.
Apache server interrupted...
Apache server interrupted...
Apache server interrupted...
Apache server interrupted...
Apache server interrupted...
Apache server interrupted...
Apache server interrupted...
Apache server interrupted...
Apache server interrupted...
Apache server interrupted...
[Sun May 17 00:09:11.268890 2026] [core:warn] [pid 3140:tid 360] AH00098: pid file C:/laragon/bin/apache/httpd-2.4.62-240904-win64-VS17/logs/httpd.pid overwritten -- Unclean shutdown of previous Apache run?
[Sun May 17 00:09:11.490937 2026] [mpm_winnt:notice] [pid 3140:tid 360] AH00455: Apache/2.4.62 (Win64) OpenSSL/3.0.15 PHP/8.3.26 configured -- resuming normal operations
[Sun May 17 00:09:11.490937 2026] [mpm_winnt:notice] [pid 3140:tid 360] AH00456: Apache Lounge VS17 Server built: Sep  4 2024 10:31:52
[Sun May 17 00:09:11.490937 2026] [core:notice] [pid 3140:tid 360] AH00094: Command line: 'C:\\laragon\\bin\\apache\\httpd-2.4.62-240904-win64-VS17\\bin\\httpd -d C:/laragon/bin/apache/httpd-2.4.62-240904-win64-VS17'
[Sun May 17 00:09:11.510935 2026] [mpm_winnt:notice] [pid 3140:tid 360] AH00418: Parent: Created child process 15228
Apache server restarting...
2026] [mpm_winnt:notice] [pid 15228:tid 344] AH00354: Child: Starting 64 worker threads.
[Sun May 17 00:19:10.886203 2026] [mpm_winnt:notice] [pid 3140:tid 360] AH00424: Parent: Received restart signal -- Restarting the server.
[Sun May 17 00:19:11.139282 2026] [mpm_winnt:notice] [pid 3140:tid 360] AH00455: Apache/2.4.62 (Win64) OpenSSL/3.0.15 PHP/8.3.26 configured -- resuming normal operations
[Sun May 17 00:19:11.139282 2026] [mpm_winnt:notice] [pid 3140:tid 360] AH00456: Apache Lounge VS17 Server built: Sep  4 2024 10:31:52
[Sun May 17 00:19:11.139282 2026] [core:notice] [pid 3140:tid 360] AH00094: Command line: 'C:\\laragon\\bin\\apache\\httpd-2.4.62-240904-win64-VS17\\bin\\httpd -d C:/laragon/bin/apache/httpd-2.4.62-240904-win64-VS17'
[Sun May 17 00:19:11.165288 2026] [mpm_winnt:notice] [pid 3140:tid 360] AH00418: Parent: Created child process 15748
Apache server restarting...
2026] [mpm_winnt:notice] [pid 15228:tid 344] AH00364: Child: All worker threads have exited.
[Sun May 17 00:19:14.102498 2026] [mpm_winnt:notice] [pid 15748:tid 348] AH00354: Child: Starting 64 worker threads.
[Sun May 17 00:19:14.377224 2026] [mpm_winnt:notice] [pid 3140:tid 360] AH00424: Parent: Received restart signal -- Restarting the server.
[Sun May 17 00:19:14.618446 2026] [mpm_winnt:notice] [pid 3140:tid 360] AH00455: Apache/2.4.62 (Win64) OpenSSL/3.0.15 PHP/8.3.26 configured -- resuming normal operations
[Sun May 17 00:19:14.618446 2026] [mpm_winnt:notice] [pid 3140:tid 360] AH00456: Apache Lounge VS17 Server built: Sep  4 2024 10:31:52
[Sun May 17 00:19:14.618446 2026] [core:notice] [pid 3140:tid 360] AH00094: Command line: 'C:\\laragon\\bin\\apache\\httpd-2.4.62-240904-win64-VS17\\bin\\httpd -d C:/laragon/bin/apache/httpd-2.4.62-240904-win64-VS17'
[Sun May 17 00:19:14.627447 2026] [mpm_winnt:notice] [pid 3140:tid 360] AH00418: Parent: Created child process 17208
Apache server restarting...
2026] [mpm_winnt:notice] [pid 15748:tid 348] AH00364: Child: All worker threads have exited.
[Sun May 17 00:19:17.555961 2026] [mpm_winnt:notice] [pid 17208:tid 352] AH00354: Child: Starting 64 worker threads.
[Sun May 17 00:35:15.189727 2026] [mpm_winnt:notice] [pid 3140:tid 360] AH00424: Parent: Received restart signal -- Restarting the server.
[Sun May 17 00:35:15.329799 2026] [mpm_winnt:notice] [pid 3140:tid 360] AH00455: Apache/2.4.62 (Win64) OpenSSL/3.0.15 PHP/8.3.26 configured -- resuming normal operations
[Sun May 17 00:35:15.329799 2026] [mpm_winnt:notice] [pid 3140:tid 360] AH00456: Apache Lounge VS17 Server built: Sep  4 2024 10:31:52
[Sun May 17 00:35:15.329799 2026] [core:notice] [pid 3140:tid 360] AH00094: Command line: 'C:\\laragon\\bin\\apache\\httpd-2.4.62-240904-win64-VS17\\bin\\httpd -d C:/laragon/bin/apache/httpd-2.4.62-240904-win64-VS17'
[Sun May 17 00:35:15.337800 2026] [mpm_winnt:notice] [pid 3140:tid 360] AH00418: Parent: Created child process 9348
Apache server interrupted...
026] [mpm_winnt:notice] [pid 17208:tid 352] AH00364: Child: All worker threads have exited.
[Sun May 17 00:35:17.528025 2026] [mpm_winnt:notice] [pid 9348:tid 348] AH00354: Child: Starting 64 worker threads.
[Sun May 17 00:35:19.326269 2026] [mpm_winnt:notice] [pid 3140:tid 360] AH00422: Parent: Received shutdown signal -- Shutting down the server.
Apache server interrupted...
Apache server interrupted...
[Sun May 17 00:35:21.351490 2026] [mpm_winnt:notice] [pid 9348:tid 348] AH00364: Child: All worker threads have exited.
[Sun May 17 00:35:21.395737 2026] [mpm_winnt:notice] [pid 3140:tid 360] AH00430: Parent: Child process 9348 exited successfully.
[Sun May 17 00:35:33.939813 2026] [mpm_winnt:notice] [pid 13776:tid 352] AH00455: Apache/2.4.62 (Win64) OpenSSL/3.0.15 PHP/8.3.26 configured -- resuming normal operations
[Sun May 17 00:35:33.939813 2026] [mpm_winnt:notice] [pid 13776:tid 352] AH00456: Apache Lounge VS17 Server built: Sep  4 2024 10:31:52
[Sun May 17 00:35:33.939813 2026] [core:notice] [pid 13776:tid 352] AH00094: Command line: 'C:\\laragon\\bin\\apache\\httpd-2.4.62-240904-win64-VS17\\bin\\httpd -d C:/laragon/bin/apache/httpd-2.4.62-240904-win64-VS17'
[Sun May 17 00:35:33.967810 2026] [mpm_winnt:notice] [pid 13776:tid 352] AH00418: Parent: Created child process 14804
Apache server interrupted...
026] [mpm_winnt:notice] [pid 14804:tid 340] AH00354: Child: Starting 64 worker threads.
[Sun May 17 00:39:35.605315 2026] [mpm_winnt:notice] [pid 13776:tid 352] AH00422: Parent: Received shutdown signal -- Shutting down the server.
Apache server interrupted...
Apache server interrupted...
Apache server interrupted...
Apache server interrupted...
Apache server interrupted...
Apache server interrupted...
Apache server interrupted...
Apache server interrupted...
[Sun May 17 00:39:45.283500 2026] [mpm_winnt:notice] [pid 13776:tid 352] AH00430: Parent: Child process 14804 exited successfully.
[Sun May 17 00:39:57.160152 2026] [mpm_winnt:notice] [pid 16772:tid 356] AH00455: Apache/2.4.62 (Win64) OpenSSL/3.0.15 PHP/8.3.26 configured -- resuming normal operations
[Sun May 17 00:39:57.160152 2026] [mpm_winnt:notice] [pid 16772:tid 356] AH00456: Apache Lounge VS17 Server built: Sep  4 2024 10:31:52
[Sun May 17 00:39:57.160152 2026] [core:notice] [pid 16772:tid 356] AH00094: Command line: 'C:\\laragon\\bin\\apache\\httpd-2.4.62-240904-win64-VS17\\bin\\httpd -d C:/laragon/bin/apache/httpd-2.4.62-240904-win64-VS17'
[Sun May 17 00:39:57.169681 2026] [mpm_winnt:notice] [pid 16772:tid 356] AH00418: Parent: Created child process 5156
Apache server interrupted...
026] [mpm_winnt:notice] [pid 5156:tid 352] AH00354: Child: Starting 64 worker threads.
[Sun May 17 00:43:21.826148 2026] [mpm_winnt:notice] [pid 16772:tid 356] AH00422: Parent: Received shutdown signal -- Shutting down the server.
Apache server interrupted...
Apache server interrupted...
Apache server interrupted...
Apache server interrupted...
Apache server interrupted...
Apache server interrupted...
Apache server interrupted...
Apache server interrupted...
Apache server interrupted...
Apache server interrupted...
[Sun May 17 00:43:47.182325 2026] [core:warn] [pid 11304:tid 356] AH00098: pid file C:/laragon/bin/apache/httpd-2.4.62-240904-win64-VS17/logs/httpd.pid overwritten -- Unclean shutdown of previous Apache run?
[Sun May 17 00:43:47.312402 2026] [mpm_winnt:notice] [pid 11304:tid 356] AH00455: Apache/2.4.62 (Win64) OpenSSL/3.0.15 PHP/8.3.26 configured -- resuming normal operations
[Sun May 17 00:43:47.312402 2026] [mpm_winnt:notice] [pid 11304:tid 356] AH00456: Apache Lounge VS17 Server built: Sep  4 2024 10:31:52
[Sun May 17 00:43:47.312402 2026] [core:notice] [pid 11304:tid 356] AH00094: Command line: 'C:\\laragon\\bin\\apache\\httpd-2.4.62-240904-win64-VS17\\bin\\httpd -d C:/laragon/bin/apache/httpd-2.4.62-240904-win64-VS17'
[Sun May 17 00:43:47.320401 2026] [mpm_winnt:notice] [pid 11304:tid 356] AH00418: Parent: Created child process 9124
Apache server interrupted...
026] [mpm_winnt:notice] [pid 9124:tid 348] AH00354: Child: Starting 64 worker threads.
[Sun May 17 00:47:46.839936 2026] [mpm_winnt:notice] [pid 11304:tid 356] AH00422: Parent: Received shutdown signal -- Shutting down the server.
Apache server interrupted...
Apache server interrupted...
Apache server interrupted...
Apache server interrupted...
Apache server interrupted...
Apache server interrupted...
Apache server interrupted...
[Sun May 17 00:47:59.189853 2026] [mpm_winnt:notice] [pid 11304:tid 356] AH00430: Parent: Child process 9124 exited successfully.
[Sun May 17 00:48:27.291903 2026] [mpm_winnt:notice] [pid 12368:tid 352] AH00455: Apache/2.4.62 (Win64) OpenSSL/3.0.15 PHP/8.3.26 configured -- resuming normal operations
[Sun May 17 00:48:27.291903 2026] [mpm_winnt:notice] [pid 12368:tid 352] AH00456: Apache Lounge VS17 Server built: Sep  4 2024 10:31:52
[Sun May 17 00:48:27.291903 2026] [core:notice] [pid 12368:tid 352] AH00094: Command line: 'C:\\laragon\\bin\\apache\\httpd-2.4.62-240904-win64-VS17\\bin\\httpd -d C:/laragon/bin/apache/httpd-2.4.62-240904-win64-VS17'
[Sun May 17 00:48:27.300897 2026] [mpm_winnt:notice] [pid 12368:tid 352] AH00418: Parent: Created child process 4624
Apache server interrupted...
026] [mpm_winnt:notice] [pid 4624:tid 352] AH00354: Child: Starting 64 worker threads.
[Sun May 17 00:55:47.627825 2026] [mpm_winnt:notice] [pid 12368:tid 352] AH00422: Parent: Received shutdown signal -- Shutting down the server.
Apache server interrupted...
Apache server interrupted...
Apache server interrupted...
Apache server interrupted...
Apache server interrupted...
Apache server interrupted...
Apache server interrupted...
[Sun May 17 00:56:03.553098 2026] [mpm_winnt:notice] [pid 12368:tid 352] AH00430: Parent: Child process 4624 exited successfully.
[Sun May 17 00:56:17.168104 2026] [mpm_winnt:notice] [pid 5700:tid 360] AH00455: Apache/2.4.62 (Win64) OpenSSL/3.0.15 PHP/8.3.26 configured -- resuming normal operations
[Sun May 17 00:56:17.169101 2026] [mpm_winnt:notice] [pid 5700:tid 360] AH00456: Apache Lounge VS17 Server built: Sep  4 2024 10:31:52
[Sun May 17 00:56:17.169101 2026] [core:notice] [pid 5700:tid 360] AH00094: Command line: 'C:\\laragon\\bin\\apache\\httpd-2.4.62-240904-win64-VS17\\bin\\httpd -d C:/laragon/bin/apache/httpd-2.4.62-240904-win64-VS17'
[Sun May 17 00:56:17.181099 2026] [mpm_winnt:notice] [pid 5700:tid 360] AH00418: Parent: Created child process 15440
Apache server interrupted...
026] [mpm_winnt:notice] [pid 15440:tid 352] AH00354: Child: Starting 64 worker threads.
[Sun May 17 01:01:48.158844 2026] [mpm_winnt:notice] [pid 5700:tid 360] AH00422: Parent: Received shutdown signal -- Shutting down the server.
Apache server interrupted...
Apache server interrupted...
[Sun May 17 01:01:50.178118 2026] [mpm_winnt:notice] [pid 15440:tid 352] AH00364: Child: All worker threads have exited.
[Sun May 17 01:01:50.229421 2026] [mpm_winnt:notice] [pid 5700:tid 360] AH00430: Parent: Child process 15440 exited successfully.
[Sun May 17 01:02:01.326156 2026] [mpm_winnt:notice] [pid 15100:tid 356] AH00455: Apache/2.4.62 (Win64) OpenSSL/3.0.15 PHP/8.3.26 configured -- resuming normal operations
[Sun May 17 01:02:01.327151 2026] [mpm_winnt:notice] [pid 15100:tid 356] AH00456: Apache Lounge VS17 Server built: Sep  4 2024 10:31:52
[Sun May 17 01:02:01.327151 2026] [core:notice] [pid 15100:tid 356] AH00094: Command line: 'C:\\laragon\\bin\\apache\\httpd-2.4.62-240904-win64-VS17\\bin\\httpd -d C:/laragon/bin/apache/httpd-2.4.62-240904-win64-VS17'
[Sun May 17 01:02:01.339149 2026] [mpm_winnt:notice] [pid 15100:tid 356] AH00418: Parent: Created child process 17736
Apache server interrupted...
026] [mpm_winnt:notice] [pid 17736:tid 352] AH00354: Child: Starting 64 worker threads.
[Sun May 17 01:02:06.069520 2026] [core:error] [pid 17736:tid 1220] [client 10.154.185.242:9819] AH00124: Request exceeded the limit of 10 internal redirects due to probable configuration error. Use 'LimitInternalRecursion' to increase the limit if necessary. Use 'LogLevel debug' to get a backtrace.
[Sun May 17 01:11:45.373262 2026] [mpm_winnt:notice] [pid 15100:tid 356] AH00422: Parent: Received shutdown signal -- Shutting down the server.
Apache server interrupted...
Apache server interrupted...
[Sun May 17 01:11:47.400397 2026] [mpm_winnt:notice] [pid 17736:tid 352] AH00364: Child: All worker threads have exited.
[Sun May 17 01:11:47.480361 2026] [mpm_winnt:notice] [pid 15100:tid 356] AH00430: Parent: Child process 17736 exited successfully.
[Sun May 17 01:12:10.944583 2026] [mpm_winnt:notice] [pid 15748:tid 356] AH00455: Apache/2.4.62 (Win64) OpenSSL/3.0.15 PHP/8.3.26 configured -- resuming normal operations
[Sun May 17 01:12:10.947587 2026] [mpm_winnt:notice] [pid 15748:tid 356] AH00456: Apache Lounge VS17 Server built: Sep  4 2024 10:31:52
[Sun May 17 01:12:10.947587 2026] [core:notice] [pid 15748:tid 356] AH00094: Command line: 'C:\\laragon\\bin\\apache\\httpd-2.4.62-240904-win64-VS17\\bin\\httpd -d C:/laragon/bin/apache/httpd-2.4.62-240904-win64-VS17'
[Sun May 17 01:12:11.009128 2026] [mpm_winnt:notice] [pid 15748:tid 356] AH00418: Parent: Created child process 8012
Apache server interrupted...
026] [mpm_winnt:notice] [pid 8012:tid 348] AH00354: Child: Starting 64 worker threads.
[Sun May 17 01:20:54.056315 2026] [mpm_winnt:notice] [pid 15748:tid 356] AH00422: Parent: Received shutdown signal -- Shutting down the server.
Apache server interrupted...
Apache server interrupted...
Apache server interrupted...
Apache server interrupted...
Apache server interrupted...
Apache server interrupted...
Apache server interrupted...
[Sun May 17 01:21:02.108488 2026] [mpm_winnt:notice] [pid 15748:tid 356] AH00430: Parent: Child process 8012 exited successfully.
[Sun May 17 01:21:09.530797 2026] [mpm_winnt:notice] [pid 1760:tid 348] AH00455: Apache/2.4.62 (Win64) OpenSSL/3.0.15 PHP/8.3.26 configured -- resuming normal operations
[Sun May 17 01:21:09.530797 2026] [mpm_winnt:notice] [pid 1760:tid 348] AH00456: Apache Lounge VS17 Server built: Sep  4 2024 10:31:52
[Sun May 17 01:21:09.530797 2026] [core:notice] [pid 1760:tid 348] AH00094: Command line: 'C:\\laragon\\bin\\apache\\httpd-2.4.62-240904-win64-VS17\\bin\\httpd -d C:/laragon/bin/apache/httpd-2.4.62-240904-win64-VS17'
[Sun May 17 01:21:09.542839 2026] [mpm_winnt:notice] [pid 1760:tid 348] AH00418: Parent: Created child process 15356
Apache server interrupted...
026] [mpm_winnt:notice] [pid 15356:tid 348] AH00354: Child: Starting 64 worker threads.
[Sun May 17 19:14:49.524607 2026] [mpm_winnt:notice] [pid 1760:tid 348] AH00422: Parent: Received shutdown signal -- Shutting down the server.
Apache server interrupted...
Apache server interrupted...
Apache server interrupted...
Apache server interrupted...
Apache server interrupted...
Apache server interrupted...
Apache server interrupted...
[Sun May 17 19:15:19.693827 2026] [mpm_winnt:notice] [pid 1760:tid 348] AH00431: Parent: Forcing termination of child process 15356
[Sun May 17 19:42:15.664307 2026] [mpm_winnt:notice] [pid 16188:tid 352] AH00455: Apache/2.4.62 (Win64) OpenSSL/3.0.15 PHP/8.3.26 configured -- resuming normal operations
[Sun May 17 19:42:15.667311 2026] [mpm_winnt:notice] [pid 16188:tid 352] AH00456: Apache Lounge VS17 Server built: Sep  4 2024 10:31:52
[Sun May 17 19:42:15.667311 2026] [core:notice] [pid 16188:tid 352] AH00094: Command line: 'C:\\laragon\\bin\\apache\\httpd-2.4.62-240904-win64-VS17\\bin\\httpd -d C:/laragon/bin/apache/httpd-2.4.62-240904-win64-VS17'
[Sun May 17 19:42:15.951262 2026] [mpm_winnt:notice] [pid 16188:tid 352] AH00418: Parent: Created child process 1604
Apache server interrupted...
026] [mpm_winnt:notice] [pid 1604:tid 348] AH00354: Child: Starting 64 worker threads.
[Sun May 17 20:09:10.531375 2026] [mpm_winnt:notice] [pid 16188:tid 352] AH00422: Parent: Received shutdown signal -- Shutting down the server.
Apache server interrupted...
Apache server interrupted...
1604:tid 348] AH00364: Child: All worker threads have exited.
[Sun May 17 20:09:40.771920 2026] [mpm_winnt:notice] [pid 16188:tid 352] AH00431: Parent: Forcing termination of child process 1604
[Sun May 17 20:11:29.055261 2026] [mpm_winnt:notice] [pid 8672:tid 352] AH00455: Apache/2.4.62 (Win64) OpenSSL/3.0.15 PHP/8.3.26 configured -- resuming normal operations
[Sun May 17 20:11:29.055261 2026] [mpm_winnt:notice] [pid 8672:tid 352] AH00456: Apache Lounge VS17 Server built: Sep  4 2024 10:31:52
[Sun May 17 20:11:29.055261 2026] [core:notice] [pid 8672:tid 352] AH00094: Command line: 'C:\\laragon\\bin\\apache\\httpd-2.4.62-240904-win64-VS17\\bin\\httpd -d C:/laragon/bin/apache/httpd-2.4.62-240904-win64-VS17'
[Sun May 17 20:11:29.140478 2026] [mpm_winnt:notice] [pid 8672:tid 352] AH00418: Parent: Created child process 1632
Apache server interrupted...
026] [mpm_winnt:notice] [pid 1632:tid 364] AH00354: Child: Starting 64 worker threads.
[Mon May 18 19:12:37.608106 2026] [mpm_winnt:notice] [pid 8672:tid 352] AH00422: Parent: Received shutdown signal -- Shutting down the server.
Apache server interrupted...
Apache server interrupted...
Apache server interrupted...
Apache server interrupted...
Apache server interrupted...
Apache server interrupted...
Apache server interrupted...
Apache server interrupted...
Apache server interrupted...
[Mon May 18 19:12:57.830468 2026] [mpm_winnt:notice] [pid 8672:tid 352] AH00430: Parent: Child process 1632 exited successfully.
[Mon May 18 19:16:18.540991 2026] [mpm_winnt:notice] [pid 13068:tid 352] AH00455: Apache/2.4.62 (Win64) OpenSSL/3.0.15 PHP/8.3.26 configured -- resuming normal operations
[Mon May 18 19:16:18.565304 2026] [mpm_winnt:notice] [pid 13068:tid 352] AH00456: Apache Lounge VS17 Server built: Sep  4 2024 10:31:52
[Mon May 18 19:16:18.565304 2026] [core:notice] [pid 13068:tid 352] AH00094: Command line: 'C:\\laragon\\bin\\apache\\httpd-2.4.62-240904-win64-VS17\\bin\\httpd -d C:/laragon/bin/apache/httpd-2.4.62-240904-win64-VS17'
[Mon May 18 19:16:18.573358 2026] [mpm_winnt:notice] [pid 13068:tid 352] AH00418: Parent: Created child process 12588
Apache server interrupted...
026] [mpm_winnt:notice] [pid 12588:tid 356] AH00354: Child: Starting 64 worker threads.
[Mon May 18 21:07:45.346988 2026] [mpm_winnt:notice] [pid 13068:tid 352] AH00422: Parent: Received shutdown signal -- Shutting down the server.
Apache server interrupted...
Apache server interrupted...
Apache server interrupted...
Apache server interrupted...
Apache server interrupted...
Apache server interrupted...
Apache server interrupted...
Apache server interrupted...
Apache server interrupted...
Apache server interrupted...
[Mon May 18 21:08:00.044544 2026] [mpm_winnt:notice] [pid 13068:tid 352] AH00430: Parent: Child process 12588 exited successfully.
[Mon May 18 21:14:55.894516 2026] [mpm_winnt:notice] [pid 16752:tid 352] AH00455: Apache/2.4.62 (Win64) OpenSSL/3.0.15 PHP/8.3.26 configured -- resuming normal operations
[Mon May 18 21:14:55.895518 2026] [mpm_winnt:notice] [pid 16752:tid 352] AH00456: Apache Lounge VS17 Server built: Sep  4 2024 10:31:52
[Mon May 18 21:14:55.895518 2026] [core:notice] [pid 16752:tid 352] AH00094: Command line: 'C:\\laragon\\bin\\apache\\httpd-2.4.62-240904-win64-VS17\\bin\\httpd -d C:/laragon/bin/apache/httpd-2.4.62-240904-win64-VS17'
[Mon May 18 21:14:55.913514 2026] [mpm_winnt:notice] [pid 16752:tid 352] AH00418: Parent: Created child process 3100
Apache server interrupted...
026] [mpm_winnt:notice] [pid 3100:tid 348] AH00354: Child: Starting 64 worker threads.
[Tue May 19 17:53:12.318960 2026] [mpm_winnt:notice] [pid 16752:tid 352] AH00422: Parent: Received shutdown signal -- Shutting down the server.
Apache server interrupted...
Apache server interrupted...
Apache server interrupted...
Apache server interrupted...
Apache server interrupted...
Apache server interrupted...
Apache server interrupted...
[Tue May 19 17:53:21.817602 2026] [mpm_winnt:notice] [pid 16752:tid 352] AH00430: Parent: Child process 3100 exited successfully.
[Thu May 21 09:47:26.587393 2026] [mpm_winnt:notice] [pid 10680:tid 372] AH00455: Apache/2.4.62 (Win64) OpenSSL/3.0.15 PHP/8.3.26 configured -- resuming normal operations
[Thu May 21 09:47:26.589978 2026] [mpm_winnt:notice] [pid 10680:tid 372] AH00456: Apache Lounge VS17 Server built: Sep  4 2024 10:31:52
[Thu May 21 09:47:26.589978 2026] [core:notice] [pid 10680:tid 372] AH00094: Command line: 'C:\\laragon\\bin\\apache\\httpd-2.4.62-240904-win64-VS17\\bin\\httpd -d C:/laragon/bin/apache/httpd-2.4.62-240904-win64-VS17'
[Thu May 21 09:47:26.855978 2026] [mpm_winnt:notice] [pid 10680:tid 372] AH00418: Parent: Created child process 10060
[Thu May 21 09:47:57.476151 2026] [mpm_winnt:notice] [pid 10060:tid 352] AH00354: Child: Starting 64 worker threads.
[Sat May 23 21:43:41.330737 2026] [core:warn] [pid 21116:tid 360] AH00098: pid file C:/laragon/bin/apache/httpd-2.4.62-240904-win64-VS17/logs/httpd.pid overwritten -- Unclean shutdown of previous Apache run?
[Sat May 23 21:43:49.352781 2026] [mpm_winnt:notice] [pid 21116:tid 360] AH00455: Apache/2.4.62 (Win64) OpenSSL/3.0.15 PHP/8.3.26 configured -- resuming normal operations
[Sat May 23 21:43:49.352781 2026] [mpm_winnt:notice] [pid 21116:tid 360] AH00456: Apache Lounge VS17 Server built: Sep  4 2024 10:31:52
[Sat May 23 21:43:49.352781 2026] [core:notice] [pid 21116:tid 360] AH00094: Command line: 'C:\\laragon\\bin\\apache\\httpd-2.4.62-240904-win64-VS17\\bin\\httpd -d C:/laragon/bin/apache/httpd-2.4.62-240904-win64-VS17'
[Sat May 23 21:43:51.241942 2026] [mpm_winnt:notice] [pid 21116:tid 360] AH00418: Parent: Created child process 19036
[Sat May 23 21:44:15.332244 2026] [mpm_winnt:notice] [pid 19036:tid 348] AH00354: Child: Starting 64 worker threads.
[Sun May 24 13:05:53.714940 2026] [core:warn] [pid 19132:tid 356] AH00098: pid file C:/laragon/bin/apache/httpd-2.4.62-240904-win64-VS17/logs/httpd.pid overwritten -- Unclean shutdown of previous Apache run?
[Sun May 24 13:05:54.522298 2026] [mpm_winnt:notice] [pid 19132:tid 356] AH00455: Apache/2.4.62 (Win64) OpenSSL/3.0.15 PHP/8.3.26 configured -- resuming normal operations
[Sun May 24 13:05:54.522298 2026] [mpm_winnt:notice] [pid 19132:tid 356] AH00456: Apache Lounge VS17 Server built: Sep  4 2024 10:31:52
[Sun May 24 13:05:54.522298 2026] [core:notice] [pid 19132:tid 356] AH00094: Command line: 'C:\\laragon\\bin\\apache\\httpd-2.4.62-240904-win64-VS17\\bin\\httpd -d C:/laragon/bin/apache/httpd-2.4.62-240904-win64-VS17'
[Sun May 24 13:05:54.532284 2026] [mpm_winnt:notice] [pid 19132:tid 356] AH00418: Parent: Created child process 9372
Apache server interrupted...
026] [mpm_winnt:notice] [pid 9372:tid 352] AH00354: Child: Starting 64 worker threads.
[Tue May 26 08:05:14.978452 2026] [mpm_winnt:notice] [pid 19132:tid 356] AH00422: Parent: Received shutdown signal -- Shutting down the server.
Apache server interrupted...
Apache server interrupted...
Apache server interrupted...
Apache server interrupted...
Apache server interrupted...
Apache server interrupted...
Apache server interrupted...
Apache server interrupted...
Apache server interrupted...
Apache server interrupted...
Apache server interrupted...
Apache server interrupted...
[Tue May 26 08:05:32.917199 2026] [mpm_winnt:notice] [pid 19132:tid 356] AH00430: Parent: Child process 9372 exited successfully.
[Mon Jun 01 10:28:18.447605 2026] [mpm_winnt:notice] [pid 8672:tid 348] AH00455: Apache/2.4.62 (Win64) OpenSSL/3.0.15 PHP/8.3.26 configured -- resuming normal operations
[Mon Jun 01 10:28:18.448605 2026] [mpm_winnt:notice] [pid 8672:tid 348] AH00456: Apache Lounge VS17 Server built: Sep  4 2024 10:31:52
[Mon Jun 01 10:28:18.448605 2026] [core:notice] [pid 8672:tid 348] AH00094: Command line: 'C:\\laragon\\bin\\apache\\httpd-2.4.62-240904-win64-VS17\\bin\\httpd -d C:/laragon/bin/apache/httpd-2.4.62-240904-win64-VS17'
[Mon Jun 01 10:28:18.594942 2026] [mpm_winnt:notice] [pid 8672:tid 348] AH00418: Parent: Created child process 2024
Apache server interrupted...
026] [mpm_winnt:notice] [pid 2024:tid 364] AH00354: Child: Starting 64 worker threads.
[Tue Jun 02 22:05:32.535940 2026] [mpm_winnt:notice] [pid 8672:tid 348] AH00422: Parent: Received shutdown signal -- Shutting down the server.
Apache server interrupted...
[Tue Jun 02 22:05:34.591345 2026] [mpm_winnt:notice] [pid 2024:tid 364] AH00364: Child: All worker threads have exited.
[Tue Jun 02 22:05:34.977077 2026] [mpm_winnt:notice] [pid 8672:tid 348] AH00430: Parent: Child process 2024 exited successfully.
[Wed Jun 03 09:11:57.280354 2026] [mpm_winnt:notice] [pid 3112:tid 348] AH00455: Apache/2.4.62 (Win64) OpenSSL/3.0.15 PHP/8.3.26 configured -- resuming normal operations
[Wed Jun 03 09:11:57.300356 2026] [mpm_winnt:notice] [pid 3112:tid 348] AH00456: Apache Lounge VS17 Server built: Sep  4 2024 10:31:52
[Wed Jun 03 09:11:57.300356 2026] [core:notice] [pid 3112:tid 348] AH00094: Command line: 'C:\\laragon\\bin\\apache\\httpd-2.4.62-240904-win64-VS17\\bin\\httpd -d C:/laragon/bin/apache/httpd-2.4.62-240904-win64-VS17'
[Wed Jun 03 09:11:57.350357 2026] [mpm_winnt:notice] [pid 3112:tid 348] AH00418: Parent: Created child process 20556
Apache server interrupted...
026] [mpm_winnt:notice] [pid 20556:tid 344] AH00354: Child: Starting 64 worker threads.
[Wed Jun 03 10:32:23.525140 2026] [mpm_winnt:notice] [pid 3112:tid 348] AH00422: Parent: Received shutdown signal -- Shutting down the server.
Apache server interrupted...
Apache server interrupted...
Apache server interrupted...
Apache server interrupted...
20556:tid 344] AH00364: Child: All worker threads have exited.
[Wed Jun 03 10:32:28.172733 2026] [mpm_winnt:notice] [pid 3112:tid 348] AH00430: Parent: Child process 20556 exited successfully.
[Thu Jul 09 01:25:07.194565 2026] [mpm_winnt:notice] [pid 5884:tid 348] AH00455: Apache/2.4.62 (Win64) OpenSSL/3.0.15 PHP/8.3.26 configured -- resuming normal operations
[Thu Jul 09 01:25:07.218236 2026] [mpm_winnt:notice] [pid 5884:tid 348] AH00456: Apache Lounge VS17 Server built: Sep  4 2024 10:31:52
[Thu Jul 09 01:25:07.218236 2026] [core:notice] [pid 5884:tid 348] AH00094: Command line: 'C:\\laragon\\bin\\apache\\httpd-2.4.62-240904-win64-VS17\\bin\\httpd -d C:/laragon/bin/apache/httpd-2.4.62-240904-win64-VS17'
[Thu Jul 09 01:25:07.313240 2026] [mpm_winnt:notice] [pid 5884:tid 348] AH00418: Parent: Created child process 4380
Apache server interrupted...
026] [mpm_winnt:notice] [pid 4380:tid 344] AH00354: Child: Starting 64 worker threads.
[Thu Jul 09 12:22:18.921922 2026] [mpm_winnt:notice] [pid 5884:tid 348] AH00422: Parent: Received shutdown signal -- Shutting down the server.
Apache server interrupted...
Apache server interrupted...
Apache server interrupted...
Apache server interrupted...
4380:tid 344] AH00364: Child: All worker threads have exited.
[Thu Jul 09 12:22:29.096363 2026] [mpm_winnt:notice] [pid 5884:tid 348] AH00430: Parent: Child process 4380 exited successfully.
[Sun Jul 12 05:02:33.382281 2026] [mpm_winnt:notice] [pid 7932:tid 356] AH00455: Apache/2.4.62 (Win64) OpenSSL/3.0.15 PHP/8.3.26 configured -- resuming normal operations
[Sun Jul 12 05:02:33.383284 2026] [mpm_winnt:notice] [pid 7932:tid 356] AH00456: Apache Lounge VS17 Server built: Sep  4 2024 10:31:52
[Sun Jul 12 05:02:33.383284 2026] [core:notice] [pid 7932:tid 356] AH00094: Command line: 'C:\\laragon\\bin\\apache\\httpd-2.4.62-240904-win64-VS17\\bin\\httpd -d C:/laragon/bin/apache/httpd-2.4.62-240904-win64-VS17'
[Sun Jul 12 05:02:33.410280 2026] [mpm_winnt:notice] [pid 7932:tid 356] AH00418: Parent: Created child process 16168
Apache server interrupted...
026] [mpm_winnt:notice] [pid 16168:tid 344] AH00354: Child: Starting 64 worker threads.
[Sun Jul 12 05:25:29.522853 2026] [mpm_winnt:notice] [pid 7932:tid 356] AH00422: Parent: Received shutdown signal -- Shutting down the server.
Apache server interrupted...
Apache server interrupted...
026] [mpm_winnt:notice] [pid 16168:tid 344] AH00364: Child: All worker threads have exited.
[Sun Jul 12 05:25:32.284997 2026] [mpm_winnt:notice] [pid 7932:tid 356] AH00430: Parent: Child process 16168 exited successfully.
[Mon Jul 13 03:50:45.939795 2026] [mpm_winnt:notice] [pid 7228:tid 348] AH00455: Apache/2.4.62 (Win64) OpenSSL/3.0.15 PHP/8.3.26 configured -- resuming normal operations
[Mon Jul 13 03:50:45.971809 2026] [mpm_winnt:notice] [pid 7228:tid 348] AH00456: Apache Lounge VS17 Server built: Sep  4 2024 10:31:52
[Mon Jul 13 03:50:45.971809 2026] [core:notice] [pid 7228:tid 348] AH00094: Command line: 'C:\\laragon\\bin\\apache\\httpd-2.4.62-240904-win64-VS17\\bin\\httpd -d C:/laragon/bin/apache/httpd-2.4.62-240904-win64-VS17'
[Mon Jul 13 03:50:47.351348 2026] [mpm_winnt:notice] [pid 7228:tid 348] AH00418: Parent: Created child process 19384
Apache server interrupted...
026] [mpm_winnt:notice] [pid 19384:tid 344] AH00354: Child: Starting 64 worker threads.
[Mon Jul 13 07:57:18.411213 2026] [mpm_winnt:notice] [pid 7228:tid 348] AH00422: Parent: Received shutdown signal -- Shutting down the server.
Apache server interrupted...
Apache server interrupted...
Apache server interrupted...
Apache server interrupted...
Apache server interrupted...
: All worker threads have exited.
[Mon Jul 13 07:57:28.176363 2026] [mpm_winnt:notice] [pid 7228:tid 348] AH00430: Parent: Child process 19384 exited successfully.
[Mon Jul 13 11:18:48.215215 2026] [mpm_winnt:notice] [pid 5452:tid 344] AH00455: Apache/2.4.62 (Win64) OpenSSL/3.0.15 PHP/8.3.26 configured -- resuming normal operations
[Mon Jul 13 11:18:48.216236 2026] [mpm_winnt:notice] [pid 5452:tid 344] AH00456: Apache Lounge VS17 Server built: Sep  4 2024 10:31:52
[Mon Jul 13 11:18:48.216236 2026] [core:notice] [pid 5452:tid 344] AH00094: Command line: 'C:\\laragon\\bin\\apache\\httpd-2.4.62-240904-win64-VS17\\bin\\httpd -d C:/laragon/bin/apache/httpd-2.4.62-240904-win64-VS17'
[Mon Jul 13 11:18:48.234377 2026] [mpm_winnt:notice] [pid 5452:tid 344] AH00418: Parent: Created child process 9616
[Mon Jul 13 11:18:54.850973 2026] [mpm_winnt:notice] [pid 9616:tid 344] AH00354: Child: Starting 64 worker threads.
[Sat Jul 18 03:01:39.406921 2026] [core:warn] [pid 16764:tid 348] AH00098: pid file C:/laragon/bin/apache/httpd-2.4.62-240904-win64-VS17/logs/httpd.pid overwritten -- Unclean shutdown of previous Apache run?
[Sat Jul 18 03:01:40.141503 2026] [mpm_winnt:notice] [pid 16764:tid 348] AH00455: Apache/2.4.62 (Win64) OpenSSL/3.0.15 PHP/8.3.26 configured -- resuming normal operations
[Sat Jul 18 03:01:40.141503 2026] [mpm_winnt:notice] [pid 16764:tid 348] AH00456: Apache Lounge VS17 Server built: Sep  4 2024 10:31:52
[Sat Jul 18 03:01:40.141503 2026] [core:notice] [pid 16764:tid 348] AH00094: Command line: 'C:\\laragon\\bin\\apache\\httpd-2.4.62-240904-win64-VS17\\bin\\httpd -d C:/laragon/bin/apache/httpd-2.4.62-240904-win64-VS17'
[Sat Jul 18 03:01:40.155503 2026] [mpm_winnt:notice] [pid 16764:tid 348] AH00418: Parent: Created child process 3464
Apache server interrupted...
026] [mpm_winnt:notice] [pid 3464:tid 344] AH00354: Child: Starting 64 worker threads.
[Mon Jul 20 06:02:36.819986 2026] [mpm_winnt:notice] [pid 16764:tid 348] AH00422: Parent: Received shutdown signal -- Shutting down the server.
Apache server interrupted...
Apache server interrupted...
Apache server interrupted...
Apache server interrupted...
Apache server interrupted...
Apache server interrupted...
Apache server interrupted...
Apache server interrupted...
Apache server interrupted...
Apache server interrupted...
[Tue Jul 21 04:46:33.079358 2026] [core:warn] [pid 10636:tid 348] AH00098: pid file C:/laragon/bin/apache/httpd-2.4.62-240904-win64-VS17/logs/httpd.pid overwritten -- Unclean shutdown of previous Apache run?
[Tue Jul 21 04:46:35.057081 2026] [mpm_winnt:notice] [pid 10636:tid 348] AH00455: Apache/2.4.62 (Win64) OpenSSL/3.0.15 PHP/8.3.26 configured -- resuming normal operations
[Tue Jul 21 04:46:35.057081 2026] [mpm_winnt:notice] [pid 10636:tid 348] AH00456: Apache Lounge VS17 Server built: Sep  4 2024 10:31:52
[Tue Jul 21 04:46:35.057081 2026] [core:notice] [pid 10636:tid 348] AH00094: Command line: 'C:\\laragon\\bin\\apache\\httpd-2.4.62-240904-win64-VS17\\bin\\httpd -d C:/laragon/bin/apache/httpd-2.4.62-240904-win64-VS17'
[Tue Jul 21 04:46:35.101079 2026] [mpm_winnt:notice] [pid 10636:tid 348] AH00418: Parent: Created child process 15052
[Tue Jul 21 04:46:37.250860 2026] [mpm_winnt:notice] [pid 15052:tid 344] AH00354: Child: Starting 64 worker threads.
[Fri Jul 24 14:46:12.658849 2026] [core:warn] [pid 1740:tid 376] AH00098: pid file C:/laragon/bin/apache/httpd-2.4.62-240904-win64-VS17/logs/httpd.pid overwritten -- Unclean shutdown of previous Apache run?
[Fri Jul 24 14:46:14.900857 2026] [mpm_winnt:notice] [pid 1740:tid 376] AH00455: Apache/2.4.62 (Win64) OpenSSL/3.0.15 PHP/8.3.26 configured -- resuming normal operations
[Fri Jul 24 14:46:14.900857 2026] [mpm_winnt:notice] [pid 1740:tid 376] AH00456: Apache Lounge VS17 Server built: Sep  4 2024 10:31:52
[Fri Jul 24 14:46:14.900857 2026] [core:notice] [pid 1740:tid 376] AH00094: Command line: 'C:\\laragon\\bin\\apache\\httpd-2.4.62-240904-win64-VS17\\bin\\httpd -d C:/laragon/bin/apache/httpd-2.4.62-240904-win64-VS17'
[Fri Jul 24 14:46:14.918377 2026] [mpm_winnt:notice] [pid 1740:tid 376] AH00418: Parent: Created child process 14780
[Fri Jul 24 14:49:25.763701 2026] [core:warn] [pid 10992:tid 348] AH00098: pid file C:/laragon/bin/apache/httpd-2.4.62-240904-win64-VS17/logs/httpd.pid overwritten -- Unclean shutdown of previous Apache run?
[Fri Jul 24 14:49:29.396542 2026] [mpm_winnt:notice] [pid 10992:tid 348] AH00455: Apache/2.4.62 (Win64) OpenSSL/3.0.15 PHP/8.3.26 configured -- resuming normal operations
[Fri Jul 24 14:49:29.396542 2026] [mpm_winnt:notice] [pid 10992:tid 348] AH00456: Apache Lounge VS17 Server built: Sep  4 2024 10:31:52
[Fri Jul 24 14:49:29.396542 2026] [core:notice] [pid 10992:tid 348] AH00094: Command line: 'C:\\laragon\\bin\\apache\\httpd-2.4.62-240904-win64-VS17\\bin\\httpd -d C:/laragon/bin/apache/httpd-2.4.62-240904-win64-VS17'
[Fri Jul 24 14:49:29.695809 2026] [mpm_winnt:notice] [pid 10992:tid 348] AH00418: Parent: Created child process 7104
Apache server interrupted...
026] [mpm_winnt:notice] [pid 7104:tid 344] AH00354: Child: Starting 64 worker threads.
[Fri Jul 24 15:52:34.839652 2026] [mpm_winnt:notice] [pid 10992:tid 348] AH00422: Parent: Received shutdown signal -- Shutting down the server.
Apache server interrupted...
Apache server interrupted...
Apache server interrupted...
Apache server interrupted...
Apache server interrupted...
Apache server interrupted...
[Fri Jul 24 15:52:47.828313 2026] [mpm_winnt:notice] [pid 10992:tid 348] AH00430: Parent: Child process 7104 exited successfully.
[Thu Jul 30 10:12:24.715162 2026] [mpm_winnt:notice] [pid 16556:tid 340] AH00455: Apache/2.4.62 (Win64) OpenSSL/3.0.15 PHP/8.3.26 configured -- resuming normal operations
[Thu Jul 30 10:12:24.718683 2026] [mpm_winnt:notice] [pid 16556:tid 340] AH00456: Apache Lounge VS17 Server built: Sep  4 2024 10:31:52
[Thu Jul 30 10:12:24.718683 2026] [core:notice] [pid 16556:tid 340] AH00094: Command line: 'C:\\laragon\\bin\\apache\\httpd-2.4.62-240904-win64-VS17\\bin\\httpd -d C:/laragon/bin/apache/httpd-2.4.62-240904-win64-VS17'
[Thu Jul 30 10:12:24.749293 2026] [mpm_winnt:notice] [pid 16556:tid 340] AH00418: Parent: Created child process 16840
[Thu Jul 30 10:12:30.093998 2026] [mpm_winnt:notice] [pid 16840:tid 344] AH00354: Child: Starting 64 worker threads.
[Tue Aug 11 14:47:09.552768 2026] [core:warn] [pid 20844:tid 340] AH00098: pid file C:/laragon/bin/apache/httpd-2.4.62-240904-win64-VS17/logs/httpd.pid overwritten -- Unclean shutdown of previous Apache run?
[Tue Aug 11 14:47:27.255396 2026] [mpm_winnt:notice] [pid 20844:tid 340] AH00455: Apache/2.4.62 (Win64) OpenSSL/3.0.15 PHP/8.3.26 configured -- resuming normal operations
[Tue Aug 11 14:47:27.255396 2026] [mpm_winnt:notice] [pid 20844:tid 340] AH00456: Apache Lounge VS17 Server built: Sep  4 2024 10:31:52
[Tue Aug 11 14:47:27.255396 2026] [core:notice] [pid 20844:tid 340] AH00094: Command line: 'C:\\laragon\\bin\\apache\\httpd-2.4.62-240904-win64-VS17\\bin\\httpd -d C:/laragon/bin/apache/httpd-2.4.62-240904-win64-VS17'
[Tue Aug 11 14:47:27.292136 2026] [mpm_winnt:notice] [pid 20844:tid 340] AH00418: Parent: Created child process 16808
[Tue Aug 11 14:47:58.497733 2026] [mpm_winnt:notice] [pid 16808:tid 344] AH00354: Child: Starting 64 worker threads.
[Fri Aug 14 09:20:20.158754 2026] [core:warn] [pid 12268:tid 352] AH00098: pid file C:/laragon/bin/apache/httpd-2.4.62-240904-win64-VS17/logs/httpd.pid overwritten -- Unclean shutdown of previous Apache run?
[Fri Aug 14 09:20:20.762753 2026] [mpm_winnt:notice] [pid 12268:tid 352] AH00455: Apache/2.4.62 (Win64) OpenSSL/3.0.15 PHP/8.3.26 configured -- resuming normal operations
[Fri Aug 14 09:20:20.762753 2026] [mpm_winnt:notice] [pid 12268:tid 352] AH00456: Apache Lounge VS17 Server built: Sep  4 2024 10:31:52
[Fri Aug 14 09:20:20.762753 2026] [core:notice] [pid 12268:tid 352] AH00094: Command line: 'C:\\laragon\\bin\\apache\\httpd-2.4.62-240904-win64-VS17\\bin\\httpd -d C:/laragon/bin/apache/httpd-2.4.62-240904-win64-VS17'
[Fri Aug 14 09:20:20.785755 2026] [mpm_winnt:notice] [pid 12268:tid 352] AH00418: Parent: Created child process 5660
[Fri Aug 14 09:20:42.690923 2026] [mpm_winnt:notice] [pid 5660:tid 344] AH00354: Child: Starting 64 worker threads.
[Fri Aug 14 10:54:05.862491 2026] [core:warn] [pid 13024:tid 348] AH00098: pid file C:/laragon/bin/apache/httpd-2.4.62-240904-win64-VS17/logs/httpd.pid overwritten -- Unclean shutdown of previous Apache run?
[Fri Aug 14 10:54:06.553752 2026] [mpm_winnt:notice] [pid 13024:tid 348] AH00455: Apache/2.4.62 (Win64) OpenSSL/3.0.15 PHP/8.3.26 configured -- resuming normal operations
[Fri Aug 14 10:54:06.553752 2026] [mpm_winnt:notice] [pid 13024:tid 348] AH00456: Apache Lounge VS17 Server built: Sep  4 2024 10:31:52
[Fri Aug 14 10:54:06.553752 2026] [core:notice] [pid 13024:tid 348] AH00094: Command line: 'C:\\laragon\\bin\\apache\\httpd-2.4.62-240904-win64-VS17\\bin\\httpd -d C:/laragon/bin/apache/httpd-2.4.62-240904-win64-VS17'
[Fri Aug 14 10:54:06.568823 2026] [mpm_winnt:notice] [pid 13024:tid 348] AH00418: Parent: Created child process 6932
[Fri Aug 14 10:54:18.114340 2026] [mpm_winnt:notice] [pid 6932:tid 348] AH00354: Child: Starting 64 worker threads.
[Fri Aug 14 11:51:14.231675 2026] [core:warn] [pid 14232:tid 348] AH00098: pid file C:/laragon/bin/apache/httpd-2.4.62-240904-win64-VS17/logs/httpd.pid overwritten -- Unclean shutdown of previous Apache run?
[Fri Aug 14 11:51:14.911961 2026] [mpm_winnt:notice] [pid 14232:tid 348] AH00455: Apache/2.4.62 (Win64) OpenSSL/3.0.15 PHP/8.3.26 configured -- resuming normal operations
[Fri Aug 14 11:51:14.911961 2026] [mpm_winnt:notice] [pid 14232:tid 348] AH00456: Apache Lounge VS17 Server built: Sep  4 2024 10:31:52
[Fri Aug 14 11:51:14.911961 2026] [core:notice] [pid 14232:tid 348] AH00094: Command line: 'C:\\laragon\\bin\\apache\\httpd-2.4.62-240904-win64-VS17\\bin\\httpd -d C:/laragon/bin/apache/httpd-2.4.62-240904-win64-VS17'
[Fri Aug 14 11:51:14.992941 2026] [mpm_winnt:notice] [pid 14232:tid 348] AH00418: Parent: Created child process 3080
Apache server interrupted...
026] [mpm_winnt:notice] [pid 3080:tid 344] AH00354: Child: Starting 64 worker threads.
[Fri Aug 14 17:02:09.199851 2026] [mpm_winnt:notice] [pid 14232:tid 348] AH00422: Parent: Received shutdown signal -- Shutting down the server.
Apache server interrupted...
Apache server interrupted...
Apache server interrupted...
Apache server interrupted...
Apache server interrupted...
Apache server interrupted...
Apache server interrupted...
Apache server interrupted...
Apache server interrupted...
[Fri Aug 14 17:02:39.293692 2026] [mpm_winnt:notice] [pid 14232:tid 348] AH00431: Parent: Forcing termination of child process 3080
[Fri Aug 14 17:03:19.910720 2026] [mpm_winnt:notice] [pid 14060:tid 348] AH00455: Apache/2.4.62 (Win64) OpenSSL/3.0.15 PHP/8.3.26 configured -- resuming normal operations
[Fri Aug 14 17:03:19.924722 2026] [mpm_winnt:notice] [pid 14060:tid 348] AH00456: Apache Lounge VS17 Server built: Sep  4 2024 10:31:52
[Fri Aug 14 17:03:19.924722 2026] [core:notice] [pid 14060:tid 348] AH00094: Command line: 'C:\\laragon\\bin\\apache\\httpd-2.4.62-240904-win64-VS17\\bin\\httpd -d C:/laragon/bin/apache/httpd-2.4.62-240904-win64-VS17'
[Fri Aug 14 17:03:19.947721 2026] [mpm_winnt:notice] [pid 14060:tid 348] AH00418: Parent: Created child process 3064
Apache server interrupted...
026] [mpm_winnt:notice] [pid 3064:tid 340] AH00354: Child: Starting 64 worker threads.
[Fri Aug 14 18:28:02.681154 2026] [mpm_winnt:notice] [pid 14060:tid 348] AH00422: Parent: Received shutdown signal -- Shutting down the server.
Apache server interrupted...
Apache server interrupted...
[Fri Aug 14 18:28:04.708413 2026] [mpm_winnt:notice] [pid 3064:tid 340] AH00364: Child: All worker threads have exited.
[Fri Aug 14 18:28:04.910373 2026] [mpm_winnt:notice] [pid 14060:tid 348] AH00430: Parent: Child process 3064 exited successfully.
[Sun Aug 16 23:38:29.289628 2026] [mpm_winnt:notice] [pid 15472:tid 348] AH00455: Apache/2.4.62 (Win64) OpenSSL/3.0.15 PHP/8.3.26 configured -- resuming normal operations
[Sun Aug 16 23:38:29.291650 2026] [mpm_winnt:notice] [pid 15472:tid 348] AH00456: Apache Lounge VS17 Server built: Sep  4 2024 10:31:52
[Sun Aug 16 23:38:29.291650 2026] [core:notice] [pid 15472:tid 348] AH00094: Command line: 'C:\\laragon\\bin\\apache\\httpd-2.4.62-240904-win64-VS17\\bin\\httpd -d C:/laragon/bin/apache/httpd-2.4.62-240904-win64-VS17'
[Sun Aug 16 23:38:29.309055 2026] [mpm_winnt:notice] [pid 15472:tid 348] AH00418: Parent: Created child process 14296
[Sun Aug 16 23:38:30.749832 2026] [mpm_winnt:notice] [pid 14296:tid 356] AH00354: Child: Starting 64 worker threads.
